swmm_node_id,max_water_depth_m
J_263386428,0.5939443304073245
J_306622120,0.018857207691636582
J_306621809,0.0008253898263043578
J_11533595484,0.00012440228588689702
J_263386438,0.0013972012328190714
J_7432382412,0.0006352236860045603
J_306615032,0.00032465379903131404
J_7432382410,0.416055537721121
J_263386445,0.0005708877719399589
J_7432382420,0.0011651786556841812
J_306623098,0.009952999388613548
J_263386457,0.0005041858153624435
J_306623631,0.0005692895994168576
J_836238509,0.00020171340538877768
J_306623149,0.0004265651286716299
J_263394718,0.04687137753817622
J_266268086,0.008394698337717775
J_263400205,0.0003533110580774657
J_11178931799,0.006782382605999767
J_263400148,0.001156397444285583
J_266271044,0.0031851173050093675
J_266271204,0.7216457357007516
J_650089427,0.01719779940850301
J_263400179,0.007826127952311718
J_10094586219,0.0006749831689602443
J_4467082413,0.001898894681706193
J_306620123,0.0003564909630475218
J_263400192,0.0006949077071946528
J_5267402564,0.00144520512573546
J_306620053,0.0005854720588540713
J_266275087,0.0004205500207358315
J_263415776,0.001620040072690695
J_263415826,0.15162440259842258
J_306620181,0.0003446245416901117
J_306620007,0.0012563170975174985
J_266271046,0.00042607593155647794
J_263415839,0.00082132191349721
J_306615019,0.07820530939122002
J_306615476,0.0007937140390680025
J_306615164,0.3379535912673634
J_263415852,0.0028978628561748044
J_266318626,0.0016373376907703908
J_306615014,0.00012718994313153044
J_306620859,0.001746495651388367
J_263431510,0.0005324979399174017
J_4146211264,0.001190421142001424
J_266310426,0.0007216574830391126
J_2406084997,0.0013485035164916565
J_266163778,0.003607499087957442
J_306617302,0.002534895393635658
J_7432382401,0.00038803377965827894
J_7432382395,0.010499087853425425
J_266164910,0.0014319435587680323
J_622363164,0.1315294916526971
J_306623347,0.1130892739644021
J_306623648,0.0015592503875112866
J_306626271,0.00611531135716261
J_266164941,0.40004233277274914
J_266318559,0.002653840738326427
J_11007435038,0.40004247119714154
J_266304400,0.0012091632735871242
J_266164942,0.0002853356651085664
J_266314035,0.0003198135834912249
J_266318994,0.0001993950126235947
J_266164948,0.0017900767605277272
J_2406084995,0.0008099010084087811
J_4146211262,0.0009705259965639661
J_4146211261,0.0011719536741475617
J_266174853,0.03310057115182379
J_266265561,0.00033373330190274414
J_306625695,0.0008008782081036123
J_306625759,0.012487120620390212
J_306626127,0.0003681077369834794
J_266174854,0.0010678782952769643
J_266298095,0.0002457836948852806
J_1417443647,0.0010342782247989494
J_1417443641,0.0008295112353294521
J_266174856,0.14411362269071723
J_1473871931,0.005687748356591091
J_1473871940,0.7033934009144793
J_266272487,0.0016775888522341596
J_266174857,0.00043595356268377885
J_313460308,0.00038370662286898126
J_1473885221,0.005477804948873147
J_266272874,0.07741885883856503
J_266177660,0.004672035112427377
J_2526081636,0.006660316889407942
J_6560240052,0.0037310303427136246
J_306616744,0.0015230721026469325
J_266268082,0.0013402203473883874
J_266267494,0.00026485466432695236
J_266267499,0.00022980205336892186
J_306624820,0.4426885118003113
J_266267666,0.08020758758492202
J_1469644202,0.005756662455883383
J_306625528,0.0019354031936986945
J_12174142491,0.00017628557626803525
J_306617429,0.0036337674026393173
J_266268084,0.0001566784044980912
J_306617477,0.0019812783683685617
J_266268085,0.0019285212856938927
J_306616740,0.001879230292225372
J_2407671508,0.0003941580368872283
J_266268374,0.00037078377129501236
J_306623673,0.00030876106994574544
J_10094529579,0.1638093541835833
J_266268375,0.0009781297796709412
J_306623367,0.0018059257138939634
J_306624975,0.0003459144545025963
J_266268377,0.0006398485073102153
J_306624796,0.0008855735557023407
J_5780852321,0.0010285300596305441
J_266268380,0.00018676540843462955
J_6884276690,0.509787533091202
J_306624839,0.09328534597650581
J_306620124,9.01591225411793e-05
J_306620177,0.22965709481202665
J_10094586221,0.003771066283770198
J_1488556180,0.00019240719672220105
J_266298088,0.0009870512052293624
J_266272838,0.024753845128101963
J_266272839,0.0032449087018355987
J_7432382393,0.03144695778265446
J_306609464,0.03279728504271721
J_266272840,0.0003490544360235056
J_306609693,0.0006075481367082723
J_306609695,0.0003044623280046115
J_266272841,0.001441239939379101
J_266272842,0.0023983177016077186
J_306610651,0.0011778533963785012
J_306614126,0.49856082345796504
J_266272843,0.18354281718546456
J_306619706,0.0005366736380432857
J_11259448972,0.00022832405609163374
J_306614127,0.00032827231884562124
J_306618090,0.0009429562217197408
J_3161269200,0.00039372665126592254
J_266273088,0.005886551525122188
J_1473871924,0.0016578030661930157
J_1473871945,0.006536402511866724
J_1488526913,0.004338727269508066
J_266273090,0.00013356862124165104
J_3096683821,0.009953514414384624
J_4377707444,0.0006101660248977115
J_4377707454,0.0003320192558060277
J_266273458,0.009167034398486653
J_6141732621,0.002485410075101085
J_266298086,0.0006332707625291404
J_266273460,0.0037277038773063094
J_7432244853,0.00238684557233495
J_266298084,0.0009985142812143687
J_266274986,0.0006528676143303231
J_266275089,0.0014342862853457356
J_10094586223,0.0013401424402509873
J_266275021,0.0005899822744855499
J_306615461,0.0004965447947160162
J_266275022,0.0016606568560186864
J_306615202,0.00061952314587884
J_266275023,0.1630633357163247
J_7432382418,0.16303537326412026
J_306623067,0.001818826271863988
J_306623066,0.0003640853398336963
J_266275088,0.0005814610106136846
J_306619953,0.14760909477036338
J_266275456,0.18253098243048327
J_6462301371,0.0019185083158585372
J_2388266844,0.00013185235055019872
J_11007254966,0.0010423611188410448
J_266275460,0.0015030561406563895
J_266275461,0.0006587453573252722
J_6196907479,0.00050965246172579
J_11431805314,0.0013961003178330213
J_10211111398,0.005742291328400033
J_4146211288,0.000543938815429743
J_266275462,0.0013312458252648434
J_5267402570,0.0015592360236068529
J_4146211268,0.00036707693021711013
J_4146211272,0.007054378187241118
J_266276707,0.00025795433141131226
J_266276753,0.0003005374830531007
J_6567395240,0.0010441926845985994
J_6143210301,0.00036237810429831543
J_266276754,0.0014670852469663633
J_306616974,0.000261532415871156
J_266276755,0.000343624883247693
J_306617098,0.15484443199281395
J_266276756,0.0010973854266457966
J_306617018,0.00020761974917603502
J_266298089,0.0009332164132755319
J_266300662,0.0007748149870802971
J_266298087,0.0010666549646904345
J_266298092,0.0008680480870246793
J_266300742,0.00015774889446356938
J_266298091,0.0002518047922633372
J_266298093,0.0006396127956160588
J_266300657,0.25550485802556494
J_6141732622,0.0004513394212700527
J_3304204552,0.06545623509286891
J_266300661,0.00034271200121581245
J_266300741,0.001509193876496025
J_11663109183,0.001788692648493596
J_266302974,0.0018670056980666096
J_2414639341,0.008058112922645352
J_266302978,0.0017366257338757719
J_5961754417,0.0034735947082296555
J_306614881,0.00035535048556583525
J_306614901,0.000532830092237907
J_7432283512,0.6889744086341988
J_266303004,0.0002977494385712698
J_266303953,0.07745911495231633
J_266303064,0.00048132696097301657
J_2414639342,0.006574204096068801
J_266304629,0.0006173420482747322
J_2385138309,0.03749373967059977
J_2414635984,0.00311456465279542
J_266303623,0.002040834475232298
J_306614842,0.000893913995803523
J_266303624,0.0008852990885277327
J_266303625,0.0007705123108289713
J_306614967,0.0011930558805932174
J_306614850,0.11898549800873659
J_266303626,0.001348398380684556
J_306614734,0.0006575527406309566
J_306617634,0.5354776937381972
J_266303627,0.21169819549834332
J_306617742,0.0002843237939010259
J_306617687,0.0005064606303227632
J_266303628,0.00042468491153249227
J_11007453622,0.0003827650523100536
J_266303629,0.011828766188277625
J_306617758,0.0003316570948086202
J_306617751,0.00046832508731135385
J_9189927178,0.0006085196734548178
J_6178041423,0.001104004351067894
J_306617686,0.004985501595417087
J_266303954,0.0006238497898045048
J_266303955,0.0019477587838910347
J_266304630,0.0016698516574844577
J_266303956,0.12423198571100096
J_266304631,0.002330517969068435
J_266304632,0.0024516040066447048
J_6132249479,0.12368196847710494
J_266304402,0.0008619590105815041
J_266313958,0.00042838227438777
J_306620508,0.0004273896825574041
J_266318288,0.0010097410317982415
J_308452451,0.0008095566449517877
J_308452454,0.0006586960727498576
J_5292923940,0.0013125629833100304
J_2407759902,0.00040721430222318255
J_2400167301,0.052752312599157
J_3298857091,0.0003906876532511132
J_306621180,0.13159052973192548
J_266310433,0.00027333206375233316
J_7432244872,0.0004499712567494282
J_266310437,0.14146989757046777
J_266310471,0.0005617822088263428
J_266310441,0.0009382470708264954
J_306620828,0.00023331880903547896
J_306620318,0.0017231240573783093
J_306620866,0.0023040503331164196
J_266310445,0.0011012207812511354
J_266318286,0.00025377666264702654
J_266318343,0.00026576482849141223
J_306620825,0.0005826021873703458
J_266313980,0.002231985026327372
J_266313984,0.000538332153437868
J_5292300571,0.06422727876497943
J_266313967,0.0006023773658643088
J_306616045,0.0003677174051117467
J_11245714088,0.0002585994205651079
J_266313975,0.0012159523013405536
J_306622080,0.0012646901556740764
J_306616029,0.0002194240193069969
J_10094504111,0.0006302943452906889
J_266318628,0.12361491871560944
J_266313990,0.0002493100998812239
J_266314020,0.0009132938170586542
J_266314026,0.002202253639200796
J_266314031,0.004474913333166252
J_266318996,0.0022463604659524157
J_266316218,0.005484553337350572
J_306622275,0.008742278315421861
J_306622887,0.0005521856596496478
J_306622206,0.001219454704907065
J_2406084993,0.006513613471162598
J_266318287,0.0016886346495146695
J_306620373,0.1217430942963793
J_9696939532,0.9676448066277687
J_266318344,0.0005658030834873192
J_306620803,0.0015720646310510452
J_266318345,0.0009414511774534152
J_306620799,0.0005224311318863936
J_306620763,0.000552895889256769
J_3298857093,0.0012642095020875292
J_266318627,0.0009687503996654249
J_306616044,0.0020220272994826206
J_306616092,0.0006190881394487473
J_10094504107,0.5677615292625652
J_10094504110,0.0017850848715453681
J_306608060,0.13284968410655607
J_6131903446,0.13282458834168104
J_1417443517,0.0002031028527361375
J_306608698,0.4729230383541941
J_2407745349,0.02221339336764918
J_306608898,0.0010268733230216999
J_306608699,0.12615661543566783
J_306613002,0.0009677387237345409
J_3287849054,0.006125010779629571
J_306608700,0.0009218094172774425
J_306609212,0.0005322713198516978
J_306612973,0.0008279292565630197
J_595766458,0.0004792376618833211
J_306609696,0.23133742431795914
J_306610173,0.00021137937225517881
J_306609958,0.0004465779110075116
J_306609759,0.028751736967317917
J_306612919,0.050750035344778524
J_306609760,0.00020457918690162458
J_306610572,0.0011775515350073752
J_306612931,0.0007974928920048099
J_306619696,0.06845441708944525
J_306612958,0.00016499752619640365
J_306610154,0.0024189915931120136
J_306612930,0.005142310842907164
J_306610155,0.0003317315838695171
J_306611495,0.000547747023577069
J_306610573,0.0004539492761119638
J_306610698,0.2837893068795803
J_11259448960,0.006846145234187155
J_306611194,0.006927408618441419
J_306611189,0.010530369091214685
J_306611195,0.005058196826787376
J_2619300330,0.0021329011110342504
J_306611382,0.0003246419033880995
J_306611892,0.0005637780839494017
J_306619117,0.009045601625216771
J_306611415,0.002697122558836462
J_1417443741,0.007858232155996852
J_306611644,0.32945035796170924
J_12249984864,0.00041248654409324127
J_595766589,0.0017942573447812203
J_306611516,0.0007716233002194252
J_306611889,0.001053401483942169
J_10081671362,0.00031740419949547214
J_306611517,0.00023683148833328243
J_306611552,0.0011173109639909054
J_306611796,0.10725690760526184
J_306612056,0.0005387423205683999
J_306611825,0.002159402621762842
J_306612124,0.012685417190777575
J_306611919,0.0004786288327703751
J_306611891,4.289954767354648e-05
J_6182617723,0.06800185020435087
J_306612586,0.06834697148312928
J_306619140,0.0005222146966764818
J_306612221,0.00013356953928302443
J_306612001,3.7632666818706685e-05
J_306611966,0.12664392210495057
J_1417443754,0.00022675851502764426
J_7478115610,0.12672821366702938
J_5267822911,0.00118991444623379
J_306612467,0.00013852245909930637
J_306612483,0.0004354140022526739
J_306612013,0.00045060567070142325
J_5267822917,0.00014513830250069981
J_5267822918,0.00034688656720550487
J_306612052,0.00048007138719668665
J_306612561,0.0002576126094179691
J_306612055,0.0006844740284054973
J_306612295,0.00105382212128509
J_306612267,0.09241325587076116
J_306612223,0.00044293342354568296
J_306612391,0.00021437182778509883
J_306612552,0.004053300015029014
J_3149523811,0.0005108216505614907
J_306612618,0.0003453893512113041
J_306613918,0.00016580452828094888
J_306612710,0.0011910079598871264
J_306613150,0.0038914223318399486
J_3221362717,0.07454559094673231
J_12249984863,0.2680685263958576
J_306612712,0.00035707713047633424
J_306613796,0.05949378593714794
J_306613207,0.004993417406599309
J_306612714,0.0007155352539577944
J_6529626686,0.3291259031439854
J_306612914,0.0020208374321490025
J_306613125,0.13476690577729064
J_3149523808,0.13490134527179776
J_9792476719,0.00020650308545661932
J_2450399427,0.0005868070186449236
J_3221362720,0.0004159695928512326
J_306619236,0.12362099759314094
J_306613322,0.0006468611596956427
J_306613711,0.00042686582878696767
J_306613706,0.0001333852370056944
J_11259448969,0.018862961495472348
J_6142327787,0.04138947394084408
J_306613917,0.0013357159125802224
J_306613955,0.011783041596521163
J_306618000,0.00035408978459357623
J_306618152,0.006600453959546414
J_306618047,0.004925684867820862
J_306614002,0.0002463198544066699
J_306614043,0.0008966155786584608
J_306618040,0.00024424462824333465
J_306618049,0.0014217981435789568
J_306618037,0.0016715388905560893
J_306614003,0.0002747404822284734
J_306618051,0.24313654784947378
J_747660349,0.0005815752721358464
J_306618038,0.0020224391945133087
J_306614045,0.03982468755602653
J_1473885459,0.0023364206676052125
J_13285069336,0.012910820359058927
J_306614125,0.0005912825832381241
J_306618319,0.0011703100558006067
J_1488556147,0.0012838103007862033
J_306618148,0.00025463895708429686
J_306618203,0.001785736119994166
J_306617982,0.00036847119484830084
J_306618031,0.18642169166121952
J_306614479,0.016711822306374198
J_306614480,0.011743658596635875
J_306614924,0.010997596423515372
J_306614481,0.1219214773314935
J_306617731,0.0024807616805020975
J_306614738,0.00045903630023067584
J_306614832,0.0007006870903285237
J_11982570362,0.009750845594906663
J_306614739,0.003479554776670596
J_6178041421,0.0005076996136972227
J_306617738,0.00027021302843033285
J_11982570360,0.017436747563418297
J_11476594000,0.00090758827876043
J_306620879,0.0013126913254349875
J_306619786,0.0010173154296768707
J_306615155,0.0004033150361294452
J_306615653,0.0010135566608423213
J_306615904,0.0005622587995515374
J_306615597,0.0006897182513078304
J_306615239,0.00031922944167393807
J_306615426,0.0008000099119901395
J_306615208,0.002203169435589573
J_306615608,0.4169430712745264
J_306615250,0.003204285073304837
J_306615227,0.0004944028626995406
J_3298878325,0.09181142474996688
J_7432382415,0.0004205185469935495
J_306615877,0.002382597093756133
J_306615629,0.0005245992001009199
J_10094586224,0.0016212591511586963
J_306615730,0.24501611685175653
J_306615643,0.0016846852145603437
J_306615937,0.0008281231125227247
J_306615876,0.0007368518374577468
J_306616007,0.001976981875473217
J_306623070,0.0002703093135197284
J_306616031,0.038015195751402074
J_5961715635,0.0016445323158350146
J_306622158,0.0005655529555879062
J_1054699489,0.27619601512549163
J_3298878307,0.00019443750770601595
J_306617262,0.0007500808791755689
J_11663109186,0.000515348085067229
J_12680448313,5.2386682218431185e-05
J_306617283,0.0037934950381147596
J_306617463,0.0024979876472090304
J_306617457,0.009478330901426168
J_12680448312,0.010236308771304048
J_306617440,0.003785618450637417
J_306617409,0.0014150797107670785
J_306617486,0.0009536420379466457
J_306617444,0.0001783246748431322
J_306617465,0.000925378089419318
J_9189927179,0.00031557441320824724
J_306617735,0.002307553830496464
J_306617745,0.0007841831737532924
J_306618011,0.13305336231544768
J_306618039,0.0009414773238610262
J_306618035,0.00022011731225252116
J_306618045,0.0004827759220648741
J_306618684,0.00019918389295265514
J_306619061,0.19247506716821866
J_306619043,0.00020325855103654528
J_306618864,0.07477831315316365
J_306618121,0.32441700006293567
J_306618913,0.00044506007286269775
J_2447849296,0.2431015690998547
J_306618053,0.02489295249266634
J_306619089,0.005026671099867365
J_306618845,0.0002951127499422333
J_306618089,0.0005899472476961006
J_12174120925,0.0007919786433873425
J_306619109,0.0016539480579851537
J_306618120,0.001115899840655632
J_306618091,0.0008461615001279265
J_6141578243,0.0003420217425252279
J_306618241,0.13702503888661866
J_306618149,0.0005884668981917386
J_306618227,0.00029650357916224235
J_306618131,0.15833902980121115
J_306618139,0.0008228831832114503
J_306619107,0.00122216786144155
J_306618624,0.00021886789726539575
J_306618151,0.12832766805063373
J_306618660,0.0003261589788310528
J_306618226,0.00260692025936832
J_306618421,0.00045692982302332214
J_306618244,0.0008586596045998429
J_306618228,0.0013606363792731065
J_7478115641,0.0005389629452570847
J_306618229,0.09305621105520533
J_306618243,0.00011996462259753642
J_306618242,0.007478113810449163
J_10081725595,3.052712535771884e-05
J_306618602,0.000787430890530012
J_306618400,0.0006103386660095347
J_306618516,0.0004257318546173713
J_306618755,0.0008195530635692554
J_306618704,0.000339004313836453
J_7478115630,0.00015562328259033817
J_313460477,0.12303956476311338
J_306618719,0.0026378993006835353
J_1417443578,0.0027135354020857085
J_306618743,0.0026676605641699183
J_306618811,0.012404501678794881
J_7478115636,0.07631013729093962
J_306618983,0.00029692818843086094
J_306618876,0.00032056212909746995
J_306618974,0.0012134959831299214
J_306618958,0.00034813869059438545
J_306619063,0.09257207283204329
J_7478115632,0.000229744824505224
J_306619067,0.0002786492714175615
J_306619097,0.001378277404157014
J_306619095,0.26005986074013576
J_8984867006,0.00021658880931098325
J_6180287627,9.89596224900669e-05
J_7478118969,0.26004131304869776
J_306619108,0.00035776535083190114
J_306619114,0.0007717224338606651
J_3161269203,0.000730202627023878
J_306619112,0.00015391454009214752
J_306619111,0.00048496128089913024
J_12174120924,0.26571231934407513
J_306619149,0.005973825884861796
J_6885082500,0.005230412576625173
J_306619138,0.00934978044113347
J_306619304,0.000324315274767491
J_306619251,0.0011098203886980434
J_10081671366,0.0040886847764420526
J_306619537,0.006888600808004741
J_306619290,0.19372240348449293
J_306619548,0.0008127178429149105
J_306619358,0.18418625525774882
J_306619613,0.0031332536479893288
J_306619459,0.0003593465716219992
J_6885082496,0.0005450580132747422
J_306619430,0.007901862795867659
J_306619660,0.0013724126357576797
J_5928014162,0.00040267776094295686
J_306619844,0.0001574843755466403
J_306619995,0.0007300349324313456
J_306619845,0.002219912859145003
J_306619847,0.3774064509806234
J_306620209,0.006995753612080122
J_306620777,0.0005201419741360578
J_306620753,0.0020615653079693063
J_306620173,0.0003017427844811048
J_306620148,0.000990923617599631
J_306620088,0.0007127028580603898
J_6887795923,0.00039980641631466276
J_595767079,0.0003177764771021611
J_306620210,0.001592001322072689
J_306620788,0.002865268302110931
J_306620795,0.0010926015857566876
J_2414639343,0.0038089615879951526
J_306620833,0.0005506940799579341
J_306620800,0.0007482009112168133
J_306620804,0.3373606855906515
J_306620826,0.0010987836232572174
J_306620870,0.00029214480028306707
J_306621104,0.0002445595753902084
J_2387017508,0.00014881512217080765
J_2447310407,0.33986460019160014
J_7432244856,0.11433603480108996
J_306621179,0.00030916286312521364
J_2388266816,0.0011822356848468017
J_13475843621,0.00039375146749931396
J_6196261543,0.0015905756388648476
J_7432244870,0.0008760544040261287
J_306621229,0.00077755927621204
J_306621778,0.1751567208469436
J_7432244863,0.00015036205047799762
J_306621270,0.003243126916096932
J_2387127863,0.18477896794703402
J_306621271,0.001429238652250364
J_5267402569,0.0004907235067252002
J_306621762,0.0008418697628600856
J_4146211280,0.0003145826995304089
J_306621654,0.04255860522269658
J_306621921,0.08664581493892266
J_306621760,0.0007197848784068298
J_4146211271,0.003463835608528417
J_306622059,0.003777317525532997
J_306622853,0.005963189209874313
J_306622844,0.001239295350128583
J_306622157,0.0002956564211301703
J_6505392518,0.0007686971893068778
J_306622943,0.0006467081552364856
J_306622953,0.0009224821535781166
J_306622244,0.0008542189651781243
J_306622782,0.000654774762989229
J_5267402571,0.00022788670692527256
J_306622845,0.0010341180863411537
J_306622934,0.00026061791143726647
J_306622967,0.00020438254724961004
J_306622884,0.00225372543796728
J_306622935,0.0034086021358544095
J_1054699509,0.00022447105966978467
J_306623034,0.001254639333427252
J_306622987,0.0004819055929128011
J_306623026,0.0008649553302127399
J_306622963,0.00040780490147147126
J_306622944,0.012091724380629951
J_306622973,0.0002886841191530127
J_1054699551,0.0016384592301379062
J_1054699537,0.16668298774564141
J_306622975,0.0031961088743153667
J_306623023,0.0011163675294488212
J_306623000,0.25517495491528985
J_836238547,0.001967767386896552
J_3549124825,0.00128179427316135
J_306623144,0.5731947606170283
J_3549124908,0.00954711009739376
J_306623127,0.1317142186721602
J_5267402561,0.0017246177947311866
J_7432244880,0.0005662452153975028
J_306623172,0.6665496588780764
J_306623288,0.0017878847853672296
J_306623366,0.0030705019937846295
J_306623545,0.0033789946881096033
J_7432244881,0.004004807954598705
J_306623250,0.00279733037366756
J_306623289,0.07960791620086015
J_6143210298,0.003926252788868714
J_6567395226,0.001485947334029171
J_306623252,0.0003166439605487194
J_306626269,0.0007242707394022717
J_6567395231,0.000669722320151336
J_306623346,0.6023996343686016
J_306623579,0.0023048229941836675
J_306623646,0.0007133552148966238
J_306623614,0.00106672236387259
J_306623368,0.0015821716022972865
J_306624836,0.1178498174147686
J_306623514,0.0002720027964700329
J_306623471,0.0007149452215641492
J_306623640,0.000979599952694321
J_10094529583,0.11175412309842082
J_306623540,0.0007239787269415891
J_836238514,0.0003011244674147094
J_306623632,0.0005179979910127006
J_306623633,0.1637945757157554
J_836238561,0.0004708010645207444
J_10094529584,0.00022328157092085677
J_306623642,0.0012505050072713323
J_6193921852,0.12875607318797969
J_6193921851,0.0017276203904166634
J_1468908333,0.0003204164270193869
J_306623783,0.0001708968391649457
J_4377707469,7.593855432318425e-05
J_2387012139,0.1897214667983874
J_1488526923,0.0012831807376097453
J_306625001,0.3074351329048021
J_306624987,0.00034585273480659145
J_306625124,0.000194197537267578
J_306624943,0.0010769187382976661
J_306624837,0.0014280138750485045
J_306624842,0.0009294022983429899
J_306624983,0.16533911774730006
J_306624999,0.0011395381450304617
J_306624988,0.00029444402321877444
J_7467099419,0.0003391689430058492
J_7467099418,0.0016879329295142447
J_306625194,0.0015504011114807383
J_306625286,0.0012796157918304033
J_306625203,0.0005306841531554194
J_306625106,0.00040208385200707884
J_306626042,0.0008228429095908295
J_306626118,0.0003328756795935892
J_306625656,0.0005088284078565023
J_622363166,0.0006658994027406646
J_306626245,0.0003340942687269071
J_306626120,0.0007702541764859844
J_306625687,0.11443499169986467
J_306626041,0.0001661813749405234
J_306626116,0.0004969657553506053
J_2414635985,0.0008301675497362371
J_306625812,0.0003835523841495021
J_306625696,0.0942532251370095
J_2414635986,0.00015979308649831505
J_306625946,0.00024426396824109677
J_306625751,0.0019816222157725666
J_10094529594,0.0034786916751774204
J_306625994,0.20933430467493513
J_306625818,0.00016700840021983062
J_306625861,0.0002287788724346543
J_6195583528,0.00031739448352208574
J_306625912,0.0011552907083128923
J_6195583527,0.001255930546983687
J_306625916,0.00025152930457246486
J_2414635979,0.0010334443468442678
J_6130692320,0.003919779581768761
J_306625919,0.0002665805699185387
J_2414635981,0.00031230328839453817
J_306625927,0.002091553285153308
J_306625980,0.0009750311064523756
J_2273437034,0.17848697005582867
J_10994556964,0.0012301208792921097
J_306626040,0.00014058630745960015
J_306626044,0.0008536901603920153
J_306626117,0.17870366923380865
J_622363165,0.0008224516424150458
J_6567395234,0.0011152474758835203
J_313460313,0.06656979928729527
J_1488556150,0.0015261172389952552
J_1473871929,0.00018350540908544899
J_10081725591,0.0001824508692116452
J_1488556131,0.0002533822558773646
J_313460396,0.11233019361400608
J_3161269199,0.0004047344194095916
J_3161268847,0.11258518634979779
J_313460398,0.00024638534739314274
J_3096683823,0.0005156992743837515
J_1473871961,0.0005777545904201724
J_5267835373,0.0023456812038963044
J_313460484,0.0007706281697488672
J_313460485,0.13980440906259775
J_1417443652,0.0008061394687103041
J_313460550,0.0019121131312328189
J_1417443629,0.13959008640548626
J_10081706680,0.00026379698734144667
J_6528148964,0.00047766454055178854
J_10081706678,0.0002532953068258267
J_313460551,0.0826200366522233
J_2450399408,0.0001833624783278578
J_2450399406,0.00014578742760285555
J_348036183,0.0003254665748024229
J_3149541717,0.8384206977083506
J_3149541720,0.12045347051825357
J_7327251302,0.0002423015321444544
J_417298245,0.32879474269288883
J_4918203529,0.00035847495835462267
J_1471714437,0.0016298728843643512
J_1481366487,0.008702229146417202
J_650140575,0.0003341235865780429
J_650141428,0.002186975839628781
J_2400167287,0.003076944338901285
J_650141087,0.00019039109007271422
J_650141020,0.010557368567679446
J_2385141385,0.008834980622221529
J_2387017507,0.007833892434629924
J_1653906408,0.0032084692159798536
J_747660340,0.004808273450182137
J_3235639712,7.415991037833418e-05
J_2389119100,0.0006678206056808696
J_747660344,0.0012158307505198123
J_3149523801,0.00020300343765771136
J_13152778980,0.16446212009337358
J_1417443691,0.00045976071421095126
J_2450399422,0.0007692060433129034
J_11259448973,0.00022113720471668853
J_3549123747,0.001299619980417285
J_836238551,0.026404150401031126
J_10001905133,0.000575256491368101
J_3549124910,0.18830842995964128
J_10001905132,0.0032853603872429068
J_836238553,0.002275441267737817
J_3549124811,0.0042875393978940605
J_3549123780,0.0006912358773069101
J_5267369428,0.002066615288480755
J_3549123729,0.0004399136320231817
J_5267369424,0.0003449836575620806
J_1278162234,0.0005950988169535436
J_1278162335,0.21150839485948442
J_10153868763,0.0005381194530571445
J_3158788597,0.11202666429736481
J_1278162239,0.0005203069890836184
J_10839366478,0.0005902775037239157
J_11385670152,0.2597718995273519
J_1278162252,0.0005741185649975921
J_3158788604,0.008535112990943018
J_1278162290,0.0017318666321541952
J_6454862032,0.00058694890503228
J_1278162256,0.000802362355952732
J_7432244834,0.0023692714899834415
J_1377861068,0.000765857915317055
J_1278162270,0.0006505009078272432
J_3149542145,0.3613740579295315
J_7432244840,0.0008167772360545687
J_3158788133,0.0011974891598206785
J_1278162293,0.0007805321872298811
J_1278162286,0.2378618800811215
J_3158788120,0.0011804834770574616
J_3149542147,0.00027992378031558305
J_11385626668,0.00150328542472747
J_6454862031,0.04181102377046842
J_3158788134,0.5376930156883104
J_1377861139,0.03440276850345383
J_1278162311,0.00038606131244401786
J_1278162357,0.001758170337508356
J_3158788574,0.0005303987028187556
J_3158788139,0.24213342880500646
J_13279121428,0.21150818116870634
J_13415110849,0.0046078790628901285
J_1377861052,0.0009680823384868398
J_1377861085,0.0015314874946813072
J_6531845899,0.42000349291099986
J_6142604397,0.004285650499794077
J_1377861055,0.0006639685586427672
J_10081671262,0.0006825590794141508
J_3149541686,0.0004197655015370358
J_3158788600,0.0009973324300590425
J_3158788633,0.06236140202792507
J_11012063564,0.009205268104055562
J_1377861070,0.12329632264486451
J_3761074302,0.0009509303857097248
J_1377861078,0.6097152426461052
J_1377861121,0.10466454162598526
J_3149541700,0.3492296800141177
J_1377861114,0.10774090769349902
J_2407764624,0.0010779314355301643
J_1377861103,0.0005469945654177473
J_13410465942,0.34847613194294363
J_2407764625,0.0005152748301675075
J_4582754028,0.00023320598605188733
J_1377861104,0.0004029029891959477
J_6518859305,0.003827611588439509
J_6518859320,0.008359562298632087
J_4918188102,0.00036760091814589123
J_1377861123,0.0014601168170818182
J_11387496338,0.003197996081964726
J_4415687414,0.0009661157052283315
J_2110371291,0.000323309471906865
J_1377861129,0.23207708194140786
J_3149541689,0.0020891722238989088
J_7478257546,0.0005574672821460265
J_3158788115,0.23208019836622223
J_3158788135,0.0016901397894344753
J_2406072874,0.034269845350650446
J_3158788624,0.0007684929384427758
J_1417443438,0.0001118162404106395
J_2057491159,0.07912751289604932
J_1488526915,0.02385129393576157
J_4377707475,0.02171060578194933
J_1417443496,0.0032804019161773506
J_5493854958,0.2996216550359884
J_1488526892,0.002257248781441438
J_1417443503,0.020608479790568422
J_7432244850,0.0001752854319699896
J_1488526889,0.020610890975883436
J_1488526909,0.4907217601022755
J_1417443508,0.15844283358139172
J_3161269164,0.00023435068032094723
J_3504342593,0.0030144886874562296
J_1417443542,0.0005836450640577431
J_1417443612,0.00020811017316684085
J_6528148952,0.0001648722933579254
J_10989273453,0.2156988431750893
J_1417443557,0.00029890323298587906
J_6528148954,0.0006100532151516396
J_6528148957,0.00021234410517336736
J_1417443563,0.00041010542873357606
J_1417443584,0.07506946279926174
J_10081725588,0.5600458133133714
J_10081671394,0.006873943687316593
J_6528148966,0.0007306159711054489
J_6528148967,0.2986645034281414
J_1417443628,0.0006984157814281603
J_6528148968,0.09782364753407881
J_1417443633,0.0004978110486527971
J_6528148969,0.0007753221929553787
J_5493844924,0.0009273605911926384
J_1488526924,0.0021438051099693513
J_6528148971,0.0009631788519775562
J_1417443659,0.001570520894011205
J_6528148973,0.00063208846996143
J_9743339252,0.0003678390676839158
J_1417443666,0.004156920089121143
J_2450399430,0.0002886376207228915
J_3235639719,0.0005268936561835584
J_3235639720,0.0004445819032553719
J_1417443716,0.00030558786490283095
J_6142327790,0.0005302250797061362
J_10081671376,0.0018796695040862858
J_1417443726,0.00027185442958534785
J_6180272976,0.0006139826578282493
J_1417443734,0.14509758539813147
J_10081671363,0.00035005673400113587
J_1417443736,0.002978379471071268
J_12196455086,6.58516895629539e-05
J_1417443740,0.002474361861794583
J_10081671364,0.37851076291866803
J_6193921850,0.00305898817509748
J_1471714099,0.0004489032802925465
J_1481354885,0.06246711116533495
J_4918188103,0.0005812668639052874
J_1473826426,0.0030736001978873538
J_1473826428,0.000995000922518956
J_1481366489,0.23743825342531855
J_5388494824,0.0010011947676080634
J_1473826436,0.0012183485540365924
J_1473871923,0.000578244176441779
J_7432244843,0.000213875753914774
J_1473871926,0.11649020325119458
J_1473871955,0.000175492092791144
J_1488526920,0.0009795522068122892
J_1473871954,0.00011630290036255956
J_7432244844,0.00029881422357785274
J_1473871927,0.0036484726536484794
J_1473871937,0.002415333238312163
J_10094580864,0.001573492363984837
J_5267823521,0.0018128337863205226
J_1473871942,0.0008902150623973326
J_3096683824,0.0007790739470178586
J_1473871936,0.0002805963818047633
J_1473871947,0.0004399863168008313
J_1473871956,0.0004988230858417572
J_1473871957,0.2810834608931379
J_1473871959,0.0019475040876242673
J_1473871938,0.00033546025993764643
J_7432244848,0.00028545766306165764
J_1473871941,0.0021458591734992483
J_1473871958,0.002713475112609018
J_7432244847,0.0005427034685244639
J_7432244845,0.00017246833783272553
J_7432244846,0.0001359184305682771
J_1473885237,0.036348388550036546
J_1473885223,0.007681844633869396
J_7432244854,0.0010187679286273353
J_1473885226,0.0012099443570416201
J_1473885458,0.005871080287336317
J_1473885439,0.06850247961932403
J_11663050338,0.17252430048697018
J_1473890785,0.00045750003259503855
J_12695945997,0.00033448389862596797
J_6178041424,0.26249630248554456
J_6463519072,0.08976778405783796
J_1473890791,0.00029825396522185026
J_6178041420,0.0017619738156179224
J_12151399348,0.058137069766892584
J_1477138900,0.0004953461905191732
J_1481354884,0.014553075313437854
J_4918188104,0.0024540772532390107
J_6130764691,0.027517808456933048
J_11387517314,0.0008226795954466317
J_1488526851,0.00018889198554739386
J_1488526884,0.00017254918119426438
J_1488526859,0.00013767960828791747
J_1488526883,0.06316549209125469
J_1488526869,0.006211158431436352
J_1488526866,0.00015050004890805488
J_11665987959,0.00022320649434088769
J_1488526894,0.0010300841794519465
J_1488526919,0.0027127978610706946
J_6152326682,0.00036628918994979065
J_1488526911,0.0004955961755573211
J_5267823528,0.000636514067055698
J_5493854959,0.003453004035509339
J_6567100315,0.0019552517847284934
J_4377707474,0.005037796174413291
J_1488526896,0.18794598258268186
J_3168039449,0.0015484765801287977
J_3538106723,0.0002682253738697125
J_5267823527,0.0003188866764741939
J_7432244851,0.0020394562676401655
J_4377707480,0.00013323565513583148
J_3168039448,0.001360850912761035
J_10094580887,0.00014172997187834755
J_10094580889,0.001383272088769607
J_1608973468,0.00015917190798622738
J_12067305544,0.0002798349495105061
J_1645178560,0.0362422723540616
J_6463569335,0.00016006425883125728
J_650141496,0.0004461542970706762
J_1653906433,0.023507747328561788
J_2389125034,0.023305169227347048
J_2407745357,0.0002038205936519847
J_1653906436,0.02698027246921787
J_11977577698,0.02700942462402789
J_11260122965,0.00016313688031747566
J_2019288831,0.00032371437235498843
J_6141722653,0.0006360287369925233
J_6141722656,0.06377784752592304
J_2019288832,0.0027972864124412534
J_6141722658,0.00012009441444509062
J_2110371293,0.3194311785719652
J_11260122968,0.0002943708738852304
J_3761074303,0.025896355828721813
J_2127279448,4.1232372672728995e-05
J_6884276685,0.001383655796272392
J_2414635978,0.4387140127672062
J_2385141390,0.0035400823326753065
J_3826045400,0.002369614819768582
J_2387017402,0.01312454871568404
J_6130226927,0.18249322677693045
J_6131800547,0.0022133771987927642
J_2387173529,0.02943180004197386
J_2387173530,0.0010408422384036078
J_2407763129,0.050751058835408425
J_2388266803,0.004441260001349172
J_2388266830,0.0002565995848613731
J_2509419434,0.0034200282396197315
J_4146210958,0.0025501632637058252
J_2388266812,0.0013255106038015368
J_7432244869,0.0022829548746416627
J_11007263820,0.0016723630246035846
J_4146211277,0.0005646801548206685
J_3543166934,0.364433543683128
J_7429952410,0.007899488818408401
J_2388266833,0.3645572082511074
J_2509419436,0.00017550691066185162
J_2388266836,0.0008447809688324365
J_5267402566,0.0004180656013922236
J_11903564939,0.00043549772722021506
J_2389119097,0.00022542739753345648
J_3235639716,0.001480950465047686
J_3149523797,0.1900910310472683
J_11977577699,0.009505940605693678
J_2399992907,2.9999999999999996
J_10094504108,0.18673345231160227
J_10094504105,0.00026449851579023604
J_3298857094,0.0018023555652715785
J_3287849051,1.026307362563386
J_11374930009,0.0002814897199414331
J_10081671286,0.05053812762156504
J_2407764622,0.00021692109392826183
J_6531845897,0.0006815042319794584
J_6531845895,0.015144457094245434
J_2414626606,0.0033086213794824974
J_6887565739,0.038252985317324656
J_2447310402,0.0006094357513036721
J_2447310404,0.0017793003856255278
J_2447310403,0.0008374544401474715
J_6130226930,0.0005360661937239208
J_2447310406,0.0016118312613084894
J_6130226931,0.0002939074255631557
J_6131800546,0.0011814083217348461
J_2450399417,0.001249646220198606
J_2450399435,0.0003152588476976785
J_2450399416,0.0017393594240669515
J_2450399415,0.26129743060305055
J_2450399433,0.001789067530529694
J_2450399429,0.23085717955980445
J_11259448953,0.014860561660711681
J_6528148976,0.0025733364337997707
J_3149523809,0.0002814617941985301
J_3149523807,0.0003244960415687833
J_10172729085,0.001626948135810907
J_2509419432,0.006819795523388925
J_12073866974,0.004916240790517485
J_7432244857,0.0002677086305338482
J_2509419435,0.11465133074933052
J_3161269196,0.0008115414542608871
J_6901563123,0.0006213424218433309
J_7086183227,0.0013046178919393233
J_3149523798,0.0006015525732749782
J_3149523799,0.00021226363617689203
J_3149523802,0.0006603255519474594
J_3149523800,0.06925958106998861
J_3149523803,0.37109499737361423
J_3149523804,0.215061718079226
J_3149523806,0.16703457978329894
J_5389382766,0.2368697738303196
J_3149541696,0.006392505260363689
J_3149541706,0.0012988555726861644
J_3149541705,0.0004932511187660357
J_10081671278,0.002304409196700439
J_3149541704,0.2880266722240033
J_3149541707,0.9494694831488594
J_10081671274,0.0006330821904104421
J_3149541708,0.0016166107710175344
J_10081671276,0.013470065480886964
J_10081671275,0.0009604354108057873
J_3149541710,0.5289885433763855
J_10081671277,0.00039913895541259046
J_3149542132,0.0007903608766002774
J_3158788637,0.00590485420224539
J_3158788638,0.13886882626495892
J_6137799426,0.8671807734515371
J_3149542136,0.0010268235296924286
J_3158788639,0.0016568792759691989
J_3158788641,0.00045721521415974985
J_9840710126,0.0004090468954743216
J_3158788131,0.001953490031922555
J_3149542146,0.0009665526217349182
J_3158788114,0.0021302205088323733
J_3158788105,0.0008149466645313832
J_3158788145,0.00822548147236037
J_3158788662,0.4438658498090376
J_13415111434,0.010075062060104858
J_3158788107,0.0003031587025841587
J_3158788108,0.0015875618714998679
J_7432244830,0.0003333675485609018
J_5388494832,0.32873394541138007
J_3158788608,0.15254179703821022
J_3158788144,0.0007341001895838559
J_13410902781,0.0007120831751501848
J_3158788110,0.0013804980439437967
J_7432244839,0.15223806083667743
J_3158788140,0.0007835020637553687
J_3158788112,0.000384773848743408
J_3158788116,0.0005050225542430774
J_3158788113,0.39927676356548003
J_3158788118,0.07289377884247501
J_11385670151,0.3985532029171816
J_3158788117,0.5334333136100825
J_3158788119,0.0006374041155940822
J_3158788124,0.0011031932911017331
J_4579649727,0.27323348565197253
J_3158788129,0.593936159054693
J_3158788132,0.00045992227287553687
J_10153868766,0.0014618855911389382
J_10153868767,0.0006775696314487577
J_3158788612,0.00217244045895358
J_3158788141,0.15269233383028813
J_3158788142,0.0006771995420552311
J_3158788571,0.00046147404360243283
J_3158788565,0.0028288084261048835
J_7429952388,0.0026807538567271447
J_10153862358,0.29873524867049667
J_3158788611,1.932646449961277
J_3158788629,0.06236455982800554
J_3158788615,0.6625273545309174
J_3158788616,0.0008639078787721967
J_3158788620,0.05338443800324329
J_7432244836,0.5553984813703476
J_3158788621,0.0031233674735321026
J_3158788632,0.000932593487818434
J_3158788635,0.0007614770036984005
J_3158788636,0.0009463455555684578
J_3158788640,0.5591652909436002
J_3158788642,0.18360912699934182
J_3161118525,0.401163095580379
J_6131076159,0.001552227508278958
J_10081725549,0.0001497733979246017
J_3161269161,0.00032662567047424723
J_3161269162,0.10522502912094538
J_3221362713,9.600422154933661e-05
J_3504751071,0.3292669627238719
J_11353404310,0.00046970613028503517
J_3161269197,0.17306009252339793
J_8979004920,0.0003053391082477168
J_8979004919,0.3012475865976221
J_3168039450,0.0017929548212264849
J_5493868902,0.00018352075008243156
J_5493868901,0.00028079998521522806
J_3965281000,0.17752398902552216
J_10081671392,0.0014648636474809938
J_12197618359,0.001181890996668989
J_3235639717,0.061781125290709935
J_3235639718,0.0002858141194961796
J_3235639721,0.22562485770267915
J_12197618361,0.22574571957885764
J_12067305543,0.00033417764235500844
J_3298864776,0.0027146097021309946
J_11865527609,0.0004038305573670775
J_5780852347,0.09181969743216686
J_3421682934,0.00024210812096805973
J_12695960102,0.043058275172980484
J_3538106692,0.0003047745825963993
J_7086183230,0.3235181578598855
J_7086183228,0.0001675305638496561
J_7432283509,0.0018506346044643736
J_4146210945,0.0015325542211793372
J_3549123725,0.0006393372849855954
J_5267369426,0.0012726020326141502
J_5267369427,0.0008024649078289205
J_5267369429,0.0008118959249782967
J_3549124813,0.012323576876669618
J_3549124818,0.0009987980648305252
J_3549124909,0.007854279565899057
J_3549124822,0.00026422703166160456
J_2387385680,0.000563264134700192
J_12186005569,0.0012793605806143784
J_3965280993,0.00034760187048674167
J_3965280999,0.0009596046848581441
J_3965280995,0.0002266136537258445
J_4146210931,0.0007095554074740049
J_6457067893,0.009477200835948997
J_4146210932,0.000938663339348212
J_6458176794,0.3821864078818826
J_6458176792,0.002666256420637534
J_4146210944,0.00026622815789652693
J_6457067894,0.0016533048775985197
J_4146210951,0.010907085124831373
J_4146210953,0.0011849867386233013
J_11007254971,0.0003314808587369567
J_4146211263,0.0003143338660986614
J_4146211265,0.0003420887588213843
J_4146211266,0.14461060576465154
J_6196261541,0.3462202345236975
J_4146211267,0.0010270078302048768
J_4146211269,0.2746872929191796
J_4146211270,0.008651349264084018
J_7429952406,0.0002935292902141151
J_6504556325,0.0002796710265329124
J_4146211279,0.00021234500117760566
J_4146211273,0.0003072988956324059
J_4146211275,0.17264468252686466
J_7432244868,0.0006786967627021069
J_4146211283,0.0006111729625933397
J_7432244867,0.21351537116333735
J_4146211281,0.000345345003716242
J_4146211286,0.0006279950460685742
J_4918188101,0.0014461338804490024
J_4918203528,0.1428967523415816
J_5267402562,0.00025357231568764354
J_10049434084,0.14701161048022846
J_5267402567,0.0035166302793875853
J_5267822919,0.0009734401912764049
J_5267823525,0.008602199218596904
J_5267822920,1.9009683821642025
J_5267823523,0.002149470855486881
J_5267823522,0.7468516221770124
J_5267823524,0.0004983498922239454
J_5267823526,0.00034408404651857814
J_5267823530,0.00019502135269213985
J_5292923939,0.14177828318142788
J_5388479540,0.42080089664872616
J_5388494831,0.18751933355812775
J_6884276481,5.0575443589954736e-05
J_12181798460,0.0009430782415859412
J_6017833806,0.0012375061855025456
J_6017833807,0.005239868024105738
J_6130226929,0.00019961774181004305
J_6130226928,0.0010596016262476836
J_11063510865,0.001024339506859964
J_9189234398,0.0007498490410432905
J_6196261538,0.0002070003322474841
J_12067305554,0.006252390203779477
J_6132603450,0.0002632344716425132
J_11476594021,0.12370540177050636
J_6141722654,0.0002408100065294888
J_9189927159,0.0002863635081589741
J_10094580906,0.06375702855713827
J_7432244855,0.00018080303860599456
J_6567395238,0.009511099669890541
J_6567395227,0.0006141749461422803
J_6144301681,0.8824795006918055
J_6178041419,0.0007682543284873729
J_6178041422,0.0019866226175580164
J_10094529581,0.00024015045838557617
J_6196261537,0.18831125711348454
J_6196261540,0.0018443214587073394
J_6196261539,0.20522839021831643
J_6196261542,0.0017041951790911327
J_11007259534,0.0002470496321851094
J_6462301370,0.41611405497921866
J_6518859304,0.6981619496246029
J_10839341172,0.0004800162386574667
J_6528148940,0.1827836992806018
J_6528148951,0.13548024209883794
J_6528148953,0.2035435800460287
J_6528148955,0.06727744700515455
J_6528148956,0.09366699546407947
J_10081706681,0.0001137083659903457
J_6528148963,0.16045095449514915
J_6528148965,0.5704238306154034
J_6528148970,0.0014232013340124217
J_6528148975,0.0005677384868883044
J_6529626685,0.0007892519325754511
J_6531845894,0.0006013660420299338
J_13410465225,0.002972445811234467
J_10081671279,0.0008152905421106457
J_7432359269,0.04112992456991231
J_6567395228,0.0025036269285894012
J_6567395229,0.0022321487421455934
J_12174205245,0.0008184048399901046
J_6567395235,0.002401166323117997
J_6567395237,0.0024067012774992443
J_6633301856,0.023457657884648927
J_6884276477,0.5097874727382337
J_6884276686,0.00023514571311653162
J_11374930012,0.1794463486594875
J_11178931802,0.01819606572754859
J_6887565743,0.01581410672338037
J_11178931798,0.0062781935791075645
J_7086183229,0.001432413094611861
J_7429952389,0.4325348474057371
J_7429952390,0.0006875024753230772
J_7429952391,0.021406883539171872
J_10153862361,0.005152820466387832
J_7429952393,0.3159740482487212
J_7429952399,0.0005902610516203904
J_7429952405,0.21665815133934366
J_7432244829,0.0016427644462204073
J_7432244831,0.19769410915423452
J_7432244835,0.0007993486638320341
J_7432244837,0.0006916946476685562
J_7432244838,0.000798576628343804
J_7432244842,0.00151892223678871
J_7432244862,0.2618689571929427
J_7432244864,0.0018730479700724346
J_7432244865,0.0003950207954897759
J_7432244866,0.0008526271026510117
J_7432244871,0.0015737330392702933
J_7432244873,0.2292863482959349
J_7432359284,0.025604035888779183
J_7432359283,0.012317615078702982
J_12695960101,0.04195522644735251
J_7432382398,0.00014234380573315727
J_7478115637,4.2609043418362e-05
J_7478257545,0.0011818153176803698
J_8979004921,0.18330226935746072
J_8984867007,0.23250078365674448
J_9189234403,0.00059291157523912
J_9813619345,0.0008089085730859933
J_9918817333,0.04962001179806268
J_10081671261,0.00022661682175631755
J_10081671263,0.5475914851525079
J_10081671268,0.0004214033134448642
J_10081671273,0.3585823759469363
J_10081671388,0.004117866477404398
J_10081671389,0.00039712440060655796
J_10081671390,0.24746941931357144
J_10081671391,0.00011803637367487624
J_10081671393,0.00014633612032029228
J_10081706679,0.1846929364397258
J_10081706684,0.00012248497661888934
J_10081706683,0.13333127807688017
J_10081706686,0.11347140250991537
J_10081725589,0.00019879340744465812
J_10081725590,0.0005685339539621065
J_10081725592,0.2671218336018453
J_10848086334,0.16917109450932602
J_12196366168,0.0006067450656180733
J_10094504106,0.16821745209208472
J_10094529582,0.39006363095940905
J_10094580865,0.00028231166867496505
J_10094580888,0.3107789054907937
J_10094580890,0.0005373268961146438
J_10094586220,0.2632225345676727
J_10153862359,0.0008157819465743005
J_13410902898,0.0005157449254377274
J_10153868765,0.2665529880618372
J_10989273452,0.0003401031936621402
J_10989273454,0.00021521559054223392
J_10994556963,0.0023549709616505106
J_11006990856,0.001019847293312571
J_11007263821,0.00040588397853820625
J_11007435039,0.0002757275202010742
J_11012063565,0.38916863010149
J_11063510864,0.0003145860141758509
J_11178931803,0.00036511930538830304
J_11259448961,0.014856404659083862
J_11259448963,0.013646725273208656
J_11259448962,0.014520681074187476
J_11892824101,0.0004743040481405059
J_11374930007,0.00016237588231505641
J_11374930008,0.1794441133916261
J_11374930010,0.00010323678792844943
J_11374930011,0.00017119712596731698
J_11663109187,0.002376333344471695
J_11892824102,0.015756752534327394
J_12203527486,4.516141152840037e-05
J_12186005568,0.0016658670961235207
J_12197618360,0.0004886474610823956
J_12197618362,0.18607184721779815
J_12695946000,0.046665382616010616
J_12695960103,0.02416055119673106
J_13152778981,0.0001623935660054135
J_13410465226,0.000561885061362479
J_13410465941,0.00046173135510024776
J_13415111431,0.00022621094945897836
J_13475843622,0.00023008367514550354
Outfall_1,0.009490344474849746
J_260908311,0.37722942393162173
J_10721527309,0.00042243700963984
J_4472266108,0.0006457564996720777
J_262268684,0.0046109349880133765
J_266371138,0.0009067242606704074
J_9828511707,0.0005012041862752059
J_3870651477,0.0006913351778252006
J_262268685,0.0007061600978008044
J_7298619223,0.4129156725381152
J_349027597,0.0014066242949003606
J_3870651479,0.0007283834645356378
J_3149622374,0.033645095190908025
J_262459524,0.00037339726364480903
J_13144006534,0.16034194233020907
J_262459526,0.13880880170309365
J_12655271583,0.0004717961044777924
J_3149619842,0.00016691337752796213
J_262459527,0.0013765350577037943
J_264129270,0.0223869237678434
J_12183845711,0.008110980850841226
J_264129289,0.0030792450777417523
J_264141527,0.0020799107773079527
J_9179098227,0.047018237951704976
J_3141425534,0.0012381111670383984
J_264129319,0.0006442308987769497
J_264147890,0.2695260795491433
J_5724583886,0.0012456134114979577
J_5930997555,0.0016500820293487513
J_3141425542,0.002727253201099412
J_3161309799,0.0010989826787942052
J_264189089,0.00040673113433244287
J_3149619847,0.34495622524260816
J_3149619851,0.0030271494893895677
J_3149619853,0.0009384092003617106
J_6536271335,0.0027384747682795943
J_264845660,0.0009622667164426968
J_13135627938,0.0007013100731736513
J_2389701677,0.0008328581505144971
J_264845710,0.00032471015854348506
J_3148667904,0.0005263853651241889
J_3148667896,0.31037009180477004
J_9859790834,0.028609277563483346
J_264845740,0.007331613900087591
J_1315048083,0.003081980523304673
J_3872540688,0.1632191064750978
J_3872540686,0.16733038617691334
J_264845751,0.0008025637738809999
J_3872533488,0.0010265017124492877
J_3872533478,0.00033292389279432897
J_2206930282,0.057151176913554175
J_1644166489,0.1038214175336475
J_267210547,0.04986762653319538
J_267210550,0.0008340989062791731
J_7147115841,0.0005990083567702521
J_2099691667,0.035566048344458326
J_5919853090,0.002476069623526195
J_267215656,0.07412822428171889
J_13075849008,0.9918015280404935
J_3148580198,0.003784500339024275
J_2206930283,0.0010646480946992528
J_274569246,0.6973598232957734
J_12176161387,0.03858391842818135
J_274569296,0.0006119141593963325
J_3141473152,0.00040801416219815855
J_7328379155,0.09415034355825513
J_274569309,0.0006373686275012501
J_274570242,0.0019451187990165385
J_7328379172,0.1957726188295978
J_274569328,0.00036610931315783597
J_7328379173,0.39992406368094147
J_3141473132,0.12268000852081568
J_3141472722,0.24634415044130578
J_274569348,0.0029109147982719725
J_3141473140,0.000964734511119652
J_3141473150,0.09818409258409604
J_3141473145,0.0004907673181201104
J_3170006930,0.0026886858790342396
J_11563497460,0.0002885212353131078
J_274570292,0.0008433025782591933
J_1387622103,0.27480305541723005
J_4824673767,0.0006594636787727277
J_7328379200,0.000794376643344736
J_274576719,0.061256602442487755
J_4475150582,0.0010023025865761662
J_2268546167,0.283570383116945
J_292565231,0.0004424981926559046
J_7479630325,0.49555320410644804
J_7479630930,0.18326492327790236
J_7479630950,0.0004931896050153604
J_292565243,0.24897398524030778
J_7478154729,0.0009962813310894704
J_7478154719,0.000977586276297138
J_7479630320,0.0004883427654255412
J_293709519,0.0007353119519022734
J_2034648224,0.07994529497792768
J_3771990524,0.04462978717987503
J_2268546111,0.1832895087742679
J_293709525,0.00047724851501529294
J_3771990505,0.0008929435101269952
J_7328379022,0.13707600834071829
J_7328379067,0.06978514929826567
J_302499540,0.0024167882376818343
J_6197379428,0.009651756599621121
J_1748486107,0.012806926035618428
J_5778474214,0.0017587135078266354
J_307401420,0.0028354380582262047
J_429781973,0.11319628008443479
J_11070754936,0.0006324353896285183
J_590698291,0.002842211120034826
J_3715148292,0.000182334237775606
J_429780762,0.0013085372913549506
J_429780764,0.00047993641640793025
J_590698298,0.10149518026969807
J_9828540923,0.1300221307525279
J_590698311,0.08136948879968517
J_590698302,0.0018066924898982113
J_429781781,0.002001626170812222
J_590698314,0.00036130516368959516
J_2483733242,0.0007068062847987705
J_590698312,0.17663797286716862
J_429781782,0.0004606376335285856
J_650076942,0.02401950987520016
J_3150107472,0.0015436912179578467
J_3150107471,0.00020478978857573282
J_429783956,0.15734159873468134
J_12059211981,0.0005040011955841241
J_5930945945,0.0003998675582336731
J_429783966,0.0008335072606731875
J_1694231991,0.05203717283428283
J_961816867,0.004645432738631435
J_515736998,0.006344242921934593
J_11891216393,0.003390100989389457
J_574762971,0.061879676485262956
J_574762980,0.0016990773018617411
J_574762976,0.0023884843239737412
J_10175047393,0.0002697439212589303
J_574762978,0.0006402412839668582
J_10213547236,0.16080973779838628
J_12279397378,0.00048487570620397573
J_12319493407,0.0009472508877518977
J_574762987,0.10793485160792891
J_2099691681,0.0014928418726654767
J_11399565982,0.0012284091771060518
J_11011994983,0.0008837449769260139
J_574763005,0.09032241486021421
J_11075395480,0.003085249282611131
J_13816840517,0.002004693247400238
J_574763010,0.3122631114570734
J_6180297958,0.00010286230724490669
J_3504349796,0.0006365724654183077
J_10996723268,0.00042303544469105757
J_11527430411,0.007837477083996321
J_13137760931,0.32261334222975324
J_590698294,0.10036200908030656
J_3558431203,0.00018186306693652866
J_590698296,0.0011293081281426728
J_590698300,0.0016941898318811577
J_590698318,0.0031959964243621344
J_1305577019,0.004330335292605801
J_590698313,0.002634762232732023
J_590698328,0.08782240151894188
J_7265834831,0.0016689150176861292
J_3170496474,0.0003484720485986877
J_590698330,0.0006296735802210263
J_1558259250,0.2728758861231057
J_1693112084,0.0016376816055667005
J_695070306,0.005323278897975784
J_10969136192,0.0004028247204660505
J_2113348452,0.06873233004484108
J_695070314,0.0002638613488607225
J_3148655277,0.0006766939144014549
J_4915966850,0.11517345630790059
J_3148655275,0.29359545092402267
J_695070403,0.25347935711788333
J_3148656438,0.00032201589617056103
J_7479631129,0.0003070638959876404
J_12468537412,0.0006647306587926705
J_695070406,0.0002912894643156401
J_13077693351,0.11960621148193412
J_6802224021,0.04459753128113585
J_695070408,0.39318218226210205
J_3148656447,0.0007630186673158162
J_7147949887,0.20602999616865283
J_13875979600,0.005732397987701381
J_695079385,0.09062262464624607
J_7328099146,0.000494712989659561
J_10182468120,0.07112650219154949
J_818630839,0.0008211899802119753
J_1387622149,0.009702017380421188
J_3148609358,0.003997234001353126
J_11182448718,0.006785721696126549
J_818634499,0.003578692799593688
J_818634502,0.010585769605488396
J_827145938,0.11421434134409926
J_3148633513,0.00026952055089485044
J_818634513,0.16410035429083933
J_3170006921,0.0007142700671989195
J_929965958,0.0009138576963692225
J_10996944954,0.0012631123046787836
J_825408102,0.0005076141130974513
J_7479630561,0.17213341393921708
J_956077413,0.05071125285913099
J_13875979449,0.0017557215444360158
J_844403663,0.024416924198461917
J_6536884399,0.20518477140004765
J_6141753929,0.000230882592619249
J_956058174,0.0016654864682616789
J_3157684368,0.15852995723529792
J_929965968,0.27177291175142465
J_2349412314,0.0008642494580967658
J_10996638660,0.04092597040780165
J_929965972,0.04051161361059234
J_956058186,0.0004227278138758025
J_929965977,0.000776465369515637
J_929965973,0.3227740929348936
J_1390345459,0.0004769486494295431
J_7301790590,0.0011952924261419574
J_3157684367,0.0005974838506585926
J_7479631029,0.27172302732857717
J_7479631046,0.00010646220436763082
J_1694231590,0.011528083616110997
J_10994329194,0.009835397397063092
J_1067315124,0.18414883573685437
J_3161309802,0.000306169568547028
J_12272816024,0.0002175422970013669
J_11185418653,0.00036658389160499873
J_1083495045,0.2540655981940249
J_2387290813,0.011913852115000822
J_1083500526,0.0006512116827199768
J_3149622352,0.0016334609875525386
J_2387123504,0.4606401675743627
J_1083500529,0.12018222459068732
J_1132734424,0.16869375319461874
J_1186777885,0.10985849675055666
J_7263153533,0.001062597842124171
J_12649685464,0.3804677094093049
J_11002591551,0.029357744909733936
J_1186777924,0.0006564297902012693
J_4447404413,0.0007127674511684734
J_1186777952,0.29289701678052765
J_7328379151,0.002066435849251104
J_1186777966,0.002393103575152833
J_6195813805,0.012905017943801654
J_1186777956,0.0005077641946319644
J_7328379157,0.002883003268254732
J_13743331044,0.03272482145376295
J_1224322808,0.0012612900374949344
J_7263316354,0.0001600773550469599
J_2034648220,0.03613280845950579
J_2268546130,0.0012491516135737899
J_1244527875,0.0001258839104934396
J_2828324523,0.00048330406055047814
J_2387579010,0.13039571945072384
J_1244527888,0.3546199945337092
J_6342458097,0.0008562277399616768
J_1315049037,0.004544191212372122
J_1300454732,0.002031263855770281
J_11922878281,0.0004945732549141856
J_1321535551,0.006157396625911828
J_1305577009,0.0004091496479057448
J_11234065193,0.13392776875291534
J_6168052376,0.0010264426272223223
J_1314077241,0.00026292129956457166
J_7479631472,0.0010033783423610628
J_7478154540,0.0009716682286715816
J_11370378569,0.00019934885122931595
J_1314077247,0.1169598783701252
J_6168067117,0.00046736004893786976
J_7478154497,0.0004946210022474654
J_7736381401,0.004340134231611793
J_1314077248,0.02474015224454961
J_5777147300,0.000766706763250135
J_5777147337,0.2948470091858144
J_1315048058,0.0008077045076126175
J_3148668048,0.16568062512486648
J_6141957199,0.0033618452020979213
J_1315048061,0.0008091268302202628
J_1315048060,0.0017771795104774652
J_11009627049,0.03245430930762868
J_10172982421,0.2141009999491412
J_2206930291,0.0019367873782178077
J_10172982423,0.12066478877914935
J_1315048075,0.001496131444208711
J_3148668044,0.341418641408018
J_3148668042,0.0012616890802979563
J_10232292384,0.0007257083316907646
J_1315048078,0.0009105439300237164
J_8433749411,0.0003118065348773213
J_6183009077,0.005934015980925509
J_1315048080,0.0007027815160062187
J_1315052254,0.0008512757520563918
J_2387579012,0.0008077566481798356
J_1315049031,0.00038408516855489676
J_10173119093,0.002108533728954553
J_1315049034,0.10100469763219358
J_13140374079,0.815959039926842
J_11009632656,0.0015735214611312892
J_3148668037,0.1048878693721813
J_3148668038,0.00038916516631175264
J_1319974913,0.1484890442620745
J_5372340496,0.0009437952169720979
J_1319974914,0.0008531341983110058
J_11865827584,0.0004047655697086282
J_12060861661,0.06087755927360814
J_1367979481,0.0013147322896558179
J_4446729192,0.09264008451874484
J_1383248215,0.3618649780689992
J_3148645671,0.0005458840489233229
J_3148655238,0.000598986069581775
J_3148655236,0.0007743257399122774
J_1383248254,0.00047785994066025885
J_3148655266,0.15857226352793385
J_7478155165,0.002287883881213986
J_1383248309,0.0027532496136703044
J_10168257533,0.0021845248321614953
J_12462993523,0.5386398694778535
J_1387622086,0.0005675160360161256
J_2195883502,0.17958923846421143
J_12334925123,0.4557341632109341
J_1387622091,0.0006430805317801343
J_2268546103,0.5266944128649164
J_10994097991,0.2389636022760202
J_10182451860,0.10064148118253066
J_3141475567,0.008325897035993143
J_1387622131,0.2696042847022831
J_2268546143,0.0008028707477730696
J_2268546123,0.0006108498664827366
J_1387622145,0.47869819483447945
J_2268546106,0.000612521821471191
J_10182451857,0.0003688885150257632
J_2268546110,0.29862608099408283
J_13064841548,0.0002454809764902497
J_3504349795,0.07854510318565738
J_5777299715,0.05566309046599125
J_1614318567,0.00042252080635198785
J_2130361899,0.006982796795585111
J_12060861673,0.0011588256399995842
J_1614318730,0.003002599359026974
J_1614318635,0.0019814826009326527
J_6562185321,0.000837834353812535
J_11428038813,0.0012275994565078996
J_1615766875,0.00018291077860889992
J_11017227499,0.7558416952164874
J_1615766938,0.0010315491269105664
J_6536473101,0.0005847179599585221
J_1615766958,0.00030553838420309783
J_1615766885,0.21528807642293357
J_1615767016,0.00027147739727760584
J_1615766914,0.0003719581862449781
J_1615766985,0.0003635342108963067
J_1615767002,0.17680632535907775
J_3684986226,0.2851428061125144
J_1615766921,0.09544538935568622
J_6536473099,0.0005095969383082081
J_3237573297,0.0017185190987867795
J_6536473104,0.09543618241715102
J_6968263671,0.3519818781382292
J_1615767007,0.0003559054827944845
J_9846394228,0.00039360933070104164
J_1615767013,0.32169577420980555
J_11397517840,0.0004900601318757015
J_11070754935,0.011275944329985604
J_1645178566,0.12806575634887615
J_1645178612,0.01242245207018339
J_1683173710,0.1574644789700714
J_1683173716,0.002905858044208938
J_7478154651,0.0012993951612725206
J_7147103496,0.24013753520288658
J_11078308794,0.007817469320162715
J_11428038816,0.0014984772454786
J_2446054167,0.26088991842398124
J_1714977975,0.6725857889635265
J_1714984580,1.0579353842999433
J_12009305216,0.0022720867306435188
J_1714984568,0.00045108211796047207
J_8403844099,0.060957068465845546
J_5776756937,0.052285540234418906
J_1714984609,0.00016674924968746802
J_13144414990,0.35133213655545703
J_1815485809,0.5114022140795976
J_3148587503,0.0014028727420451676
J_1817170894,0.003552991709884575
J_5689989229,0.0030230241917084868
J_7328007720,0.0005240838711680602
J_5772629055,0.5442488078790191
J_1817170897,0.19137841551045215
J_5689989225,0.00028576039133209057
J_5689989227,0.0001576659444645222
J_7478154681,0.0007505614826435774
J_1817170898,0.06715583282387362
J_6499300015,0.00021960054574743886
J_1827247449,0.0003925511297535539
J_5778521345,0.046511824955064944
J_1827634843,0.0007596609691676946
J_1906888933,0.0006616242025652903
J_11220661003,0.2904629934271131
J_1914928013,0.006687360282135058
J_10182390928,0.0011598980403644751
J_4682937550,0.06051193424763841
J_2034648230,0.0002178570640672943
J_2034648234,0.004045802415457214
J_2034648222,0.04420467290352407
J_7266164820,0.00045896008745769756
J_2034648226,0.004112409372814049
J_7328379076,0.0025445461980667643
J_2034648233,0.0005323873913163231
J_2034648225,0.0007617603381564664
J_4447100001,0.4051659426530792
J_2268546160,0.29739853860760507
J_2268546125,0.0005947159195997757
J_2268546136,0.0002309939944605309
J_2034648235,0.3343249048843487
J_2041854927,0.00033311548384043656
J_2268546140,0.0011955965333923933
J_4448123006,0.0014861364940057795
J_2268546144,0.09982261053423566
J_2041854936,0.2757491271466852
J_2268546152,0.000376437112942626
J_2099691584,0.0006193021665422145
J_5354906276,0.04092454845011481
J_6194830177,0.09459435732298892
J_2099691601,0.0015210664689123278
J_2099691630,0.0006303476767668509
J_12517783371,0.0031762273442078916
J_12517783377,0.0016474085923691296
J_2099691637,0.0010713467602786457
J_2387361293,0.34721019334743136
J_5807148396,0.008658753371879477
J_6130070511,0.0010331457561211048
J_2099691661,0.000270296255919617
J_8530739259,0.07550933644728378
J_13823559215,0.0010234279783162333
J_11011674941,0.0010308937586163476
J_10172914465,0.0006928554849253781
J_2099691686,0.0015438603117708327
J_2387367081,0.07716298057103887
J_12151458578,0.22758241946426253
J_6749666079,0.007442701313748923
J_11891163805,0.014726490109689246
J_6536473139,0.2817188442550995
J_2156205416,0.009430907942675346
J_6904648005,0.08817546668499593
J_2412953615,0.0010061657779029932
J_2180904962,0.20946727470541127
J_2268546087,0.0006881461050944542
J_2195883497,0.0010650912580656014
J_4445588631,0.0005128380586208958
J_2206930257,0.0005644317874280703
J_3148668088,0.0006495575470200441
J_2206930285,0.3609171172702064
J_2206930279,0.0014041878089032474
J_2206930259,0.0026337949760029166
J_2206930263,0.007809836107676017
J_2206930274,0.0021904494341542413
J_3148668073,0.02653445684399182
J_3148668067,0.0003654212075334394
J_2206930265,0.1843938975893267
J_2206930266,0.004072845687980351
J_2206930270,0.0005333805899727044
J_3148668114,0.0012276220170136228
J_2206930278,0.0027436147315084915
J_2387579019,0.0018235478711128691
J_3148668099,0.00026380204473767726
J_2206930277,0.010540458788629694
J_3148668072,0.0069397736207763286
J_3148668071,0.00035492323841093703
J_10172979379,0.0008299321499855865
J_2206930284,0.0008255206740082703
J_2206930286,0.0005623054504530496
J_3148668107,0.38218774605796474
J_3148668112,0.0004960099238661537
J_2206930293,0.00021458887383648176
J_10172979380,0.14565685056003808
J_2268546082,0.0002971049379372543
J_2268546086,0.16741807329988748
J_2268546089,0.00045285764073284534
J_2268546096,0.0011929058545164762
J_2268546093,0.0015726651239191206
J_2268546100,0.0004716981895746105
J_2268546095,0.0008219455602414495
J_4475055875,0.0004372531143045502
J_2268546105,0.0006077813544004962
J_2268546114,0.0012861411560435658
J_4974503765,0.0010025874351950598
J_7328345274,0.3659259950158493
J_2268546121,0.0017161180816692022
J_3148657060,0.000615653412859981
J_2268546117,0.0004128123034161826
J_4448123019,0.004369869077767123
J_2268546132,0.00033026641660475787
J_6144032627,0.008148954826269343
J_5388808643,0.0002135878482899527
J_2268546146,0.27440252423129785
J_2268546161,0.0009969551224305645
J_2268546149,0.12958578498674667
J_2268546151,0.001255381788848711
J_4475150583,0.21920445725108298
J_13142029192,0.0006210337289974436
J_2268546156,0.00016483049302599
J_2268546158,0.3204719666948645
J_2268546159,0.0003022918720413545
J_2268546163,0.0007947774987429893
J_3590694360,0.3621519556388594
J_3148614512,0.0010478529452396061
J_2268546165,0.002671479014495791
J_2268546166,0.0009343268095135605
J_3590694361,0.0029698642375268897
J_10725368291,0.0009225323723731319
J_3803663193,0.0007522558749408396
J_3141425530,0.0006657163882526236
J_5776756946,0.009905477431497629
J_4540978393,0.0010291873848271007
J_2387407562,0.0022802321889289086
J_10056058174,0.0057221639808194
J_3872533486,0.0005012820428629329
J_10094041459,0.0005043688388724976
J_3148668068,0.004234469106258255
J_3148668100,0.1366867124069861
J_3157670226,0.23427693316987416
J_2391229483,0.031604257864451084
J_3148645652,0.0010992568721208229
J_3148645665,0.0011149396421121429
J_3148656434,0.2844108843585624
J_3148645692,0.0014897889142512428
J_2406966810,0.013181092467345416
J_2406966812,0.000247636122251838
J_6505394016,0.005914426146147805
J_10147078393,0.0017559360410267816
J_2407838682,0.00038537554573715287
J_10213547238,0.00039939967760122116
J_11011650785,0.00040625385481691785
J_11891163804,0.0014349768176579569
J_2413006760,0.001471356666888058
J_3150118040,0.2113940809476967
J_2414360817,0.16747125272692356
J_11509998750,0.006634118304297834
J_2828324522,0.0008478077662851407
J_9708811990,0.326585669231463
J_3141425537,0.007476925329154272
J_3141425538,0.0012758563941246952
J_3141425539,0.09895647384034881
J_3141425540,0.3164786620686709
J_3141425541,0.0005278228554639903
J_3141425543,0.0007553702828222987
J_3141452102,0.00015096491703999582
J_7328379166,0.25656960311040894
J_13736567789,0.1687994438481089
J_3141452104,0.0005583884344331413
J_3141452108,0.0014737728008598122
J_7262830544,0.00046972165036682673
J_3141452106,0.002344058425869655
J_3141452111,0.0013129969705799763
J_3141452107,0.00016640654433515184
J_3141452113,0.006743093450148266
J_7262830543,0.0008230698752355485
J_3504895466,0.1800811980584461
J_3141452114,0.0015021785275552819
J_3141452115,0.0008345988457803729
J_3141452118,0.0406924129846222
J_6136413730,0.0005591333246637291
J_4474704607,0.13963754386544838
J_3141452119,0.0008540518371443859
J_3141452120,0.000975860188472556
J_6136413729,0.47673650985464594
J_10997029517,0.0003167682138182466
J_10997029523,0.0021182417776411206
J_3141452121,0.0018455671386340745
J_3141473146,0.000562236879933185
J_3141452122,0.0013490829368127256
J_3141452126,0.001530191993801712
J_3868740751,0.062251841065126726
J_3141452125,0.0007875271006314769
J_13742285040,0.23636169947904312
J_3141473131,0.0009167942642308967
J_4462376684,0.0037297178455573212
J_3141473133,0.0026862352968393633
J_3141473135,0.00035537024556260663
J_4462416977,0.5957050613276084
J_3141473136,0.0015804331177039443
J_3170006931,0.0003820897058109962
J_3141473134,0.0008609660507581213
J_3141473138,0.0008624835084664759
J_13738230989,0.00035478018366104754
J_3141473139,0.16372948634067652
J_6505328002,0.14784200116281507
J_3141473149,0.24547909738376034
J_3141473147,0.18464459095219724
J_13738231243,0.0003711715817149372
J_10683903422,0.0006810146740446005
J_3141473151,0.4613737478417955
J_3504895273,0.0013163160709591217
J_3141473155,0.00040412054325608487
J_6180293490,0.002304013675616443
J_3141475564,0.00011919553217482359
J_13743331026,0.0007488164814853639
J_6560163455,0.0018114447623838654
J_3148580144,0.009441080973283906
J_10175047395,0.0033148487033367747
J_3148580145,0.0038030497138913104
J_12250445349,0.030090051912673128
J_7465559430,0.011009307422989367
J_3148587479,0.5687701223916364
J_7479630861,0.00023320359858202493
J_3148587482,0.004214760847708825
J_6137643400,0.0005010293280206448
J_3148587485,0.0006215034616533164
J_13250405522,0.0005461553016757502
J_7479630867,0.0036441508161411573
J_7479630847,0.12399756388359938
J_7479630882,0.00047403399678577437
J_3148587489,0.00017175974207496718
J_3148587495,0.054977737865554877
J_7479630469,0.0008376843408918679
J_6914358632,0.0003901073560612948
J_3148587490,0.1805480656395998
J_6194830173,0.00031531715034247677
J_7479630459,0.0006200979692620972
J_7479630500,0.10622044909284213
J_7479630520,0.0004954624098885915
J_3148587502,0.000387655279931151
J_6143252361,0.5130598149907809
J_7436685266,0.2637823144875085
J_7478154731,0.16097473642603202
J_6536473134,0.009350733504388248
J_3148614498,0.06989762397197057
J_3148620681,0.0003297876311822774
J_4446468155,0.0003770195508072355
J_3148614507,0.000745956573269381
J_6885777459,0.1331259624724999
J_10994159748,0.7104066271842967
J_3148614513,0.0010043679855183429
J_4475027232,0.0005594572206098049
J_3148614516,0.19019471216587616
J_3148614515,0.00018917615178274956
J_6562178338,0.22894083393122389
J_3148620677,0.0002036068849674543
J_3148619693,0.00032673431422005505
J_3148657085,0.3710282627124299
J_3148619697,0.0012720169469381088
J_3148619698,0.0014345610475492905
J_6194291027,0.0014647398827108476
J_3148620680,0.0169055796667962
J_3148619699,0.001496016822884991
J_4475027228,0.0016972070086366253
J_3148620676,1.197172150524298
J_4446471884,0.00024274364687555062
J_10182373813,0.18206515590843075
J_3148620696,0.5552552046941068
J_4475027221,0.0013431839104916163
J_4475027226,0.0004028523677510728
J_3148620698,0.0006334266765141899
J_5370756307,0.0008201072162939102
J_13928938241,0.0014409182062076712
J_3148645678,0.0004695479495308938
J_3148645653,0.0006041258573299539
J_3148645681,0.1245490336144634
J_3148645655,0.17969974859192253
J_3148655285,0.00036436134693718076
J_3148655284,0.0003145141326315281
J_3148645664,0.0006357971755718326
J_3148645670,0.00337337991601364
J_3148645667,0.0030093087306584995
J_7479631170,0.3412922206537165
J_3148645691,0.11218637848885366
J_3148655234,8.401391735913748e-05
J_3148645673,0.09340515872276327
J_3148645685,0.0015085250526649708
J_3148645674,0.000562348075240644
J_3148645675,0.0003554684509614658
J_7479631201,0.20578495419352302
J_3148645700,0.16621510571864503
J_7479631193,0.0004656575995185848
J_3148645677,0.5962573236035147
J_7479631168,0.0006538855823296855
J_3148645684,0.0003307939669423362
J_3148645683,0.0009171815137059247
J_3148645693,0.11252523782420061
J_7479631133,0.002996263477499902
J_6888084544,0.11213373896543487
J_3148645698,0.00013546724192413048
J_3148645696,0.1361681740789116
J_3148645697,0.0006910663742814255
J_7479631182,0.2943951612758468
J_7479631181,0.0009356024230636128
J_3148645699,0.14701663925070535
J_3148655235,0.24517457940390205
J_3148655239,0.0009060582038288187
J_7479631141,0.001216050838694297
J_3148655287,0.0017536679064965115
J_3148655283,0.13952433362749297
J_3148655242,0.0009109700594015251
J_3148655243,0.00061774467617687
J_3148655291,0.003246401544599449
J_3148655248,0.13862514300079612
J_3148655249,0.01439765849823696
J_7479631204,0.0006042532191752565
J_3148655253,0.00033392282727657055
J_3148655260,0.00045748880171984983
J_7479631146,0.004458005575905874
J_3148655261,0.0007481690294760012
J_7479631148,9.94382013264338e-05
J_3148655262,0.0004999163072605857
J_3148655263,0.13815946749409413
J_3148655264,0.00037622187783128405
J_3148655265,0.0006655638038574782
J_3148655268,0.0004755661754714815
J_7479631149,0.0005061701325815955
J_7479631210,0.0002425321740570626
J_3148656432,0.1887594673452801
J_9720271254,0.12064159019772955
J_3148655290,0.3650645211855316
J_3148655295,0.002077166681565221
J_3148655302,0.30714275413605047
J_3148655300,0.00038735341836497114
J_3148655296,0.23110222154876417
J_12695959789,0.0016755102851534066
J_3148655317,0.22089273445703683
J_3148655299,0.0006118807935601574
J_3148655307,0.18131601562417168
J_3148655313,0.1332189662802057
J_3148655308,0.0006309857703537747
J_3148655312,0.7562253881598865
J_3148655316,0.5156424887433836
J_3148655325,0.2624692286581553
J_3148655322,0.2896162520954008
J_3148655328,0.3412640833037092
J_3148656436,0.0004487002424202829
J_3148656435,0.4604486159367583
J_7479631153,0.2510079194438901
J_3148656440,0.07700847596325533
J_3148656442,0.002097247295578255
J_10994386528,0.0004615474587629688
J_10994402342,0.0002374343945215175
J_3148656446,0.16693049291772558
J_3148656451,0.0007021146870432967
J_10994386529,0.05839573751391127
J_12443901843,0.13763720340566848
J_7484216048,0.2633361293043729
J_12144258014,0.001447083963373921
J_3148657069,1.1408163000700116
J_10182376307,0.0007023117687686984
J_3148657081,0.0046159044591063585
J_4475027129,0.17915714382149758
J_6194014544,0.0007818377892284544
J_3148657084,0.0007782324513783334
J_11106970230,0.0013641101396739922
J_10172979414,0.26026322879686997
J_6204951065,0.0005296105993163414
J_3148667908,0.06476794678644399
J_3148667924,0.11790485099058388
J_6194008055,0.005620308028435231
J_3148667925,0.00019448721612878454
J_3148668030,0.15970585777071983
J_10172979410,0.00023526717298961967
J_3148668029,0.24902601011148487
J_10172979411,0.001374806748095477
J_3148668041,0.21219343191351248
J_3148668043,0.00029983717695339373
J_3148668045,0.0012451759563915686
J_10172982419,0.1270431269798199
J_6204951079,0.0006947165301775951
J_5726284291,0.0010414165682684237
J_3148668105,0.000667790286105359
J_3148668106,0.001145485292444098
J_3148668111,0.0013555156512875864
J_10172979382,0.0002926548873709128
J_3148668115,0.00045451946878884137
J_10173119095,0.0008186889272932009
J_3148668116,0.02975555894868744
J_3149619837,0.2910509284203336
J_3149619838,0.0019508595933808441
J_10994470325,0.0019334699690993196
J_3149619839,0.0025109384705792933
J_3149619841,0.21251762829779278
J_11378886517,0.0004231254011825347
J_3149619840,0.00043908668098508987
J_13140521075,0.00030241461076681325
J_3149619850,0.0023072520992354177
J_3149619854,0.0017231852847476533
J_3149619852,0.6017219959935727
J_3149622362,0.0015472410783405055
J_3149622354,0.2716886737552109
J_13140521149,0.00022849154768794742
J_7239768143,0.6932013309632393
J_3150107475,0.00040575851887407954
J_3150107474,0.434086419894172
J_3150107476,0.22763286975009367
J_3150107479,0.0023708484243509377
J_12155154060,0.007419523330812106
J_12155154062,0.11250809211007963
J_12155154056,0.014002169890020195
J_3150107773,0.27364960887667755
J_9846394225,0.0006158876288309925
J_6536473107,0.00030846508523048875
J_3157670219,0.0381901041595896
J_10172979413,0.002025820249595315
J_3157670223,0.0007738053751338708
J_13903770310,0.0005707616306198777
J_3161309795,0.28552316780409376
J_3161309798,0.00047577874589856307
J_3161309797,0.0020180860256465137
J_3161309801,0.20870585531550814
J_3161309800,0.0005430495193707773
J_12506414299,0.21971719300622514
J_9830778271,0.00029064446515216234
J_4447421339,0.0057298317173182815
J_3170478574,0.43659367790797315
J_10996992466,0.0009966758526188128
J_9788419608,0.00023760533133430092
J_4447382437,0.09891020695094588
J_3170496477,0.0035648364249436697
J_11002608083,0.0005032908362903988
J_3463462869,0.00021030949033756146
J_3463462871,0.6104385229464402
J_3463462870,1.1054248193376484
J_6458940001,0.36362456351722816
J_10182729200,0.21313377897406283
J_3500405710,0.0005765336130961326
J_7479630768,0.005608594496749855
J_3500405711,0.14384628313418588
J_3500405714,0.14394813142671112
J_7479630771,0.0011258202788756951
J_3500405734,0.00038213123319824003
J_3500405712,0.08391142936085824
J_3500405713,0.00036101287338607344
J_3500405737,0.19749300970873376
J_7479630770,0.002892232742768877
J_3500405715,0.0005864948318307576
J_7479630775,0.001050944654610884
J_3500405717,0.10916944171250134
J_3500405720,0.0006863926151003367
J_7479630763,0.002367430615539473
J_3500405723,0.0007701574044973738
J_3500405722,0.46107679296592496
J_10172935936,0.00048418980693438004
J_3500405725,0.11062509208344325
J_10172935938,0.0009267233351454043
J_3500405729,0.43158916053975344
J_11434263477,0.12158912117489501
J_3500405730,0.0006103984203220036
J_3500405731,0.0003954411073670624
J_7479630782,0.09192549542060482
J_13816806093,0.2923537119169597
J_3500405732,0.001418392025212168
J_6196989888,0.0005767336452065536
J_10172938609,0.13544422545517
J_10172938606,0.0004145269380669728
J_3500405738,0.001175764250203794
J_10172938611,0.0007892211734867345
J_3500405740,0.000643744221501017
J_7479630758,0.3391088901900866
J_3500405741,0.2272359517993937
J_7479630780,0.0006844144373622408
J_3500405745,0.04264857637096934
J_6196989893,0.0006056003400290481
J_7301789574,0.11828839090839594
J_6758558444,0.0018548265104465342
J_3504895274,0.44243705387112503
J_3715148285,0.21047729272201524
J_11234065453,0.3822745160702481
J_3771990469,0.06841706722381516
J_3771990522,0.0004762941661054021
J_3771990523,0.0007888986130787794
J_3771990536,0.0006877862807781859
J_3771990535,0.0017971590144014356
J_3771990914,0.001951236349535298
J_3771990553,0.0004018935937003385
J_3771990545,1.8900238258550839
J_3771990866,0.0011062305692772299
J_3771990555,0.000427196411350545
J_3771990873,0.0022030880954853342
J_3771990859,0.0004878052835858468
J_3771990861,0.6280913775629747
J_3771990888,0.09379008341156135
J_3771990869,0.21344236720481893
J_3771990894,0.00044419043571199476
J_3778310159,0.04427554774030501
J_3778310161,0.0010144732308731605
J_3868740750,0.3922561394785595
J_12145839287,0.0022016890405953124
J_3870651478,0.08332012473874671
J_3870651480,0.18606630527038337
J_3872407423,0.00018228656527385912
J_7328007223,0.23275904563842914
J_3872407428,0.0005890671205975302
J_3872407427,0.04671973387150654
J_6132071550,0.000295854954512184
J_7328007225,0.003022245509532552
J_3872407429,0.09611542012566858
J_3872407466,0.20822530664821465
J_3872407468,0.00028758388905718204
J_3872533474,0.13442299926376536
J_3872533476,0.15938007327455042
J_3872533479,0.0009631159577307505
J_3872533480,0.3683186785051464
J_10172979407,0.0001821304793707149
J_3872533482,0.0009070731124203219
J_11268733245,0.0005251264156840932
J_3872533483,0.0018382083996279887
J_11432094041,0.00704346428755982
J_3872533484,0.16822672494775473
J_11404841379,0.23512669475836012
J_3872533489,0.0014118854208506279
J_3872533485,0.0003527160460674606
J_3872540685,0.14964519943352694
J_3872540684,0.0003924205876359018
J_3872540687,0.23609275260206689
J_3872540689,0.45978475880659164
J_4285700668,0.0005540371499115287
J_4285700669,0.17900331168600753
J_4445503529,0.4214956676479603
J_4446468152,0.22849637845955073
J_6194089776,0.000520484942245935
J_4446471885,0.27946172324702334
J_10056058173,0.0004488343083119913
J_13142028598,0.3966683626376231
J_4448123015,0.4739617941756741
J_4462384503,0.0196033777895081
J_7328379175,0.00030078880129418006
J_13738231056,0.36051679048911545
J_4472266103,0.045371859110188116
J_8403844097,0.24104019380610453
J_4474487225,0.0010241077148390725
J_11011971395,0.005589384322567529
J_11399454153,0.003008229064705959
J_4474487238,0.24484581148785434
J_6884558833,0.0007556509350272738
J_4474487265,0.25688745968699994
J_7263153539,0.11610841010976164
J_6152308058,0.0012106528601430362
J_4475027224,0.001555972563835186
J_4475027222,0.2726709010991945
J_4475027231,0.00032773659828233797
J_4475027229,0.35178326459325554
J_4475027230,0.2743077821372926
J_4540978394,0.6045779518260682
J_7479630892,0.39744147371719346
J_13238937706,0.0006680734252651283
J_4734151709,0.0002583234557179066
J_12185693394,0.0008097446086385464
J_9921271169,0.5751786881864724
J_7479630483,0.36384463016885626
J_5370756309,0.0008685729943949892
J_5388808641,0.11224623432566293
J_5398408451,0.0028883878575962797
J_5689989226,0.10514951339990002
J_5689989228,0.14914632593763624
J_5689989230,0.001084598520116936
J_9958736551,0.04124372257371107
J_5773497557,0.0009171471905619575
J_7736381406,0.001266324748252113
J_8374410177,0.2336827528479064
J_5774292417,0.004962662227952231
J_5774292427,0.0013853055268579304
J_5774293614,0.0022646014689580336
J_5776596292,0.003247304420837075
J_12009305215,0.0004353327778795777
J_13136176386,0.0006106808024578593
J_5777147338,0.00010172592046088426
J_5777147341,0.03406317127878878
J_7478154515,0.21112274361783637
J_5777147345,0.5339877077453029
J_7478154516,0.0009511863492497975
J_5777246392,0.22247749066171163
J_5777246422,0.0004803165152298518
J_5777246394,0.0005536039159405726
J_7328007285,0.00036908818281777784
J_5777246395,0.12885683554861868
J_5777246407,0.0008356043421502104
J_5777246413,0.046180615534763686
J_5777246412,0.000739745152880307
J_5777246409,0.0004908179591876454
J_5777246411,0.00022306279879802607
J_7328007265,0.07941520215433202
J_5777246410,0.312963922978166
J_7328007288,0.157520275990491
J_5777246426,0.0015211442042403294
J_7328007289,0.0005222382558711625
J_7328007286,0.33707886319429287
J_5777246425,0.12952581382483178
J_5778503766,0.0002868363719499918
J_12690206052,0.0006642960883188879
J_5843951128,0.0006533540512313962
J_6894177760,0.43153826208919616
J_11414694995,2.2294518671130117
J_7147053364,0.3937279481006855
J_12187854996,0.6085911420601364
J_10175064193,0.20155279503815146
J_7298619209,0.0006334839343789578
J_6019669025,0.000629064253643831
J_6019669026,1.000013977680345
J_7479631470,0.0008856111427890773
J_7328007243,0.1592558490281961
J_6137643401,0.3189676484542794
J_13134720405,0.0006414099628807868
J_13134720410,0.0009635905632255465
J_6141748417,0.1019949171962033
J_6141748418,0.000578619825193638
J_6141753923,0.0007069280962218441
J_12100338250,0.0005170811303566281
J_9510028744,0.00037380720806705364
J_6141753927,0.052752675700239636
J_10994377647,0.0008619997646418704
J_6141957193,0.2642184503450805
J_6141957194,0.0002656021796678762
J_6141957197,0.3516770598400767
J_6141957196,0.2788742426955783
J_6141957195,0.0010971452587725948
J_6142233154,0.0013275108083777134
J_7043760928,0.061326588534103034
J_6142233157,0.0027376779489521035
J_6143252362,0.0009904864656639265
J_6143252363,0.523008761229617
J_7437331404,0.0005430962430707381
J_7437296682,0.001866554600563168
J_6144032626,0.0014097378515307655
J_6144095981,0.008439304478950605
J_13875979441,0.003093433793421429
J_6152784946,0.10580908551329038
J_11395651197,1.5602683832072501
J_11685087325,0.12352060132063661
J_7478154579,0.04900469844224557
J_6180290589,0.11993166308195974
J_6180290590,0.05833512142600069
J_6180291877,0.43758171326090745
J_13736567811,0.0002617901972218238
J_6180291884,0.0002726823622188837
J_6180293488,0.13210239088264425
J_13742285043,0.3269343695230906
J_6180297957,0.031161423704115985
J_10996777702,0.001161715523304494
J_10996868634,0.0007592755490634388
J_6194008056,0.0007632379232956093
J_6194014538,0.07080430437458449
J_11408964582,0.6617572276586344
J_7484216053,0.17146262870082113
J_7147081175,0.0005772636970331764
J_7479631105,0.3245022365062532
J_6196883741,0.22160938095412477
J_10168279045,0.0016126121657922122
J_6196883747,0.0006591332591946065
J_6888399011,0.0004806315517896523
J_9749202516,0.012834017924719887
J_6196989886,0.5029036806111145
J_6196989887,0.2365066241286755
J_10172938612,0.0006986852005217801
J_6196989892,0.0001628073981612464
J_6196989891,0.0035267353122245956
J_10172938610,0.0006258308540204434
J_10172938605,0.0009223110130038585
J_6196989889,0.0010955431918035104
J_11066374004,0.2959065435299471
J_6196989890,0.5321275955548183
J_10172942118,0.002032731677501267
J_7479630751,0.00021316859407310708
J_7263153521,0.006550286659741641
J_6197671075,0.002131349518627996
J_11290340685,1.0143193331732954
J_6499300016,0.08661190374589625
J_7328007824,0.11584143893265043
J_11395791821,0.0007707083346299413
J_6505394017,0.0009747331986415308
J_10680776590,0.0007920349906538497
J_6753563683,0.10934663458166162
J_6536473096,0.033297260521279806
J_6536473097,0.31465281267955214
J_9846394226,0.1746684158116624
J_6536473098,0.12499989227938853
J_6536473100,0.3252764489356964
J_11397532787,0.08569692554673558
J_6536473106,0.3686527718161242
J_6536473109,0.000282087437596282
J_11397532788,0.24908197530235235
J_11397532789,0.4148935266861982
J_6536473137,0.00024293335367533666
J_6536473138,0.0010299955975413627
J_6536882163,0.0005423340247120807
J_6536882164,0.001518745499975732
J_6536884402,0.5917419034548445
J_10994329181,0.0006113471326540801
J_6536884398,0.3460375343937462
J_10994377346,0.001571053879647168
J_6536884400,0.0005229302363128337
J_6536884401,0.0014720050841993545
J_6536884405,9.07201967806197e-05
J_10994329190,0.0011473593417946897
J_6562185320,0.007353630972492589
J_1275552789,0.004731427993201173
J_6631012279,0.24216679482159326
J_10172868164,0.0004440894220356444
J_9824245046,0.09529437193399895
J_6749735684,0.8971454459709969
J_6768481191,0.0008328765886348147
J_7043731241,0.0010146119686247714
J_6753563684,0.281840429932866
J_6755740921,0.0011011648867453115
J_10989354751,0.09244079795645954
J_6755740924,0.0001540577514698973
J_6755740926,0.0989283871349327
J_7328007827,0.00020989502691689312
J_6758558441,0.14950701111715428
J_10996648270,0.0003577959496306838
J_6758646579,0.07999984598776423
J_6768481190,0.0004035181311639892
J_6802224014,0.00028642350031373706
J_6802224015,0.20166683702353377
J_6884558829,0.11201068413148824
J_6885777456,0.0005600362821282162
J_6902137283,0.00048295563412393275
J_6885777458,0.4770464362457997
J_6887668015,0.04394726001985258
J_9840153329,0.0013784004277865097
J_12443097988,0.00027648935139265335
J_12147412804,0.00030967362330126444
J_9796082511,0.06794311312859568
J_9796082514,0.00015271286558272084
J_6894631549,0.000565128985919937
J_6894631550,0.060800628154748286
J_6901616696,0.0005866822525216156
J_6901616701,0.0039603858291168935
J_6901616703,0.07033593122897731
J_12452602835,0.0008392888682764097
J_12194261264,0.0034785176892954454
J_6904648003,0.4080308328365825
J_6911622972,0.0002505768243580166
J_6911622971,0.16931821072149839
J_6914358596,0.0013746599469704312
J_6914358633,0.09116454592973565
J_6914358616,0.000738545240589518
J_6914358625,0.0008663223458603788
J_6914358630,0.0015003701622062953
J_12462722212,0.0009604676541956141
J_6914358626,0.0008081886334506968
J_6914358627,0.0015925330254337013
J_9179098233,0.0010267176748354828
J_7479631043,0.5437044595618947
J_7479631050,0.12158404443545122
J_7479631061,0.0006222662716192811
J_6914358648,0.2047247101005354
J_6914358631,0.0005014408411955505
J_6914358649,0.0047280655136035556
J_10182456214,0.0002727507090610826
J_7479630545,0.22499191682786135
J_6968263670,0.0004176778974752023
J_7095228341,0.005132331871538727
J_7478154530,0.00132618372710596
J_7095228343,0.24665714517959333
J_7095265249,0.06656377938014155
J_7097308434,0.00021848375120180478
J_7097308435,0.15734942252019843
J_7138066340,0.0012338960179626873
J_13130383416,0.0009987513790436372
J_7147081174,0.000733722926664743
J_7479630457,0.13959196425927176
J_7479630456,0.655601256000972
J_7147100015,0.7434032979492001
J_13134720443,0.001927942102117969
J_7147100023,0.010483583817261116
J_13823559216,0.0019267702626448915
J_7147986885,0.001052862946422322
J_7147986187,0.0004985283397673564
J_12651830520,0.34370095585539834
J_7263153520,0.0006549437741224838
J_7265834830,0.0022102763147325735
J_7263153527,0.001130101851552281
J_7265834819,0.0002536986564141679
J_7263316361,0.09443283958166628
J_7266164815,0.5570683687050548
J_9179098228,0.22469175835299485
J_7298619246,0.0009326735282962572
J_12558535618,0.27444214157662344
J_13135583058,0.6580137334160283
J_9757079871,0.0010599026140494312
J_7301789573,0.0018656050651469605
J_10996655571,0.0011232758443876312
J_7301790589,0.0009654618248148803
J_7328007238,0.09777171865412636
J_7478154531,0.0021763055338196017
J_7328007284,0.6350257576583359
J_7328007287,0.0012097851427127577
J_7478154670,0.3605544150865179
J_7328007723,0.15100486506788752
J_7328007816,0.00031387910530717556
J_7602632240,0.000617791208840401
J_7328099161,0.0009026699978999484
J_7328007822,0.11732868659469906
J_7328007823,0.0008095157246972004
J_7328099142,0.3060902507470928
J_7328099147,0.0004406220309369555
J_7328099157,0.10534951898674082
J_7328099162,0.22450315230723752
J_7328345273,0.25832536647775
J_13142028564,0.00022368629071918604
J_7328345275,0.001079024809065586
J_12415673019,0.00022791268678472125
J_13142028560,0.0005879110250035085
J_7328379058,0.0012980511835426355
J_7328379077,0.0009314361340078122
J_7328379154,0.4557207517725104
J_7328379156,0.0004415332220022202
J_9849585566,0.2146522334306116
J_11707855552,0.001240783677749569
J_7328379167,0.0005483358848699339
J_13736562866,0.00028687470715499743
J_7328379176,0.22587984641679204
J_7328379201,0.2099346329301778
J_7432261686,0.0023457358430395477
J_7432261687,0.11234160756068924
J_7479631027,0.0037824320522566856
J_7479630316,0.0002663728610571489
J_7437296683,0.000979032396012719
J_7479630324,0.000483344072123671
J_7437331394,0.0020640096240733797
J_7437331401,0.992532388605951
J_7479631031,0.10208766037974994
J_7437331400,0.0002494780106229933
J_7465559431,0.0014057836901767544
J_11432092734,0.8610237832499202
J_7478154505,0.12481723416860471
J_7478154524,0.00037112779805557986
J_7478154518,0.001213361531121433
J_7478154523,0.8565686751587607
J_7478154532,0.042197675279526926
J_7478154534,0.0006391505337573798
J_7478154539,0.20241280034646186
J_7478154545,0.16241497265294458
J_7478154544,0.2642803664205148
J_7478154575,0.0004330789169922241
J_7478154576,0.2966993002749071
J_7478154577,0.2757695812369609
J_11433644719,0.0033794275909495557
J_7478154725,0.0006336895774182844
J_7478154786,0.0016618285876252214
J_12447971611,0.3180091572470579
J_7478154787,0.361213959413474
J_11921590003,0.003597901888000992
J_12446863535,0.0012515612424558765
J_12443097983,0.24134798410001632
J_7479630319,0.6335414615114447
J_7479630422,0.000728960647607074
J_7479630444,0.0027472769111543793
J_7479630455,0.0006702703315982307
J_7479630458,0.9395918550423971
J_7479630480,0.0003163604105196377
J_7479630512,0.0006377398763979393
J_7479630537,0.002031132031069303
J_7479630747,0.343210199999746
J_7479630756,0.0008092927713094828
J_9784518335,0.0008076952762194552
J_10172935935,0.00022491842232097507
J_7479630767,0.3761106780159478
J_7479630769,0.0002548490718442135
J_7479630772,0.0006240847084564064
J_7479630773,0.0016343394099938267
J_9784518332,0.17954266060660615
J_7479630774,0.05279120434737149
J_7479630779,0.41183460578523723
J_11434263476,0.000513566111812038
J_12477867928,0.001942026566660833
J_7479630777,0.0003064272361138197
J_7479630778,0.14104463413936907
J_7479630836,0.10364773343262236
J_7479630845,0.0015829483041062597
J_7479630846,0.3346068906170772
J_7479630851,0.06862609715647403
J_7479630857,0.0005777927625846316
J_9784652733,0.12260859249192697
J_7479630860,0.41715877066153345
J_7479630866,0.03327999689903499
J_7479630871,0.0032757521681616684
J_7479630868,0.0007734176665234886
J_7479630875,0.0007671230815390988
J_7479630878,0.26411945293679445
J_7479630883,0.3375220546321721
J_7479630901,0.06323814082916226
J_7479630959,0.0002967627746746793
J_11434843380,0.1449815872854459
J_7479630941,0.2263063424157134
J_7479630944,0.05877123642699438
J_12464922958,0.08470135826478199
J_7479630985,0.21061588382187238
J_7479631021,0.0015541463043822334
J_7479631030,0.152549281812904
J_7479631047,0.36571967134311906
J_7479631049,0.0012727242632134801
J_7479631125,0.17626331626867645
J_7479631135,0.6130863113972559
J_7479631134,0.0005885733935768004
J_7479631136,0.00071512505179267
J_7479631147,0.12106259763863483
J_7479631152,0.14050360161987957
J_7479631169,0.5692009789531305
J_7479631180,0.0006171761730118685
J_7479631187,0.0011162999262062593
J_7479631192,0.3414191378303541
J_7479631213,0.3675137055531291
J_7479631444,0.004135717252157179
J_10948126480,0.10110628531155347
J_7479631471,0.2526093650147696
J_7479631476,0.19316055977439694
J_7484216047,0.000852451616967108
J_10182376309,0.0005120771189513544
J_7484216051,0.27106711855350224
J_7484216052,0.20018264188951684
J_10182376302,0.001175724219003909
J_13130383417,0.11234261076807298
J_7602632242,1.0579571081491879
J_11009632658,0.5013722686664884
J_10196255890,0.001017585012994843
J_8609029843,0.0014991861176401778
J_12279397377,0.34280452330282385
J_9179098226,0.0006045724033358957
J_9510028747,0.10420022174749001
J_11121177292,9.424619585636314e-05
J_10994453386,0.00021329369021184157
J_9510028770,0.1563571679880599
J_9525461684,0.6879479715838663
J_9708811991,0.001257144826845667
J_12147412806,0.0008286565007814159
J_12169759724,0.006018962017115203
J_9757079870,0.0009050143687499447
J_9757079872,0.06965059401650098
J_13135583074,0.0002636529725427435
J_13135583071,0.5443902086819654
J_9759551602,0.29098860239858815
J_12169759734,0.00029044160021772704
J_9784518333,0.0006249194498720037
J_9784518334,0.00734719059477104
J_11434263478,0.7889037594580333
J_13343872440,0.26782070349236614
J_10168279044,0.253642666539505
J_9796082515,0.0009279783939247959
J_9796708050,0.0009368911579797725
J_9824051075,0.15424414384697144
J_9824245043,0.0011573223159860617
J_11184918138,0.00043686616279459335
J_9826793285,0.0007742708808413244
J_9826793286,0.0012608540857738965
J_11233009356,0.002583841353237166
J_12506414300,0.003945368499740519
J_9846394217,0.09409053410866788
J_11428038811,0.00017327352337366143
J_10969136196,0.003102657244616615
J_10969136194,0.383102658042866
J_13877530781,0.07497459432969585
J_11509998741,0.11068762475210214
J_13903770309,0.014199953308804959
J_10172868165,0.3796478678168081
J_10172914467,0.26144418435721445
J_10172935937,0.7333320604045092
J_10172935939,0.37398400344710675
J_10172942119,0.08204839507861916
J_10172979378,0.11552984247234784
J_11359603296,0.0009086260511004146
J_11432115299,0.3749967120940068
J_10172979412,0.0009157007851539182
J_10172979415,0.0005265988079995695
J_10172982422,0.686919697539333
J_10173119094,0.0003479680016181843
J_13140374056,0.00047289086352578626
J_10173119096,0.2418414086362334
J_10175047394,0.054359017186856005
J_10175047396,0.20361946116749244
J_10182373816,0.00024839334304275546
J_10182376305,0.05499634383022261
J_10182376304,0.0005529610640385155
J_10182376306,1.0949507050924623
J_10182376308,0.6770809989933575
J_10182376310,0.4577478145571305
J_10182379412,0.9784441638307647
J_12198988557,0.0004626171923581464
J_12432886068,0.00022902898072047338
J_10182451858,0.17908996747148445
J_11290335534,0.000873440287007006
J_12651793611,1.2675526335429534
J_10221211848,0.0003275771690520935
J_12169759733,0.022249545202353338
J_12169759721,0.0004928319745551001
J_10948126479,0.001292974874954523
J_12106511659,0.0004920543824190179
J_12144258015,0.00041052173202223434
J_10994159749,0.0007962501210886322
J_10994329192,0.0005794335638165906
J_10994329200,0.00041077896971533845
J_10994377348,0.0007291654008576904
J_12443901195,0.07401962576904313
J_10994411032,0.14404648286124558
J_10994402343,0.16038826028706574
J_10994402344,0.00024545273783546005
J_10994402345,0.0008619580786911136
J_12435660636,0.3988307162602578
J_10994411033,0.3044574759821993
J_11017145233,0.5719630811747084
J_10996655572,0.246703359864807
J_10996777703,0.7266838103159666
J_10996868635,0.0006304214585661123
J_11034031540,0.339780194398009
J_10996869891,0.0004422643026492425
J_11034031538,0.00023141043046293188
J_10996869896,0.12589533508675282
J_10996944953,0.0010164650599651013
J_10996992471,0.39322489235293867
J_11002591560,0.0010701544565466607
J_11002608085,0.5863052403365404
J_13347226823,0.03696745315672993
J_11009627053,0.00021792904248375328
J_11009632657,0.000988384096217342
J_11011674942,0.000976839888952677
J_11011674943,0.001034487964379781
J_11011971396,0.18560317609869703
J_11025131193,0.2842775087541714
J_11034031539,0.2613063817371399
J_11034031541,0.3079939151228119
J_11075395481,0.06309403963624355
J_11121177293,0.2484997945694508
J_12151494704,0.00013970893770935602
J_11220661004,0.00022657622014830896
J_11233009357,0.000645406418417942
J_11260020609,0.06976214612821398
J_11260020610,0.0015013394884086171
J_11955031767,0.00048708989255975057
J_11395511434,1.5605262222161949
J_11397517841,0.7826676760969866
J_11408964579,0.00032681065987213493
J_11408964580,0.22269392098455784
J_11408964584,0.021949132938928438
J_11408964581,0.0005332172646808851
J_11408964583,0.0008531429414592989
J_11408964589,0.4013789343802142
J_11408964585,0.3104245373853873
J_11408964587,0.0004247446298927167
J_11408964586,0.32484513359003353
J_11408964590,0.3312095885193485
J_11408964588,0.1322347057688158
J_11408964591,0.3210421581176027
J_11414694996,1.0011266178617688
J_11414759654,0.0003932106354939329
J_11428038810,0.44258094393971487
J_11428038812,0.12125656916452497
J_11428038814,0.0015908792338059847
J_11428038815,0.05730538570073953
J_11922878283,0.0005213416041087401
J_12060861662,0.000586997496311694
J_11428038817,0.005751680141401979
J_11433644720,0.5204464441147603
J_11433644721,0.01037327172934527
J_12477867929,0.206393304145223
J_13928938237,0.0065581068457580115
J_11703595135,0.3844534402471028
J_11873774240,0.0016382054984702594
J_12157177352,0.01346861483334188
J_11921590006,0.0005506812205847605
J_12169759722,0.012159550413610736
J_12137575005,0.0003127317054111391
J_13757868548,0.000857721757723791
J_12060861592,0.39242036881028025
J_12100338251,0.0905131676225958
J_12106511663,0.5426115636510863
J_12144258013,0.6571384243014526
J_12145839288,0.33811800424428773
J_12147412805,0.6502349745524759
J_12169759723,0.21210287233660308
J_12169759726,0.0012937624789073768
J_12169759731,0.000222733351205282
J_12963900368,0.0009550464687740438
J_12176161390,0.09739470161464549
J_13743331082,0.0005500900029127648
J_12176161400,0.0005173383042191451
J_12185693393,0.28080958653823745
J_12187854997,0.484244011776235
J_12198988556,0.0006425908566864654
J_12250445350,0.6623457569678025
J_12278137174,0.7628043213005755
J_12543439896,0.18581050685685002
J_12435660637,0.0010639618853369223
J_12443097982,0.00033715216613424456
J_12443097985,0.00024442592270790844
J_12443097984,0.3374591956761831
J_12443097987,0.2893927830819674
J_12443097986,0.0007456162051555364
J_12443097989,0.1931915794798155
J_12446863536,0.15823307555862265
J_12468537408,0.100662149606759
J_12655271582,0.346485728370565
J_12963900366,0.07385281110912428
J_12997741438,0.0020483058908308087
J_13877530782,0.02497452127407522
J_13077693352,0.0007362132667183995
J_13130383419,0.6677264846686175
J_13134720404,0.7823783503706875
J_13134720442,0.13191978986029987
J_13135583069,0.5499876123987288
J_13136176381,0.0033803955548421505
J_13137760928,0.0003416074448863432
J_13137760956,0.002326841116062962
J_13140521147,0.26827335649809025
J_13142028562,0.0003528572356983176
J_13142028597,0.0008903892545924666
J_13238937707,0.6574084131945123
J_13347226822,0.2588439054702448
J_13736562871,0.0002972053261938614
J_13736567810,0.13289971122412184
J_13738231244,0.18466660927659
J_13743331025,0.0003891232717509492
J_13743331043,0.000692929140704699
J_13875979598,0.00034010213166775
J_12956054174,0.002626599515006059
Outfall_1,0.007797522290231451
J_251104955,0.17900750754881647
J_1382528609,0.0011084289727086754
J_11028310396,0.0066274825564124635
J_251105277,0.01800710824776939
J_6132933105,0.01812235523853213
J_253448544,0.01573746565962809
J_251105285,0.00030066517835260225
J_10277091600,0.14417964240643755
J_1016228526,0.19309041862527418
J_251106545,0.06039161596838087
J_6901363519,0.0007278895548898627
J_251106828,0.0018680982082162078
J_251106717,0.0398964618111155
J_13123179217,0.0003423864007762873
J_13360780446,0.0016052645249303053
J_6632652235,0.0024743243057369618
J_253447895,0.002305734119545951
J_9857850176,0.07308063462111497
J_12999157122,0.00028838343014717875
J_10221065289,0.03294155126363818
J_253447898,0.0007906821249034335
J_253447899,0.002403885708961136
J_1605954226,0.0005979849569758477
J_9700106334,0.12487978623459955
J_1262043911,0.236596897025256
J_5281691574,0.0012501127517036443
J_253447903,0.09476849408296369
J_12171179550,0.001662199479539767
J_9928560951,0.0004305938129828991
J_253448523,0.0005354561648453277
J_5281691579,0.0018154590845597712
J_5281842542,0.12858609225475567
J_253448524,0.07720805667360692
J_1470833614,0.017986534233484213
J_5281842558,0.00666791678875095
J_253448537,0.017510857386142314
J_1492407638,0.030352968150887033
J_253448549,0.0003101324711136194
J_253448562,0.018213951253426963
J_253448573,0.0009667473529338218
J_1368117314,0.0016226044661785113
J_253448561,0.6406186377625654
J_1367922236,0.0019530626076433451
J_253448582,0.00014805566315487966
J_1368117329,0.5184974061497555
J_253448566,0.0005454359836607885
J_254442569,0.0035432183323508264
J_1694231929,0.004713920130981918
J_1368117387,0.005021504347093266
J_253449679,0.0031575377029641302
J_13811792564,0.0837798027543272
J_2048245857,0.005300028734686515
J_253449681,0.08592690654270861
J_10731123199,0.0020804780832082426
J_7466386855,0.5825177375034735
J_5281842562,0.0013530966273404329
J_253449683,0.0013814919532008708
J_1492407642,0.0005598609593807312
J_11002574624,0.031382204918072636
J_253449686,0.0017763320173926885
J_7466386858,0.0003800796505419735
J_7466386856,0.4276821546217058
J_9870086764,0.0004933619687964242
J_253449692,0.0037251488910263223
J_10044811668,0.0010764730020338988
J_253449698,0.003594388572527656
J_10017481089,0.0007281180664855154
J_9992581195,0.13626748268374458
J_5931305385,0.004779350305206626
J_253452075,0.001024041586392894
J_6901407760,0.2214896940033194
J_1382528655,0.0006533198638544112
J_7137902395,0.0027142572003067793
J_253452077,0.0031094040418457006
J_3957948342,0.007708154913158958
J_12155167311,0.0007191303035720846
J_7466386863,0.001252883198915826
J_253532871,0.13793297573583227
J_253532914,0.0001558199583726348
J_5281842567,0.00017941582239844827
J_253532874,0.296843869595926
J_3545987055,0.0012205821661922598
J_12206473568,0.05412252172261085
J_7121386221,0.0002169320939758281
J_253532894,0.001753281973701062
J_11399419950,0.842767954346415
J_7101760803,0.0002543169305762476
J_1634932079,0.0018458253350390266
J_253532896,0.00027503650573493124
J_11021627219,0.1816468563595108
J_253532905,0.003285989951537579
J_7298289272,0.06224278132194986
J_253532978,0.0010598840482453754
J_253532910,0.0007871166045368524
J_11021478367,0.0038910212654109325
J_1103017558,0.001054115702132965
J_11135547223,0.1605675854007774
J_253532931,0.003630563722671301
J_11434296179,0.04355263680713667
J_253532934,0.00017866986647007666
J_1443044870,0.0004001514504794556
J_3530426108,0.07366406991958543
J_11002801404,0.198735473923689
J_253532971,0.0027619884323481273
J_11121286748,0.0008229334517773747
J_11002878595,0.11975144165735736
J_331146193,0.0009177934536540471
J_254442570,0.0025494674023725235
J_1590229386,0.3483377908421967
J_1367922212,0.00038628994421089876
J_1472791625,0.00040872789941116545
J_307940137,0.4414889095989865
J_9645445129,0.0004262405608133639
J_1434089177,0.000564574307775859
J_320240652,0.08455962750262923
J_1371807641,0.00033551578421517006
J_1371807634,0.00025392756523497215
J_9700074489,0.0004097136792090496
J_320240654,0.0013854669425036996
J_1371807648,0.00266765086200317
J_320240656,0.0004108228329334198
J_6193957625,0.36919837117328896
J_12141933091,0.00029366948616459646
J_11027638241,0.0048199397412571
J_320241385,0.0008335329107551722
J_6182692049,0.20098241671090522
J_11015226548,0.0002052928553660625
J_11021479825,0.2816596790577962
J_320241388,0.14260012004509837
J_1514989637,0.0006489391921982922
J_7452692543,0.0003197276107404669
J_2225133166,0.00040211940406421665
J_320241390,0.08507747263886077
J_4458722678,0.8150842182902449
J_6194091031,0.0006424131568255339
J_320242565,0.004318128163083926
J_7453315390,0.0009491512735354888
J_4458722615,0.018621195173189234
J_4458722596,0.0008269753932660458
J_1514989618,0.45051645285894065
J_320242567,0.0012528305096944118
J_4458722572,0.002074565633043795
J_6177428350,0.00010615300252393582
J_7453315312,0.00029249069552703843
J_320242571,0.00026167472717529593
J_7453315398,0.4065771201255908
J_2225133290,0.11469235464762137
J_6904168224,0.05521835658658714
J_320242582,0.0008877528651242222
J_6182547032,0.006217677429245534
J_6751829037,0.30506896006048856
J_2225133544,0.0014443673102805027
J_320242587,0.21389543364036387
J_1347565272,0.0005857298583032592
J_7465456804,0.002319289704164848
J_7138383916,0.003894565238480584
J_320242814,0.00012135035071372734
J_6901280942,0.03837585068667894
J_1371816433,0.018699124589480712
J_6758593405,0.07258413149019448
J_320242815,0.01268261190398669
J_1371816389,0.0006851478705995538
J_11885729668,0.00016211174568941578
J_1371816411,0.00268149354282405
J_320242819,0.002726014358305389
J_6748996048,0.0004345928979393139
J_11021428239,0.00012893503730691038
J_2225133701,0.3453103725344876
J_7291167555,0.06240047250911214
J_1368829030,0.0015885421575430733
J_331146194,0.000804386300622831
J_14072070989,0.0005338802502932881
J_331146195,0.11160056396908817
J_12998590069,0.1286037156692755
J_10991651169,0.0014838843547694373
J_4315977113,0.00035227363467300947
J_331146196,0.15150501600874722
J_1016228579,0.0047029197210068175
J_331146200,0.0015550893511085725
J_1470833642,0.000512820621988935
J_1718789013,0.001601741615639491
J_331146203,0.0016261838885466124
J_10056189410,0.0958661254124662
J_331147616,0.010975112069428255
J_7298289287,0.0013919331133647914
J_331147621,0.08540712208183887
J_11381136612,0.026637028034439736
J_331147627,0.15392650135940528
J_1374396082,0.0011480633714619887
J_1368814490,0.00020021029825503206
J_7298289289,0.0003093331187471785
J_331147702,0.00012979018144829044
J_1104250513,0.0011347458991229097
J_331147771,0.003034034727767851
J_1371814186,0.0002587541794037767
J_1371814178,0.0017604941427329507
J_1371807570,0.19013039983559707
J_331147773,0.29086913603843223
J_1371807583,0.0012663597767714656
J_2225133203,0.0005418756359400039
J_1371807553,0.000947796157392882
J_331150815,0.055943574580341444
J_1103017563,0.0011715203825379136
J_956958701,0.005829516525425887
J_11074670551,0.0005893718249551078
J_331150822,0.0004477519630797159
J_7298268883,0.27258307280261657
J_10637202311,0.0009073063562393459
J_10038766779,0.22602028615217762
J_574872968,0.00035372209596898444
J_11885834679,0.0008466671149132304
J_12961466033,0.44434159734159456
J_7465456821,0.011521203349526114
J_594600161,0.014470176836720666
J_2376774439,0.03729816307437117
J_7452692549,0.02447177348061674
J_2225133157,0.0007717037834803609
J_594600189,0.0012434619042891494
J_594600191,0.008793888383219957
J_7453315573,0.0012610494001204602
J_7453315574,0.003252099496851191
J_594600200,0.11505137798204455
J_7452692544,0.0008005037082035618
J_809461728,0.9379392494178892
J_5485647354,0.0003684332679133436
J_809461787,0.002963566773575629
J_3713858821,0.004848456685251761
J_1104250512,0.0060062375662754105
J_832572431,0.004393123143698032
J_12604472593,0.0025029165133418625
J_1633904753,0.0038627058846966433
J_955696066,0.0012554529598173473
J_9937603726,0.003577692102042195
J_12918665449,0.0011071147453286785
J_1078253085,0.0029645940511606314
J_956975072,0.003544210068538329
J_1104250537,0.0006108393862523064
J_1078253094,0.00021680526178363097
J_1014648217,0.07551223063162613
J_10760860021,0.00023261568437878716
J_2066388579,0.0008679419344855793
J_6043189067,0.0046339100127365035
J_1014707800,0.0005057334440482867
J_1371828536,0.0008124640932840316
J_1371828541,0.3107943083559542
J_1014707856,0.1516946111701696
J_1014707848,0.00016814883247993407
J_1371828527,0.16215288094270466
J_13830086493,0.0004345727408215602
J_7298289213,0.0019800309603472004
J_7298289244,0.0009758283139799136
J_7298289236,0.0009668401837447402
J_1014707872,0.38623488519066257
J_13830105941,0.14690217434281255
J_7298289211,0.00020337740715142634
J_1371828542,0.020003456625918216
J_1014707907,0.01893797136152944
J_1371828544,0.5893353115424115
J_1371828530,0.013492605004133839
J_1066108522,0.015921460656116628
J_1016228504,0.0014743415283098795
J_1104250503,0.17358048184912692
J_1016228517,0.11546974596668527
J_1368117344,0.0002906951311359654
J_1368828980,0.0011823818333133711
J_1368829000,0.0009524338103410379
J_12196582428,0.0010089111754511858
J_1016228534,0.0012732683044256623
J_1683088958,0.7312732053038105
J_10991813477,0.0007738426723658576
J_1016228556,0.000374143329764962
J_1016228610,0.002018027516113232
J_1634931711,0.0018064842162655115
J_1368828996,0.23710907995183245
J_2066388589,0.2604888310367762
J_1368828999,0.0002562275055554891
J_1016228596,0.30338914674402445
J_1066041419,0.07412386999579451
J_1066041427,0.0009521380877653158
J_11021766298,0.0006528701880467465
J_11074670573,0.24653100227088945
J_1368801653,0.0008013796718214046
J_1066108534,0.0056958206622810745
J_1368801668,0.0007464788011086018
J_1103012306,0.0007837053592041546
J_7261406108,0.0038306587692013925
J_14074138183,0.2002742420221882
J_2623251185,0.00039428328976969673
J_1104250488,0.1844362216378406
J_1078253103,0.0002877518403898231
J_11434298134,0.016843681434062476
J_14074138200,0.36767630267490947
J_1078253167,0.0005434107027257086
J_1080176720,0.00037492416694892143
J_5281842556,0.002669329145571754
J_1437330565,0.000512362944280321
J_1080176721,0.0016329340758224368
J_1605954184,0.22339354211122542
J_1103012303,0.0008443992970579468
J_13535865211,0.257362885640799
J_1103012305,0.07417329045866014
J_1368117382,0.03214195459263085
J_1368117384,0.003704899302465698
J_1502865751,0.07328129395005038
J_11021437035,0.00046476238341507976
J_11021437031,0.26283648200487564
J_9841504887,0.001539548298075118
J_1104241031,0.0010841191562366735
J_1104241056,0.0031533311089415065
J_11197334454,0.005454386243688296
J_1104250501,0.0009227078418934621
J_1104250495,0.000295316120811858
J_6194047462,0.0010304107666842435
J_6759139268,0.1021889867913807
J_1507064149,0.0009555864420191723
J_1507064152,0.0010668647591439576
J_3649025396,0.0017467502245211892
J_1558993952,0.0008209543739598255
J_9645445144,0.3751156050739259
J_1590229362,0.18163531504117933
J_10056189411,0.10584062501415285
J_1104250524,0.3838453483765661
J_12187447575,0.0011406953519191977
J_12098136116,0.4538452455328264
J_5281842535,0.07344781966728409
J_10284858598,0.0007085543218046508
J_1177705626,0.09358937723727723
J_6901276163,0.26715473206995466
J_12187502877,0.002999981294932815
J_1177705914,0.6250720751806336
J_11434710893,0.15127304272014838
J_12961466034,0.0008073766624932504
J_1198163774,0.052680298574030435
J_1374397406,0.0004082204338906127
J_12161557850,0.0003501087848485791
J_13802597960,0.0002882782958482307
J_1198169318,0.0020509557636932754
J_7465393503,0.0007622206268880305
J_7465393502,0.0005007345812890793
J_12362900668,0.3368300667497157
J_1198169359,0.001087739491883811
J_5281840014,0.03695050193560262
J_7465393504,0.0003246533701211271
J_4458722757,0.059688122371769965
J_11812221695,0.0006173348823816672
J_1262043907,0.0003638990203292604
J_1262043930,0.3903755073450067
J_1770465756,0.00038266917795999123
J_1262043929,0.030362936698922847
J_1262043916,0.0013326512503730398
J_1262043909,0.00033615462148346416
J_9928560958,0.3065360482967409
J_13105830030,0.09944474200261634
J_1262043934,0.0002083894922605978
J_1262043910,0.000379877725200981
J_1262043922,0.0011033409536508269
J_7466386826,0.07462811191407472
J_1262043932,0.0003286930205783317
J_1262043912,0.0056122365284948005
J_1262043947,0.0005545788118636336
J_1262043933,0.0003208939356860689
J_7466386827,0.0020028913681112677
J_1262043914,0.0013351157482861054
J_1262043936,0.6072474486942004
J_1262043931,0.9317018616508025
J_1262043919,0.0008243196674598265
J_6144436485,0.00030666505136608914
J_1966466667,0.0004163508702135218
J_1262043920,0.0003978264592698133
J_1262043938,0.10361891222374973
J_7466386830,0.0005327913220218485
J_1262043923,0.0004250220974149553
J_13807649806,0.0005370411758904422
J_1770465746,0.5546052129791804
J_9928560957,0.17156608199587148
J_7466386825,0.30997567814608
J_1770465743,0.0004557065707129184
J_1327387669,0.0007354473794260497
J_1371814296,0.1386905032420216
J_1371814145,0.0027199124482252175
J_4204925697,0.0010533117656421158
J_1327387674,0.004374886709322945
J_1371814201,0.0007825062237267704
J_1371814219,0.0010175110529482216
J_1923819587,0.016535321446416163
J_1327387675,0.0002146098724783273
J_1327387677,0.14473603065880356
J_1327387676,0.0007160162088915535
J_1371814282,0.0010222192966627293
J_7465614235,0.001928586001680037
J_1327387682,0.00030271827891220794
J_6194157441,0.0005256339266139602
J_1371814252,0.00048633047804189105
J_1327387679,0.18276000795148925
J_1327387681,0.2731798536093901
J_1371814205,0.5027993633304186
J_1327387683,0.002473789703696399
J_7465614240,0.001787552758360112
J_1327387684,0.006831024320914369
J_1327387685,0.0001633249103892795
J_1371814312,0.3723204556243087
J_7465614246,0.0014167088667137175
J_11009508675,0.0005744360958369666
J_1327387687,0.0041556736649635525
J_1327387689,0.005761818743320789
J_1371814209,0.3856389095514729
J_1327387686,0.0004238025199017062
J_1371816431,0.08260091340815966
J_1327387694,0.0026030900040027536
J_1327387695,0.0018356170341588718
J_1371814298,0.0004323985683794995
J_1327387690,0.004683197267409741
J_6152762851,0.002004552239261493
J_1327387692,0.02340966471967314
J_4204925700,0.0033201384207250163
J_1371816413,0.0003322302980190948
J_1327387697,0.0003470674329919629
J_1327387698,0.0007523143965854624
J_11395452271,0.0013568531249376018
J_1327387696,0.1699775026799512
J_1371816442,0.00032199156927453657
J_1371816427,0.0013415830633823323
J_1327387702,0.022282039271042123
J_5281727082,0.3225490209642888
J_1327387699,0.1797496460010546
J_1327387701,0.0006112257869376652
J_1371816463,0.0001736976539056035
J_1371816459,0.00041294116963987404
J_7465614249,0.0006392591622753184
J_7465614251,0.303884722668676
J_1327387704,0.0010346244513595767
J_7465614253,0.0006233947210830254
J_7465614254,0.00053512450033704
J_1347565267,0.0004636559663827137
J_7465646179,0.14087880187765087
J_6620856876,0.02208629795863504
J_2225133603,0.20155332195391548
J_7465646180,0.21496431553102244
J_1347565269,0.03175278522229731
J_1347565270,0.0005498627210954268
J_11021533254,0.12254539272545134
J_7465456816,0.0006170301313850417
J_7465672901,0.2873903123791254
J_1634931753,0.22321741438586917
J_1368117346,0.1997104714515473
J_1368117304,0.0006209581651399264
J_1368117316,0.4229793239354055
J_1371814142,0.0005472652576268948
J_9700074482,0.00017449638035392599
J_1368117325,0.00019763401523253618
J_9900960189,0.3147907762796053
J_1368117350,0.20739698594674516
J_1502865753,0.0004822343936099861
J_1368117363,0.008650098910722336
J_5281842539,0.00485079456435712
J_9645445154,0.11397611890431676
J_11434400637,1.9437178486429394
J_11926574593,0.12552774858145513
J_1368672364,0.0011629145988752408
J_1701004552,0.12874483878032728
J_1558993987,0.0011214048035823973
J_7298295670,0.00024960034838684557
J_1368801655,0.0009913995777401034
J_6182817159,0.27885276614691323
J_7101732711,0.0009694212139396015
J_1368801659,0.0003989369470935923
J_1368801669,0.10330639138165866
J_11027804585,0.3527915438054559
J_11077269487,0.11359835943867287
J_1558993902,0.0006986235860372062
J_1558994002,0.001258141510484384
J_11397593720,0.0003511403323432791
J_1368801673,0.040696090055884204
J_1371828535,0.01648920537737568
J_10738521350,0.6155477019269209
J_1368801692,0.010346877895387338
J_9681688971,0.0002625329679062782
J_1376905664,0.07175700832595153
J_1368828978,0.5360880928241307
J_7298289285,0.0010118941008095093
J_7291167549,0.27610214597566457
J_2066388564,0.000242011741093337
J_1368933533,0.21507281941381123
J_11640782969,0.0005563232192844081
J_1368933536,0.0002766234364014641
J_14066684544,0.0003946860305580082
J_7298268884,0.35020954050085423
J_1371807527,0.0016266263029601795
J_1371807599,0.00030006356116626286
J_1371807607,0.0006740845236889219
J_5281839991,0.24228052192712832
J_1371807528,0.004334591054564594
J_1371807530,0.16339769379474647
J_13654038141,0.0005674659327001472
J_1371807531,0.0007374294203483017
J_1371807645,0.17870370062972227
J_1371807533,0.0001255635816684494
J_13654038123,0.2308552169297756
J_1371807573,0.2073122446022413
J_1371807534,0.09199965892631874
J_1371807587,0.00011222991631362707
J_1371807535,0.6236315824675521
J_1371807649,0.00028776941687916796
J_1371807537,0.6600272413849796
J_2486617762,0.02009131897157755
J_9884546155,0.00051902010915794
J_7453315722,0.06997925732143795
J_1371807538,0.2106164320118095
J_13667500256,0.1285565151086381
J_1371807540,0.0004939925550208072
J_1371807651,0.11843909339043
J_1371807595,0.1286382080806625
J_13654030352,0.09794414206166348
J_1371807542,0.0005851559759204879
J_11027638242,0.0008398367636717991
J_1371807544,0.0006520536862201441
J_1371807598,0.11380507724144244
J_1371807657,0.002242610815595313
J_3649025393,0.003175317195709116
J_1371807546,0.08918203913780774
J_1371807616,0.0006626379037386227
J_13130350871,0.2955229154721406
J_13654038433,0.0006047547460175386
J_1371807549,0.0004354527072855804
J_1371807564,0.08209600343577277
J_1371807666,0.1950644199941925
J_1371807551,0.0007322238227302906
J_5281840020,0.08348311316194196
J_13503417936,0.0011945162295998056
J_1371807558,0.0007008086985894815
J_1371807559,0.07067147316900894
J_1371807561,0.000491646032716962
J_1371807620,0.0005416653812693905
J_1371807563,0.17260856631657392
J_13667500010,0.030757346729972504
J_1371807631,0.00086441383377652
J_1578236015,0.00011828322115187926
J_1371807612,0.000632554663965328
J_7453315612,0.0005935625895265751
J_7453315740,0.0008947200286046133
J_1371807571,0.387190287036714
J_1371807652,0.007072683451792418
J_7452673911,0.16690170484144456
J_5283343749,0.0021204966435686454
J_11021488563,0.000916085533788016
J_1371807572,0.0016353544017459814
J_1371807661,0.0007396635846322183
J_13667500433,0.00012356362599625463
J_9700074494,0.000618268617890423
J_11021806270,0.18617394514858626
J_9700074492,0.0012027687200769541
J_1371807575,0.2920039813751017
J_1371807639,0.00016391267077296113
J_1371807578,0.000553398198749421
J_1371807627,0.00035715951666850227
J_1371807637,0.16532958493500502
J_1371807659,0.17202321499663525
J_7147042929,0.0002470220144070962
J_1371807586,0.24932570818911823
J_5281842526,0.12138902804512988
J_5283547061,0.08668488380779814
J_1371807592,0.0002920310929388278
J_5283547056,0.11086437819669066
J_1371807642,0.0022371058317985906
J_1371807593,0.00021063036451264192
J_1371807654,0.0012953175485640662
J_2225133216,0.13925417309728208
J_1371807596,0.0008990462343561255
J_1514989648,0.0838033638252175
J_11015226552,0.002244618244572067
J_7453315652,0.00038161355353062785
J_1371807602,0.000336369657281851
J_1371807630,0.0005654302425597315
J_1371807606,0.0026619179597287307
J_1371807660,0.00028056274193674673
J_1371807608,0.00011279770663362196
J_1514989684,0.19058289191849925
J_7453315436,0.5122499916495314
J_1371807614,0.19157561707862839
J_1590229489,0.00022725386667011354
J_1371814159,0.0002606167280759466
J_13654038308,0.43815898436196227
J_11397275311,0.33400145591822794
J_1371807625,1.9919390574704934
J_1371814174,0.00040681579375920733
J_12186088999,0.7319102066533986
J_1371807626,0.14260538472752504
J_5281842527,0.0002043881635812881
J_11021417755,0.15249978669339936
J_1371807646,0.07856771880353992
J_11015643600,0.3079477403853474
J_13654030332,0.222864334547787
J_1371814339,0.0008550594452560859
J_1371807633,0.0013438668140782891
J_1371807636,0.0011814449357905783
J_5283343745,0.4321589717334938
J_7138383879,0.000703451192063163
J_7453315624,0.00039872438564351553
J_3530277755,0.00038673694763073115
J_1371807655,0.0009310901502302106
J_1371807665,0.31358855292118804
J_5283547059,0.0006468593276812556
J_1371807644,0.0003961986158938641
J_12598616677,0.17995752261035658
J_13654030378,0.0006642052003855669
J_7452673919,0.0044987737967483
J_11021648174,0.0008941439682246747
J_2225133206,0.0003346164690228985
J_1371807658,0.37650487403213556
J_2486617761,0.0007217531214139527
J_1371814115,0.0005970863625840586
J_1371814269,0.0017494745470526692
J_1371814238,0.26705536480530034
J_1371814161,0.2664871731031582
J_1371814117,0.230446514209132
J_1371814138,0.0002290783635247952
J_3324726802,0.000277826185479174
J_1371814248,0.000356008507456751
J_1371814124,0.1468953897628919
J_1371814175,0.0006449407595836838
J_1371814188,0.006107517146333343
J_1371814251,0.6564355594312046
J_1371814172,0.0004990509725038328
J_1371814128,0.0001972402109443456
J_1371814230,0.10231113458452012
J_9700074467,0.004577470474734836
J_1578238465,0.036555241793067454
J_6617329692,0.18751591577989715
J_1371814129,0.11300839368186141
J_1371814193,0.0002887701870029976
J_1371814130,0.05036768232517099
J_1371814132,0.00399866259627075
J_1371814194,0.007370196723174414
J_1371814294,0.0009742280349278716
J_1371814162,0.19623043037376375
J_1598804290,0.38681338316921066
J_1371814140,0.0007459569182065307
J_1578237528,0.03141647104102676
J_1371814297,0.10377323779450658
J_1371814255,0.13216244945051922
J_1371814237,0.00131132944830973
J_9897294963,0.00020946637718662937
J_1371814316,0.0027582053153483014
J_1371814146,0.001363546356952826
J_1371814246,0.0019802795681918115
J_1371814148,0.00027732147240967835
J_1371814154,0.16107689250234938
J_1371814281,0.0010733195260635355
J_1371814156,0.0012456050202712282
J_1371814265,0.0006470152564843559
J_1457451923,0.00023177990774057112
J_1371814158,0.2785391124106685
J_1371814160,0.0009348002172160322
J_1371814267,0.0019193173846012142
J_7465393489,0.00012896582110605255
J_1371814332,0.0004458114790309236
J_1371814176,0.0012386984328698035
J_1371814300,0.9412379798301406
J_1371814326,0.00146303127113931
J_1371814331,0.00038334888345557025
J_10991440018,0.240230838541108
J_5281842533,0.41738069641306874
J_1371814310,0.0012721763442759444
J_1371814191,0.029500978460217615
J_1371814254,0.002542770066994307
J_1371814222,0.0011526795132499727
J_7465393486,0.0012852933968670757
J_4204925699,0.0019663571515688366
J_1371814327,0.0020142084022559074
J_7465614239,0.03159348074418041
J_1371814206,0.366661719560882
J_1371814223,0.0028282033277274806
J_5281842546,0.00024092841032816295
J_5281839988,0.0036026066904285927
J_1371814207,0.00029374044212533137
J_1371814280,0.2005916325322994
J_11395452270,0.0005610195368750292
J_12765426026,0.0013596367052905105
J_6617328973,0.000639222397557112
J_1371814232,0.003424858177198119
J_1371814285,0.0009175074298748525
J_1371814239,0.0009355448086401693
J_5281840018,0.506730796039977
J_5281840016,0.0021497312833523565
J_5281842545,0.0009549395141308917
J_1371814308,0.0008383254682513531
J_10991475142,0.0010549499656270786
J_1371814284,0.09187207974778787
J_1371814314,0.06467687448598812
J_7097657282,0.0002603652866968617
J_9700074460,0.0871160307952351
J_1371814324,0.09023625216248946
J_7452673893,0.11241548976326905
J_5281840019,0.21667414846847033
J_5283343739,0.0006396796940388734
J_1371816450,0.09830743866630114
J_1371816422,0.000708958307429752
J_1371816419,0.00479975413420047
J_1371816391,0.0005652874978482847
J_1371816400,0.00015806059995098601
J_1371816415,0.12320220695043946
J_1371816443,0.0030495578499963667
J_1371816460,0.33619985896490345
J_1371816401,0.18743288388981294
J_1371816402,0.0009865451272816248
J_1371816464,0.00033558220870587275
J_1371816425,0.0011604591240247568
J_1371816407,0.00060718278151324
J_1371816435,0.00405814642045462
J_11438418704,0.13515207281746702
J_1371816440,0.0006762535836813226
J_11885696210,0.0002982558286723407
J_1371816417,0.11613729740752142
J_1371816446,0.1799160183790957
J_5281842548,0.007009668936769277
J_4730103812,0.00487593120773639
J_1371816441,0.001711936801589555
J_6901280956,0.000479015853641924
J_7465456827,0.0020724825647143582
J_1371816462,0.0010306779719349258
J_1371828528,0.0008338132357001725
J_1371828545,0.0004342565905984661
J_7298289263,0.033705117444262654
J_1371828540,0.0006212410155432648
J_7298289227,0.41480451428273113
J_1371828539,0.0001812280163769027
J_1371828531,0.09763053142322257
J_13830106177,0.0002194801398516726
J_9900960144,0.0010903988497316184
J_11397402715,0.0014328718264628106
J_1371828533,0.04118381792533736
J_7298289303,0.16122474804996648
J_10084814543,0.011425372568697807
J_7140718125,0.0008215449469080782
J_7140718121,0.6374467915955894
J_1371828543,0.002998511059997636
J_7298289304,0.0004283437544173642
J_10266837398,0.23760906884679367
J_7140718123,0.2504607893427244
J_7298289290,0.17568841648272235
J_1511238410,0.0009135443728898629
J_1376905673,0.0005381040017792634
J_1376905667,0.0006257473499141921
J_1376905672,0.3123450878346086
J_1376905671,0.0007425420087058903
J_7452712421,0.0002502801909506098
J_13655653225,0.012561569109356475
J_1382528610,0.004703321796996662
J_1384732339,0.00021943532558689214
J_9982048425,0.02395303174444321
J_7465456846,0.26863145653534265
J_11885832888,0.0004376703350431697
J_1384732709,0.552979819897253
J_11885832889,0.003914671024392788
J_7465456828,0.12605457276172846
J_1384732910,0.2981162452276515
J_7465456843,0.15820211468478648
J_9982048419,0.0014315604303470507
J_11409245945,0.05928065091279065
J_1384733202,0.10009301264760835
J_11397260844,0.0006567066685387968
J_1585741084,0.00116916047706487
J_11006982239,0.0014334482068780103
J_1605954141,0.0006087521093982175
J_1439027926,0.2393020189385045
J_1505269146,0.07861775805211632
J_1443044904,0.0016776854837598223
J_1631443363,0.00048232634072119647
J_1443044792,0.0020814115350054983
J_11002846646,0.00023751215754764968
J_13130886315,0.0006629647818471912
J_9867253967,0.0005265609405432934
J_11002846647,0.21628865145098203
J_1443044865,0.11355099355733918
J_1443044896,0.0010676748357533712
J_7298289268,0.41410969857316804
J_1443044900,0.004755800385013982
J_1631443235,0.0009271269034674497
J_1457451930,0.042442527872652576
J_1457451925,0.000739586118299697
J_1598804288,0.0024327226290766254
J_5281839987,0.0024029180766045348
J_1470833636,0.0010743390796834008
J_1470833628,0.0005677919803994904
J_1470833622,0.001763740946375433
J_1470833646,0.000871433199010044
J_1470833630,0.13749779624494396
J_1470833645,0.0014696845650386725
J_1470833629,1.504122250737766
J_10716532018,0.1039994066723644
J_1470833639,0.001279890130587374
J_1470833634,0.10602491214220443
J_1470833650,0.00047504207536645717
J_6632636571,0.0010616855271137352
J_1470833643,0.007933317432161278
J_11017633319,0.0013850955734922828
J_1492407658,0.01334914519653811
J_11414136196,0.0003080644662596525
J_11182447927,0.30750914432611154
J_1485730731,0.15253850581345765
J_6180767894,0.0005473085575683594
J_1485730738,0.0016354249871316224
J_6142680814,0.0014878682987751295
J_1485730754,0.11514307692840836
J_1485730751,0.006419478908907529
J_1485730776,0.20465784773069978
J_6142680813,0.20332219014741507
J_1485730755,0.00024069236795521784
J_1485730774,0.0012614717721453031
J_1485730775,0.0007599583929906924
J_6142628592,0.13445930793447453
J_1492407651,0.0009121490909292673
J_1492407663,0.12233537258292815
J_1492407639,0.003478887729311273
J_9839093177,0.0005189699348898405
J_9839093175,0.3522526451272579
J_1492407640,0.0015332393406546816
J_10017481091,0.27696281438880116
J_1634931733,0.07667630876006302
J_1492407645,0.003033794012205332
J_13041011660,0.000495015217000706
J_2048245856,0.018763732777856975
J_11184922059,0.0004149879797232153
J_1492407646,0.10735768645406317
J_7466375684,0.0006991870927167586
J_11017641140,0.19537870825456427
J_1492407652,0.0016383935457327207
J_1497326586,0.0009176210353930546
J_5281840005,0.0022186782879502678
J_10841617807,0.0026629571571205103
J_7298289308,0.3029097021995945
J_1502865760,0.2073251410495156
J_7101732724,0.001325387108778761
J_1558993985,0.000555557774031443
J_1502865776,0.18472548623623888
J_1502865762,0.0017110521482552724
J_10209103447,0.8792425879304036
J_7140718119,0.001095481879064077
J_1852671167,0.001647926118439733
J_1502865774,0.00030590201737534415
J_1558993906,0.00022704656216038783
J_1558994048,0.0013525672121686293
J_1505269133,0.10274764304573254
J_1505269186,0.0003046225362862408
J_7101760810,0.0009095826867003502
J_1505269171,0.11371259727920194
J_7298289243,0.0003270905196354381
J_7298289210,0.0013096391393901095
J_11028823357,0.0008792929028014306
J_1507064166,0.08988640460659154
J_13655652829,0.06411748602873653
J_1511238406,0.06596175519162822
J_12999157124,0.0002772338766972054
J_9928561082,0.0005607354298269619
J_6901363516,0.00045980424998312927
J_4458722643,0.00018137331164110363
J_4458722689,0.0006446525764033391
J_11015173157,0.0004131077148554033
J_1514989656,0.27739206888358114
J_7453315306,0.3468422417377785
J_7453315718,0.00037183866279680554
J_7452673917,0.0006582052623701096
J_1514989685,0.0008036398854998007
J_9901111715,0.0006557829892373732
J_1558993988,0.2206456844332174
J_1558993939,0.44434333948336885
J_7298289310,0.24835611638987234
J_1558993929,0.0002144193165594613
J_1558994010,0.381741063927926
J_11397404812,0.07583413659946626
J_1558993961,0.003703652489440517
J_1558993933,0.00397461138229472
J_7298289189,0.0017240666163034388
J_12244701790,0.0003318155255592314
J_11397404821,0.22814106454364913
J_10209123011,0.0011446236015156964
J_6142293179,0.00040820548086488965
J_1558993942,0.00044525066479483567
J_12196464672,0.0013238112123272181
J_11397593732,0.00038979351119375756
J_7175603121,0.0010224748493162024
J_10991915618,0.00018631553010414108
J_1558993960,0.0016932843142186172
J_12151901678,0.00046942845314558473
J_7175594106,0.0007165604362588502
J_7175594101,0.09142564242983929
J_11045649363,0.0008768352238005047
J_11045649364,0.017407992056891034
J_7101732727,0.35361209606961774
J_7101732710,0.084555427669941
J_1558993992,0.2657165922257202
J_7101732723,0.0003112461871329394
J_1558994009,0.18313926286588308
J_1558994055,0.0006405339294478927
J_11397404814,0.0011916619063901807
J_1558994024,0.0005349541989454516
J_10978638722,0.000966546018524014
J_1558994025,0.00029958737802356257
J_1558994047,0.19093300448099543
J_10978640856,0.00014475514807682542
J_7291167618,0.09161140856011679
J_1589223971,0.0004035227386709507
J_1590229329,0.00032837854693205877
J_1590229523,0.0008867372689962201
J_1590229591,0.1654524549282
J_1605954172,0.0023799346051867156
J_1605954220,0.0004496089133181547
J_1605954168,0.08572894494720323
J_1605954178,0.0003894241738107143
J_1605954206,0.0016081899767895402
J_11375356861,0.32238458674519105
J_1605954179,0.0043311307774426796
J_7466456019,0.0006886380003553124
J_1605954215,0.002480622804159519
J_11169596337,0.0007613316050685781
J_7291147477,0.14627072453994658
J_1633904682,0.0011371880742124317
J_1633904785,0.0006805425534658017
J_7465449566,0.0693707775092618
J_1633904727,0.00012830978841567488
J_13152307780,0.6516056890064862
J_10232936572,0.0008581355298121004
J_1633904764,0.0015533958138859059
J_7465449561,0.0005606756537163708
J_7465449565,0.2701637010636722
J_7465449562,0.09154711526008723
J_7465449557,0.0006182769531464027
J_13152322515,0.2301044897705901
J_1633904819,0.09621552309432899
J_7465393573,0.00019876865775249897
J_7263113742,0.0008301682426345468
J_11002858225,0.0008982295558054446
J_1634931522,0.00036935397130778024
J_1634931847,0.097400923942335
J_1634931610,0.00022257914248876223
J_7298289286,1.1618075533783159
J_10044811669,0.29489878425456884
J_1634931831,0.00036579502368131546
J_11003036767,0.33564369612028583
J_1634931868,0.07269261609694506
J_12393621582,0.00019654467135954786
J_5281842568,0.00027310431487262204
J_5281842566,0.00022960108342064955
J_1634963569,0.6670385057010043
J_1697942242,0.003121012908100357
J_5281842584,0.0014508479584301995
J_5281842576,0.0010293870233058502
J_1701004555,0.2487554512907304
J_13098366974,0.0020451389340262424
J_1718788929,0.002093999108017569
J_10277100421,0.7041341587480108
J_1718789067,0.0002744151200670523
J_1718788930,0.0005193817237753037
J_3649031394,0.10168125826432232
J_1759857345,0.4661973733732727
J_2987147432,0.00048512218288637943
J_1770465751,0.22533405351259675
J_1770465753,0.1408717338584164
J_7298295682,0.16311615098583795
J_13041011663,0.22193238845425453
J_2048245859,0.009794737311969032
J_13041011665,0.00020782819597522416
J_11002607129,0.7497786353376786
J_11056570933,0.18635327551904324
J_2376774391,0.0009286992760106175
J_11434512223,0.03719538986817656
J_2225133167,0.0013251968689359237
J_2225133173,0.0008256859895964376
J_2225133175,0.0007209270598193399
J_9700074499,0.8891761833088005
J_2225133195,0.0003635930110338311
J_2225133212,0.15209529405917305
J_7147088714,0.001707943046865147
J_2225133199,0.0005329730688202696
J_12698276487,0.07811814362670073
J_11021676037,0.0012732421219421863
J_13645830539,0.0019737405941259814
J_7453315614,0.00038043461808069554
J_2225133295,0.0008922189680379461
J_2225133273,0.16508861296623234
J_11021755952,0.0006013968779519944
J_7453315392,0.0007068831216821255
J_2225133309,0.0019260557835037054
J_2225133523,0.0006118174888791168
J_6753110523,0.0022428828586705256
J_6753110522,0.10503524446019702
J_2225133530,0.00035290545272989967
J_6753110521,0.0005960538319479057
J_7263139539,0.0007488400148350955
J_2225133551,0.22245447364479512
J_11438298620,0.0009716774237014
J_7465456797,0.00036054182886443377
J_9982048431,0.5655521605135758
J_6748996026,0.0005806464446687209
J_11846741326,0.00033846684852172857
J_7453315632,0.002045433980812344
J_2376774417,0.05726080535399185
J_13720252591,0.012669381549241516
J_12141933090,0.3417495856591048
J_13656305932,0.006755389306188946
J_2508149195,0.0006085645016944961
J_2578488068,0.001011013480369411
J_13607317196,0.0005593091730862311
J_13607317191,0.8548975541621511
J_2578488069,0.0009747610355629605
J_2623258606,0.0007205851106228693
J_2987147429,0.0005400557264357484
J_2987148124,0.0013009343949737726
J_7465614187,0.051525466900574454
J_2987149133,0.26601562660794575
J_2987148123,0.26450933696759105
J_11885834678,0.00048756428143757936
J_7465614189,0.0014779124783498047
J_3300742565,0.0009577433968055164
J_3324730976,0.27058656897130834
J_3528034343,0.004729141739040999
J_6748996035,0.001068949002347088
J_9700303070,0.017098184450410177
J_3545987056,0.001644608305724388
J_11003046329,0.5785101010064762
J_11003034318,0.00231628721430851
J_3649025375,0.6518304770836366
J_3649025381,0.0010552866367229622
J_13655652480,0.26330219724867054
J_3649031405,0.0005727013150441774
J_7147090917,0.1034162704549906
J_13715446989,0.0031225554104224117
J_13064733100,0.23278517935862494
J_4458722522,0.03336408586571379
J_4458722721,0.0004233922394457831
J_4458722823,0.0028783018497769964
J_4458722559,0.001084328733409455
J_4458722553,0.0003453550472475072
J_7452673912,0.5475341146990315
J_7453315599,0.0003390675385886667
J_13041584929,0.26014730905935535
J_7138383902,0.24561042353704424
J_11419446866,0.001180587385339243
J_11015153616,0.0006105785775415461
J_4458722622,0.04569124139585308
J_4458722731,0.0039530698384233984
J_11007663483,0.35187651224756983
J_4458722675,0.00021466609568183756
J_4458722626,0.15138015075177141
J_7453315580,0.0005234543751466201
J_7453315717,0.011400248372131347
J_7453315577,0.0008308301821410752
J_12690216001,0.0036977684530504463
J_4458722633,0.18056857528725398
J_10593463232,0.0006053679473156912
J_7263140430,0.0062199409302795185
J_7138383899,0.0007110917251222138
J_11007663477,0.0008791326638567003
J_11812221683,0.0030504315428648053
J_4458722815,0.09837898934021955
J_4458722824,0.00040329576746004643
J_6141750279,0.00033538548641289797
J_4730103806,0.0016085716122170655
J_4730103816,0.14906382410146804
J_9866129294,0.0008719008052778101
J_5281691576,0.11433352284893807
J_5281691577,0.0011087888001240908
J_5281842544,0.006420178954850961
J_5281727083,0.0006390039644846383
J_7465614252,0.0005119400588228553
J_5281839990,0.26447299443175715
J_5281840000,0.0006172978094403802
J_6902150001,0.23563224074603117
J_11197334457,0.03541277894066736
J_5281840017,0.0006610909050316909
J_5281842521,0.00046373665576565957
J_6168910216,0.003440183507173309
J_5281842523,0.004559625876370993
J_13656305937,0.22697611575428642
J_5283547058,0.0006938312300345984
J_13667500182,0.0006419352762131756
J_5281842528,0.001067766079331624
J_5281842531,0.00037724267751451066
J_5283343737,0.0008573265634382781
J_13652990523,0.15581365090376462
J_5281842532,0.0005732139522747981
J_5281842534,0.00020307948787744797
J_5281842537,0.0003057019948924538
J_5281842536,0.3935973824252107
J_5281842538,0.0008627952834762275
J_10991832380,0.0013034629771974367
J_5281842557,0.0004825484857548519
J_5281842559,0.08766881494867776
J_5281842560,0.0002441498477579574
J_5281842561,0.0007857035398457003
J_5281842563,0.31099444848609237
J_5281842564,0.002017585248613039
J_5281842565,0.23342210129627594
J_7101760800,0.31091778783935825
J_5281842569,0.0006946739506065257
J_6911835051,0.0009275646796706247
J_5281842571,0.001081145269930901
J_6911835052,0.2537560244736907
J_5281842573,0.0108005853795814
J_6911835053,0.0018447727083207989
J_5281842574,0.0012438132705483828
J_5281842575,0.0018608499890392762
J_6911835054,0.25404754248135036
J_5283343736,0.19356218097612415
J_11395872426,0.10134473401375477
J_5283343744,0.00041289999566805966
J_11015173154,0.4953826964204216
J_11436636897,0.00019298200795136262
J_5283343748,0.0007703100810879722
J_13127664189,0.0009736586372147543
J_5283343750,0.0013487778699295804
J_5283343751,0.0014524594088931937
J_5283343753,0.3814711373558935
J_13667499252,0.0017405176543180939
J_10687414876,0.0033216813732395065
J_7147063884,0.0010421394322644956
J_7334211452,0.4265276352915865
J_5928041457,0.26717244704449683
J_10017481076,0.0004327003300152542
J_7466386861,0.0010162306853177417
J_12155167315,0.0009000088257629022
J_10038712736,0.0004795670239319044
J_5931305386,0.0003464268476260286
J_12180012795,0.3702637237105655
J_6043189063,0.0007980768854665313
J_12196521966,0.0009401601742928706
J_6137413125,0.1731991110798082
J_11363958154,0.0009721531919576973
J_11397801173,0.00037479577394638325
J_7291167515,0.0005831435986842936
J_6142628590,0.002206531482245933
J_6168910212,0.0006728651483765386
J_7452673924,0.000833919621128067
J_6168910213,0.15155511061343444
J_12185851902,0.5915089503619965
J_11021479822,0.00037915566269343436
J_6177428349,0.06887286023963561
J_9899714417,0.198599370940873
J_11021465194,0.00033787071018189174
J_11419448879,0.0006036284147850484
J_10185513621,0.0009958839872117099
J_11015706619,0.4209247959525215
J_13130422494,0.00015028336566024557
J_6194091030,0.0015608832859559621
J_7452692540,0.07184451655526088
J_7452692538,0.08157139253436742
J_6194238913,0.2814833198886891
J_13130332397,0.0014919761652625878
J_6194238914,0.0035646245923559214
J_13127790412,0.0007067844078865939
J_7147090948,0.0020756549690982297
J_6617328935,0.015301728478382156
J_12635196524,0.0001548963780447316
J_13076932658,0.0007200825203516121
J_6617328955,0.000819606473813723
J_11812221673,0.235131248093696
J_11007664986,0.07473027430264612
J_6617329698,0.0004652157034950753
J_11009607007,2.900466580120899
J_6617329699,0.11753517827503829
J_6617329732,1.2353246294281883
J_11812221689,0.18539052840133508
J_11812221684,0.00011802350839158236
J_6620856859,0.0006910544060136958
J_11812221682,0.0001556432915610971
J_10221065294,0.0002322165830624438
J_6632652201,0.032268582375311015
J_10076263537,0.0022021768378133293
J_6632652240,0.054639798999524654
J_11041656612,0.0027893019359423944
J_6746682761,0.18296777731452926
J_6894486324,0.003659986497043583
J_6746708992,0.2822571752138438
J_9700303071,0.001260214646010367
J_6748996039,0.007568684742927057
J_7465456856,0.16919956108802237
J_6748996042,0.00038568063149253454
J_6748996040,0.0017257389045937175
J_7465456851,0.22932174274306044
J_11409263307,0.41485871923076406
J_6748996044,0.205705481155149
J_6748996043,0.04341870672955271
J_6748996075,0.0019926084131961968
J_6748996045,0.0009085350842780192
J_6748996047,0.06145315716793598
J_6748996049,0.0014371946117970945
J_11944239451,0.005285106268896128
J_7465614139,0.000883711434096515
J_6749434106,0.0030118160786886503
J_12185986689,0.0006845483941313821
J_7452692536,0.12671491362460185
J_11438167760,0.22885165643859226
J_6755551374,0.0035165234187322547
J_6755551377,0.002037011352529261
J_11409293349,0.1267455801020638
J_10687741979,0.0005939016102799175
J_6755551379,0.15776428280997407
J_11409322630,0.00010291310845480098
J_11409346234,0.058066802612776414
J_6758593404,0.0018176318582996472
J_6884970118,0.0009845662268368983
J_6884970119,0.0008310810592867476
J_11197334456,1.0554334512274497
J_8935990994,0.00051514192729474
J_6894243326,0.5843149731334785
J_6894243328,0.0007593787511515852
J_6894486323,0.0014856220081875954
J_6901276162,0.000655487458014771
J_11885820562,0.000165836761949571
J_6901363518,0.1473654766591993
J_6901363517,0.0002657292690101485
J_6904168220,0.04053753938703054
J_6904168225,0.000543406666125688
J_7453315400,0.16710024654145522
J_7097657283,0.2707065566928271
J_7465393495,0.3601619157563656
J_11027804587,0.1943007091463127
J_7101732726,0.42132215481676283
J_7101732730,0.0009489368952479751
J_7101732731,0.0011670141698058966
J_7298289306,0.0008175242501131516
J_7101732735,0.00238019158618626
J_7101760804,0.00022337337538488931
J_14066684771,0.6599145241709412
J_14066684791,0.20145884390327298
J_7101760812,0.22090819346065257
J_7101760813,0.0012969400042960296
J_7101760816,0.0008011643344606872
J_10038722876,0.0016170480837988503
J_7121386231,0.1438160075475377
J_10719511590,0.0007886912245477032
J_7138383883,0.17263518409922443
J_7138383898,0.0011982078887047536
J_7453315631,0.0007597639745305551
J_7138383900,0.00013940566040955142
J_7138383903,0.06355185236090763
J_7138383906,0.0006666677619447981
J_7465614223,0.0010200516255086675
J_7138383911,0.0005814551416339378
J_13149044768,0.11885151420901456
J_7138383912,0.024312151740632275
J_7140718117,0.0011710224273570578
J_7298289230,0.00025466594591801693
J_7140718126,0.3131353818933241
J_7140718128,0.00022971040663800083
J_7140718132,0.11380510573093061
J_11397421981,0.2843510990343
J_7147042927,0.135419961139512
J_7147088707,0.18646267524779556
J_7147090938,0.0006829859507699752
J_7147090939,0.0075947186473811065
J_7453315650,0.3984562743647205
J_7453315651,0.15276293364690263
J_7175594108,0.005965934751334526
J_7291147464,0.004082868447759937
J_11397632762,0.0014103098068185952
J_7175614341,0.0011278176584741215
J_7175614342,0.0006851159998003576
J_11397591498,0.12850441280047287
J_7187815406,0.22430796291127425
J_7298289291,0.00021493759216941236
J_10222690300,0.0011716423675490958
J_7261406107,0.0012597536178462153
J_7263113741,0.08187267014885945
J_7465393579,0.0020310006401042207
J_7263139538,0.08684332301131817
J_7452673901,0.002718515804494044
J_7452673906,0.00018631564044251724
J_7263140433,0.003472760267927241
J_7452673908,0.0017052206561943065
J_7291147457,0.0008078193933128736
J_11045649359,0.0004570634984341926
J_7291147465,0.18256764226775357
J_7291147483,0.07001826993479078
J_11021454465,0.6325197046978169
J_11306557823,0.0002099933267426076
J_7291167499,0.0011140619583443908
J_7291167500,0.0010252464237069593
J_7291167504,0.003042941252975671
J_11397591500,0.0005415160909417196
J_7291167511,0.0006111303000959725
J_11176392352,0.14323346347375268
J_7291167520,0.19452800126723296
J_11045649360,0.001953471593321804
J_10991796882,0.00086936502140234
J_7291167617,0.271661387141318
J_7291167619,0.00031293530197365894
J_7298268882,0.0007674758879501627
J_7298289193,0.21763152360453517
J_11397486839,0.00034782176575397044
J_7298289198,0.0009654665738800314
J_7298289212,0.19656791895247355
J_7298289223,0.0014826056945951211
J_7298289226,0.00041411127444687554
J_13097684026,0.050254534869896415
J_7298289241,0.24109166660738612
J_7298289246,0.11942623809057558
J_7298289248,0.4070121240410873
J_7298289316,0.11567174211125794
J_14066685083,0.0006829882795735255
J_7298289269,0.14406915116878685
J_7298289295,0.0007811874912219846
J_7298289292,0.12863774254704335
J_7298289293,0.26440589992343505
J_7298289294,0.0003669371903477499
J_11802465263,0.5708066678834842
J_7298289296,0.2778477286827171
J_13830106205,0.00019215276888305847
J_7298289307,0.0010117504527238233
J_7298289309,0.0008583513542200596
J_7298289314,0.0005919151719510443
J_10284858574,0.0013764817861121404
J_7298295674,0.0008889687559853717
J_11025384531,0.0006748603408263402
J_13535853200,0.0005266893699303821
J_9866129292,0.18617201699989672
J_7298295675,0.0002969335187600958
J_10168889545,0.31462461461966834
J_7298295681,0.14204245852678213
J_7452673897,0.00031892756494614227
J_10991375325,0.0003361863537880247
J_7452673898,0.0921452070202545
J_7452673899,0.18104235496348905
J_7452673900,0.0005031953469410631
J_7452673902,0.12956301967229222
J_7452673907,0.4176640998696228
J_11021488560,0.0004878808836777235
J_7452673914,0.003183228350358175
J_7452673915,0.0006997013912051254
J_7453315600,0.0028535682937057224
J_11175924867,0.06446305837076395
J_7452673916,0.00024061392201452333
J_11021648177,0.370665186919268
J_7452673920,0.4049345720044218
J_7452673921,0.0006542517166810391
J_7453315301,0.00034564921327411474
J_11015778368,0.1207990995558874
J_7452692537,0.0009202263880839305
J_7452692541,0.002540341061555767
J_9700074501,0.010700935455932118
J_11015166119,0.0016965047318205672
J_7453315636,0.0003781957315011528
J_12697947081,0.0009529395779988498
J_7452712420,0.0003124089636958024
J_9990058602,0.09751631573142894
J_9700074486,0.05961867754323672
J_7453315302,0.29463182889886386
J_7453315305,0.2901203365730645
J_7453315307,0.0006230132108489667
J_7453315313,0.07603068724843534
J_7453315387,0.0006749868039232866
J_7453315388,0.18577712722369713
J_7453315391,0.07094702151826292
J_7453315393,0.11070245701873496
J_7453315399,0.0007002689548763555
J_7453315401,0.0004598497944545168
J_7453315432,0.0008990897119399228
J_7453315581,0.31505926613077884
J_7453315582,0.0008351804610114539
J_7453315583,0.0001234797300905724
J_7453315584,0.16330653008967913
J_7453315735,0.00320553354928748
J_7453315613,0.018087966460737483
J_7453315618,0.1988176425867944
J_7453315622,0.0005509545065948822
J_13127664187,0.1477787622118388
J_7453315627,0.3122106441429218
J_7453315654,0.002852721869189045
J_7453315653,0.08660613267487209
J_7453315655,0.004027446880735271
J_7453315731,0.6418941195832256
J_7465393488,0.15046927055423917
J_7465393498,0.1164535366870311
J_7465393505,0.0003232824535378916
J_10991357069,0.0007461777659703321
J_7465393516,0.03301445712170046
J_13645830505,0.04074174596555995
J_7465393525,0.0057060267867296175
J_10593463228,0.2040111033382166
J_7465393527,0.001890892134283278
J_13645830516,0.36218072861979844
J_13645830527,0.13385114648642524
J_7465393572,0.03886450282197104
J_7465393578,0.11827715851882342
J_12260767760,0.11735040117763847
J_7465449546,0.0008749363574345091
J_7465449555,0.0009489985312945024
J_11438132731,0.0006558327635431896
J_7465449547,0.6568267838568681
J_7465449558,0.0003641153121496596
J_7465449554,0.00034856731998484405
J_11438132728,0.46346770477525107
J_7465449556,0.30376561653640777
J_7465449559,0.16958076035207087
J_7465449560,0.17607332660601263
J_7465449564,0.0008905133729652454
J_7465449567,0.0005495526433018985
J_7465449568,0.0022385333162721587
J_13152307781,0.0014383871897394914
J_7465449582,0.2570464579575178
J_7465449583,0.00041106498061687036
J_7465456785,0.0008464966335263457
J_11438144606,0.0004572822139725651
J_7465449584,0.000824837343198394
J_13152302110,0.002163941803431508
J_7465456788,0.14571037438965317
J_7465456798,0.00015868765118763953
J_7465456803,0.3395164939927256
J_11021578456,0.005167022519161664
J_7465456806,0.0018898106425608884
J_7465456810,0.002028005238644608
J_11409454649,0.062401065054465785
J_9700303072,0.3340240658831166
J_7465456817,0.0020824250207328375
J_11021569037,0.0016457277215425382
J_10687741966,0.00047325378330061716
J_7465456830,0.0007008289508321532
J_7465456831,0.030661991575582054
J_7465456839,0.000882461092368146
J_7465456850,0.0012948283881983524
J_7465577040,0.20209014212706905
J_7465577041,0.0005320905752652501
J_11409159131,0.00019614216925190495
J_7465577043,0.002202296639134559
J_7465577042,0.6305027973764237
J_11409263303,0.0005028401008463639
J_11409172855,0.08220551676165987
J_7465577044,0.002312133590873783
J_7465577051,0.0016914624665271365
J_7465614134,0.000383920690136452
J_7465614144,0.21754844953910815
J_11409171825,0.001271457080867101
J_7465614140,0.4458607583367352
J_7465614146,0.0004903215510591223
J_7465614145,0.5568815904185235
J_7465614228,0.4052233794757963
J_11002963424,0.0034653932066437284
J_7465614227,0.0006215807318795238
J_9700074465,0.0020341221691576664
J_7465614241,0.337972822273305
J_7465614245,0.0004888738129205468
J_7465614250,0.1939720130345353
J_7465646171,0.0009491660655589216
J_7465646172,0.15877821315418947
J_7465646173,0.001057728778634603
J_9880569589,0.0003237150372963949
J_7465672893,0.0012197319653115357
J_7466375661,0.00029196905878252116
J_7466375683,0.002009249306708899
J_13807649550,0.0014155817481785592
J_9928560993,0.0009255675864846387
J_13807649466,9.59302623343673e-05
J_10017481078,0.000253340198712814
J_10017481082,0.13702892727285743
J_7466386859,0.0009156783770531095
J_7466386860,0.30653253472214936
J_8935990991,1.8734213497206558
J_13802597961,0.0034230242720581887
J_8935990993,0.3264645203637142
J_11197323405,0.00042422133711556443
J_12161557849,0.12051447154548792
J_9645445153,0.661368248063581
J_9645445136,0.5237279508218917
J_9645445142,0.0014020350771261692
J_9645445151,0.00020053485845907885
J_10991478286,0.00024892509865282185
J_11015641079,0.23362121627105545
J_9839093178,0.14170885887035858
J_10695024184,0.00044515454070721437
J_9841504888,0.36717361982026264
J_9841504889,0.002683526928371093
J_10695024186,0.0006528960791040009
J_9841504890,0.0006735070319771671
J_12918642886,0.3709502450003748
J_9866129293,0.0009711020171755176
J_11002921849,0.25637911233111704
J_12180012794,0.0002835665949764461
J_9870086766,0.0038079329593047853
J_9870086765,0.14610605377970184
J_9873963410,0.0005429129412629948
J_9870086773,0.0007400161769082593
J_11002595848,0.4831527211508656
J_9880569588,0.09178378615102781
J_11409454669,0.0006644827174676246
J_11409413544,0.7322655000114806
J_9897294964,0.4168753572393325
J_9899714418,0.0008480869744003924
J_9900960143,0.14556086499402918
J_9900960190,0.6415258958585062
J_9900960192,0.0008741094413922748
J_9900960191,0.0006575940244185046
J_9900969018,0.2521368736218152
J_9900960193,0.0004241256274963259
J_9900969019,0.0010101476685053339
J_9901111716,0.0003219577535132234
J_9910918458,0.00236487130208631
J_9910918465,0.017719426576448778
J_11197334455,0.0018609764173765488
J_11197323412,0.00025344915441442265
J_9928560952,0.14480881573965704
J_9928561083,0.3254906387674319
J_11885820563,0.0035903941539764607
J_11397285061,0.0008489676383304361
J_9990058603,0.0010191884923076685
J_10017481116,0.0010020441681637237
J_9992581197,0.1464774371340197
J_10017481077,0.2935455244514018
J_10017481079,0.5876407364433474
J_10017481090,0.19072809679746822
J_10017481092,0.0007649222498953993
J_13041011657,0.0013810139853880177
J_12155114398,0.3056723930105089
J_12155114399,0.9407645325434469
J_10578097581,0.00046513834711044946
J_11003016445,0.013636516211355027
J_14066685118,0.0006344124702074593
J_10038782704,0.0006979625942993409
J_10038799161,0.9210189612414733
J_10168889544,0.0005283243621144558
J_10038799162,0.2984654790552164
J_10038800926,0.0006930442223418759
J_10038800927,0.0004919137966658086
J_10044811670,9.87092953303977e-05
J_11002587524,0.0004937933770974097
J_10209103448,0.00039953129180771293
J_10209123012,0.002041753662826958
J_12696050651,0.0012824049635371964
J_10222738375,0.005088250868553964
J_10222738376,0.3482376370065404
J_12210693584,0.0003233624405560968
J_10266837400,0.0027314554234655754
J_12210693586,0.000748159239832209
J_10266837403,0.0011637533242604122
J_13830106009,0.42433499195996727
J_10266837401,0.0005283263576188812
J_10266837402,0.0008574620889582004
J_12157689023,0.12411573918242952
J_12157689021,0.001846380794098737
J_10277100419,0.00024883777467493457
J_10277100420,0.0006250428881906645
J_10277100422,0.0012481188374026712
J_10277100423,0.9212478661397572
J_10284858578,2.2913748843987523
J_10312430299,0.0018131310132192733
J_11028255656,0.0005484927243670587
J_12078798115,0.000349254903399141
J_10574674451,0.0003772843545485058
J_10593463229,0.0014629040758994496
J_10593463230,0.0004332428947333064
J_10593463233,0.0003239254089419552
J_10593463231,0.3411491466982753
J_10731125515,0.35008905232748255
J_10687741969,0.18361734221715906
J_10687741968,0.0005525553185400826
J_10687741973,0.0006631941603215352
J_10687741972,0.5848596123006798
J_10687741975,0.00047178741605580644
J_10687741974,0.17855662972722666
J_10687741977,0.19410509691521144
J_10687741976,0.00027022759521807193
J_10687741978,0.4744921111162956
J_12918665451,0.17571552342308397
J_10695024185,0.007247241846818215
J_10695024187,0.14422032130373288
J_10716532019,0.27378172100721027
J_10731123200,0.00028498429469374023
J_12185458377,0.8230886376546096
J_10760860023,0.00026217813771072776
J_10760860022,0.00011951243111972585
J_10760860025,0.2030522081109173
J_10760860024,0.13679471543738533
J_10760860026,0.04077498082406604
J_10820231133,0.0002693968437675709
J_11021555208,0.2006598283353509
J_10820231134,0.26223026693251106
J_11021548225,0.3855921843398076
J_12187507077,0.7026624832220091
J_10978638724,0.3008385307110662
J_10978640858,0.3174966429068217
J_10991357070,0.0004675223490339678
J_10991375326,0.09185547233090904
J_10991440020,0.0005064081153789288
J_10991475147,0.10018223638218973
J_10991651170,0.1523959555787901
J_13717751723,0.15095789387472222
J_10991915619,0.2797258323828848
J_11001362539,0.8722131895152674
J_11002607127,0.0005143080018371741
J_11002607128,0.2604989584699065
J_11002607131,0.0005034963224823644
J_11002607133,0.0003042520753790487
J_11002607130,0.0004350569570285636
J_11002607132,1.010489411094519
J_11002890405,0.0004311084178215283
J_12180012791,0.00044658379987508654
J_13130886313,0.00029535356850090454
J_11002958966,0.0004146780300932326
J_11003016446,0.6429663552277409
J_11003037132,0.17231499881802598
J_11003036768,0.0005870694030003815
J_11006982240,0.0005186822521504696
J_11007664987,0.0006438782928724942
J_11015153617,0.00040580524580775313
J_11015166118,0.0003027161955919669
J_11015226553,0.28597496491087515
J_11015226554,0.00026615552330573833
J_11017633320,0.21136249107110147
J_11021428252,0.05007881867076306
J_11399465859,0.0009642715030762508
J_11021437034,0.0005855125069595574
J_11021437033,0.4965501283088662
J_11399469960,0.26081219668693373
J_11021454466,0.00029182004060806794
J_11021478368,0.0008145858264396304
J_11021488561,0.000339737273194064
J_11021514732,0.001094900392742249
J_11021555207,0.0003442060277150158
J_11021555209,0.0006551086337601964
J_11021569038,0.7872288841353655
J_11409461237,0.0019632301624442432
J_11021603481,0.0003945764629573573
J_11021603484,0.4179099340343102
J_11826963020,0.00015391885631545424
J_11021676040,0.3620275019685534
J_11021755953,0.5129599431989338
J_11074670549,0.1922576796804297
J_11021766299,0.0005924885373122081
J_11074670574,0.4364237227561411
J_11025384532,0.3692910899105745
J_11027804586,0.00036756294133835215
J_11027804588,0.6847775300179798
J_11329623304,0.024390582727384612
J_11028823358,0.21753922386385896
J_11028858435,0.0008503116810165636
J_11033916343,0.006482465934188584
J_11124633999,0.17883398855829674
J_11033916345,0.0084612106753157
J_11121867056,0.0013712903610567624
J_11397404813,0.0007940808685850087
J_12151901679,0.1519186638681849
J_11397404822,0.0006579389355127083
J_12918642840,0.00020932886444577147
J_11077269488,0.0005638399972966111
J_11121286749,0.11081955921207676
J_12997704936,0.00040052288675111313
J_11182447928,0.3075091458219262
J_11397285063,0.2114907816649716
J_11397388905,0.2120548906022443
J_12151901633,0.15491866196212917
J_11397404823,0.06835088310954364
J_11397591499,0.1672121863164545
J_11397593723,0.10130520534366425
J_11397593733,0.07219098491914125
J_11397632765,0.00011134257208938855
J_11397632764,0.05165483872478624
J_11397632766,0.0772403911166365
J_11409159132,0.21901736560000812
J_11409171826,0.5314036045757086
J_11409172856,0.0006313075470201718
J_11409245946,0.0004924477361051463
J_11409293348,1.5265849334586246
J_11409341814,0.0027377890181917303
J_11409322629,0.3017717837604976
J_11409327905,0.013897112127987192
J_11409327904,0.0005908946630344231
J_11409341813,0.00027219060566787133
J_11409461238,0.0003785038440992548
J_11414136197,0.3833797192805808
J_11419446867,0.0010021241329237999
J_11419448880,0.0003495400769446082
J_11434298150,0.24603057516719748
J_11434298136,0.00012186358606566804
J_11434298145,0.45187998880763475
J_11434298148,0.00019163627921039763
J_11434298147,0.18989048556272994
J_11434298137,0.15735365730880965
J_11434298138,0.0008756125534578293
J_11434298144,0.000739768314988969
J_11434298143,0.0006181457805019202
J_11434298142,0.0003608934705458321
J_11434298146,0.00048363506901587456
J_11434298149,0.2536501821438846
J_11434298151,0.0003536488820772834
J_11434512224,0.23624735610454803
J_11434710894,0.0004738122733331648
J_11436636898,0.5806713641369717
J_11438132729,0.0002481858149804388
J_11438132732,0.0011093153272690808
J_11438144607,0.38483178053340755
J_11438167761,0.0003535731390566009
J_11438298623,0.001499264519595945
J_11438418705,0.15525319960377024
J_12196909080,2.2805560840324195
J_13076932659,0.0005298005128171429
J_13076932657,0.0005867316127852483
J_12765390074,0.002534038561006061
J_11826963022,0.1792021923555161
J_12961466032,0.0001739542038540494
J_11934696261,0.0003592536747311385
J_11934696262,0.15444290937832486
J_13715446990,0.0011697627002531024
J_11934696264,0.35436729017798
J_11934696263,0.08378268391646702
J_11944239436,0.0002955250645139595
J_11944239448,0.1489831023683719
J_11944239449,0.22437863802819324
J_11944239437,0.001399409354026676
J_11944239442,0.006156748406714427
J_11944239447,0.2525277084227121
J_11944239441,0.26854432065930756
J_11944239438,0.00018311443545926347
J_11944239450,0.2712277177070864
J_11944239439,0.0007408945377942374
J_11944239444,0.0006015301675383819
J_11944239440,0.28753234108321546
J_11944239445,0.000794710839354626
J_11944239446,0.0006845856600953128
J_11944239443,0.0003608288434748868
J_11951620623,0.0008224358538998975
J_12078798117,0.11291774090912028
J_12151901680,0.17265338335823013
J_12155167317,0.6607191982481877
J_12155167316,2.1209018334084777
J_12157689025,0.0007717793026540362
J_13086731148,0.8314810081051218
J_12180012792,0.252964949188198
J_12180012793,0.2201836624569071
J_12185458378,0.001326257808120568
J_12186088998,0.001093518941245571
J_12187447576,1.0311383837484858
J_12196464673,0.3014612836553362
J_12196521967,1.4109419381040007
J_12206473572,0.0006616462823884384
J_12210693585,0.34151060488737367
J_12393621581,0.15086711944879294
J_12604472596,0.0014438735718987025
J_12696050650,0.000641662530891223
J_12697947084,0.23674694963775217
J_12698276488,0.0007981414266178394
J_13645830500,0.0009996152418494531
J_12732525820,0.0016115527962356304
J_13787035709,0.0003377312417331168
J_13787010485,0.001721427977573026
J_12918642841,0.15523395594633915
J_12961466031,0.004341945832603125
J_12997704925,0.0007478142538297966
J_12997704926,0.18712613285176335
J_12997704944,0.8107477330235338
J_13787010459,0.0002599781960237691
J_12999157123,0.0895850698733584
J_12999157125,0.08440868853816356
J_13041011653,1.5004958408543543
J_13041011654,1.8804906883945505
J_13041011658,0.5416123829467913
J_13041011659,2.121318047859536
J_13041011662,0.5154608062563909
J_13041011664,0.30735564602411547
J_13041584928,0.02058841147599556
J_13064736701,0.00041534602661014527
J_13098366975,0.0008314865677689614
J_13127664188,0.0007097836326709986
J_13127664193,0.0063852824757759975
J_13127790409,0.0007852491623769829
J_13127790410,0.545697025984799
J_13127790411,0.3688043248186458
J_13130332396,0.0006504928331143283
J_13149044766,0.0013880009861297852
J_13149044767,0.18879223716493704
J_13152302109,0.4642740078746334
J_13360780445,0.00039095017425921447
J_13607317195,0.0003877756700948183
J_13645830523,0.0003742065362158423
J_13645830524,0.16280836663625148
J_13645830525,0.22787044002893717
J_13645830526,0.0007483403104621184
J_13654038306,0.0009726252812978246
J_13654038432,0.000227341004178335
J_13655652478,0.00030100464024717234
J_13655653224,0.0010264722005877914
J_13667500009,0.5817145105478058
J_13787010454,0.18284716194776143
J_13787010455,0.002356799835250884
J_13787010456,0.0004584472659993657
J_13787010457,0.33647716676063283
J_13787010458,0.0006487934931321762
J_13787010460,0.000871266945612061
J_13807649465,0.14109843916698261
J_13807649549,0.12141300555072304
J_13811792565,0.0007174819249290453
J_13830105943,0.0006842153310258744
J_13830106010,0.0004998417384139835
J_13830106176,0.17266964540710694
J_13830106203,0.08348131815560292
J_13830106204,0.2700506764274175
J_13830106206,0.314374014861084
J_14072070988,0.11729438017842399
J_14074138182,0.3110161856740697
Outfall_1,0.0014082951026344163
J_263152669,0.00027544646063531124
J_12701503777,0.04734685863384
J_263152682,0.08788629043158798
J_11890789032,0.0022624290687357383
J_292571010,0.024580231569814554
J_264191653,0.0007567302978456984
J_7485257256,0.00839621174418136
J_9942486329,0.0010257724167116239
J_264191657,0.0013233897109901655
J_12037596589,0.00034661201537031043
J_12037596592,0.002629316464178043
J_265508839,0.0022833806709352234
J_2385189257,0.004584424283286796
J_265515618,0.0038808618923667736
J_10148771375,0.14595323529551993
J_11942790555,0.001466834149932034
J_265515680,0.0005836642340278229
J_11942790558,0.002243536796745432
J_1603517785,0.34663414877568144
J_267111269,0.0002086104599945509
J_11001551091,0.33865049287810756
J_7480265385,0.08361362655590196
J_5279476913,0.2955660549756578
J_267111274,0.00016482644431628482
J_11434275895,0.00032600945328585003
J_267111275,0.0029032068915617365
J_459523988,0.07910287252596435
J_10060829542,0.0008540252645451994
J_5279552032,0.2772107398312798
J_10060829534,0.0004895793811406168
J_267112537,0.01656915548988392
J_2389189908,0.005814231697690386
J_1273685089,0.00027804784968196933
J_11328923745,0.15288803181803803
J_2397332881,0.0006276521692836472
J_267112538,0.007964651921090568
J_1586948348,0.0007867129480262264
J_1273685325,0.0003589071930831942
J_1273685055,0.004264230869610066
J_459501915,0.0003080242437878269
J_961479936,0.01353589245624663
J_292571017,0.1294694094301649
J_308720259,0.0005456416453484385
J_1273685418,0.000564949808506605
J_292571018,0.011392692562495676
J_10060598127,0.02418528238065363
J_292571019,0.15676132784537744
J_12679452834,0.0017540358872172657
J_7121595807,0.0004932088544842142
J_7485135216,0.0006266825238551093
J_308720203,0.03366171310349451
J_7279345372,0.000603862892464717
J_7477902722,0.00044965368048858334
J_308720210,0.11173372332334434
J_7477962048,0.0002794920725893248
J_11405105277,0.0003076794209436362
J_7479644060,0.04071134281064542
J_308720214,0.0478054309135845
J_14028386722,0.00015009457764505245
J_7478530885,0.0019670716069698038
J_4855343478,0.0016122882944160533
J_308720255,0.011836164810467275
J_7478350830,0.05711503664338635
J_6752840399,0.012303611579752969
J_4855343466,0.0002961687194465163
J_308720258,0.0007037521782034566
J_6180271784,0.010974730347268154
J_7477707574,0.09326515259924299
J_7477707704,0.0633160555628849
J_308769348,0.006021972416215756
J_1596076622,0.004748540149673884
J_9694860596,0.0024728551541965582
J_308769352,0.003662972627785515
J_11025029448,0.0027394752329970985
J_308769355,0.059118274426879565
J_308769460,0.002687221117518694
J_3544022991,0.005443882723378868
J_308769461,0.0027125411987340203
J_1596076540,0.0016640401245481102
J_308769463,0.002573062578452587
J_7370971230,0.0023839888391094933
J_1311768492,0.0009050363045969134
J_308770417,0.008864040275944233
J_308773641,0.010490787014434406
J_308770488,0.002080799845238503
J_308770493,0.002946522023069855
J_10996588739,0.00046701835522510376
J_6276048258,0.0019356531903906209
J_308771031,0.0005213023923038824
J_308771034,0.0034185175470136
J_7484374648,0.002046197213520672
J_2389189966,0.19500342075056848
J_10095113784,0.14341695989122447
J_10069900354,0.3373776629926735
J_308771037,0.0008382202320423183
J_10095113782,0.000506244660002093
J_2629764010,0.00012703422890522915
J_308771264,0.00047933545538161914
J_1860919625,0.0004810043453458191
J_10095091180,0.20621790012332744
J_1785440917,0.3739590585329835
J_308771268,0.1876904888968959
J_308771269,0.0002968046110770449
J_10069900339,0.001542708368115258
J_7485097474,0.00020520511803620185
J_10069921119,0.14184347549024218
J_11010053189,0.08334136818385046
J_308771274,0.10874341343263201
J_2389189883,0.0007187043038129042
J_2389189899,0.0006384807208239384
J_10069921124,0.00014391529763013947
J_308771278,0.00014900388950733477
J_7484374642,0.09627241991833074
J_2116565445,0.0025125277178896705
J_10060598169,0.0011598814308948517
J_308771856,0.001264522802624669
J_10095113761,0.00021392782162421703
J_10095113762,0.00264555261491132
J_10095113766,0.5154664168648203
J_308771859,0.00031815405162204775
J_308772132,0.162857322639306
J_6196918646,0.11218906006732239
J_2389189944,0.00926958109338496
J_2389189945,0.0005313990933126549
J_10095113752,0.0002566447985931246
J_9491459241,0.00042913803247895363
J_308772135,0.0016413927307749115
J_308772136,0.0010724603467531437
J_13112252473,0.0011847749781718011
J_2389189957,0.5288533790844862
J_2389190028,0.07111111073270715
J_10095113768,0.12134969920076906
J_7438211030,0.004452118819899706
J_1596076534,0.008551717753668574
J_308773652,0.19562101033143317
J_10980125650,0.00038180856284458276
J_310178286,0.0007025237629363003
J_9694860597,0.008416485204387637
J_12450442631,0.0002993139825373713
J_310178305,0.14562020465190964
J_10980284848,0.04679319821589702
J_310397447,0.001927630273040641
J_12060647604,0.010687334666940114
J_681318811,0.10489640128565629
J_452480343,0.029437071341798356
J_452480914,0.0022343570056935027
J_3689018729,0.0006553967427435814
J_5922767855,0.053583049067447465
J_11383273877,0.009189047875393886
J_452480921,0.0011112063961803485
J_1192792151,0.0002527179992295021
J_1811348271,0.0024240007551861163
J_452586949,0.0014041762253885488
J_6876954860,0.032419625502177064
J_459516943,0.0017312987239287462
J_2389190096,0.0005091382736008263
J_10093923305,0.2482131713033433
J_459501924,0.003681452470863209
J_13174858118,0.6166505260107344
J_1859904874,0.005774564391051395
J_459501933,0.006334735222159885
J_10148771374,0.0001882350680571759
J_459501951,0.002235633692045093
J_13119633134,0.0009067706743093525
J_1723962297,0.0002984032649299054
J_459501956,0.00252673349822704
J_7370971202,0.0006331285655562907
J_13751745453,0.05816558971596106
J_1811348183,0.0010154314390625153
J_459501968,0.0005351126191610961
J_2389244830,0.1745072597870009
J_13343861355,0.00035297712635506864
J_11553093979,0.0010937668703140987
J_459501980,0.0013882967583100857
J_11900206374,0.003709905816157727
J_459504902,0.0007302846460709822
J_459504904,0.00687757398982029
J_11890757856,0.00041160074194190584
J_459510377,0.00041834506870058334
J_2389190090,0.1810022402940791
J_7258689373,0.1709717483801466
J_459510381,0.0006269109351385608
J_10093898084,0.3826841047985629
J_10093923297,0.38320038221636826
J_2389190063,0.0015801454551113159
J_459513967,0.044077544260294664
J_459513971,0.0010916468282112675
J_5968914606,0.0061810362586251655
J_6876954868,0.011061476824256289
J_11001163909,0.19525580718177107
J_459513976,0.0024222818941311113
J_7370971209,0.009811672885422609
J_459513980,0.003706347261610351
J_11001147343,0.0008716603161404098
J_459513987,0.19326484341186637
J_6884194491,0.0013320096710371034
J_3771369080,0.0009874417591644953
J_11001200066,0.0017485415610987984
J_459515615,0.0006303757388050796
J_1726120845,0.0013121723707138603
J_2389190045,0.000292018569549926
J_459515906,0.00023687631498829327
J_7438345130,0.0008545962686805017
J_6884490706,0.006207846631998517
J_7189581182,0.001641257592738979
J_459516978,0.04690952584836821
J_459515911,0.22958505472202329
J_10094599128,0.00028525938744827594
J_10094599129,0.0007529459981529568
J_459515912,0.0004940816150829705
J_10993994965,0.23134286035782448
J_6894725285,0.00044424961080343796
J_459515918,0.0040698273526828315
J_7437758478,0.25874575398605093
J_7438345296,0.00040330118717295054
J_10993976951,0.0017791560090876738
J_459515922,0.00046935402524216915
J_7438345169,0.19741258380756085
J_6876954872,0.00043788411833634564
J_459515925,0.002318260615276559
J_11029512157,0.32264045263894264
J_11029512162,0.0001901366124029286
J_6746120481,0.0003923727909086619
J_7260732129,0.0013873236945545183
J_459515927,0.00038211294242233303
J_459516944,0.16063587059979423
J_459516920,0.0006044980452950925
J_7438345063,0.1479849852413918
J_6197264653,0.0008575916078690599
J_459515929,0.003745736387900244
J_10094588829,0.3237616057394067
J_7438345320,0.0011492189999969553
J_7631601346,0.008552590877542315
J_459515934,0.0006196743377247569
J_6868787736,0.08275592449723446
J_459516935,0.002185909554482201
J_9992874527,0.0005870314285482236
J_459515935,0.08661078151868974
J_459516959,0.0003034712500472818
J_459515946,0.002315798458879881
J_11865977865,0.0003413553008243121
J_459515936,0.001018134504598031
J_10058305338,0.381386119386579
J_459515948,0.2535207464527011
J_459515937,0.00040466843884742385
J_10094499516,0.0006704159056506125
J_459515943,0.24743029080051537
J_459515947,0.0008463836680208003
J_459515938,0.00030140732362246743
J_459515941,0.28422329777574856
J_459515940,0.10924922964472189
J_459515939,0.0016484108705291773
J_10094600818,0.00041604260988389825
J_7438345312,0.0009252102406135105
J_459515942,0.000983022422859465
J_459515944,0.000569000145336967
J_459515945,0.000547244940398385
J_7438345318,0.146986479332999
J_459515949,0.0023910894756112395
J_459516958,0.08231420260967688
J_459515950,0.0005535149889332717
J_459515952,0.00032129132727924155
J_459516960,0.00026718690912052776
J_7438345225,0.2012169852222256
J_459516919,0.0003433615636847602
J_10094588828,0.32797483038254116
J_6197264654,0.31699935076749153
J_10094598879,0.00044124441703903203
J_459516946,0.2219167360640942
J_459516926,0.0013300004698729739
J_7189608589,0.000723647964500823
J_459516968,0.24757164290347627
J_13048458424,0.0016749821713226477
J_459516929,0.000415005118640061
J_459516970,0.30707065646958137
J_10567171009,0.13041042130339536
J_459516930,0.07471191788037804
J_459516964,0.0003069090986361099
J_5922623923,0.00032082662956776985
J_10094638945,0.0008205567566519847
J_459516938,0.0006023724452674669
J_1724044273,0.05076019919827292
J_5922623929,0.0006820405052107115
J_5922657181,0.20831266345317298
J_12818944369,0.0005462059518224251
J_459516945,0.00013616742331251633
J_459516947,0.18099314125183194
J_10094599134,0.2214180989699074
J_7438345326,0.0006761204761420493
J_459516948,0.001978758296779166
J_459516950,0.1881628750246348
J_10094600823,0.00047252917559913773
J_459516949,0.0013607644371859476
J_6877025786,0.00031492816343465884
J_459516952,0.0006708921386650372
J_7189581174,0.007301532951981935
J_459516953,0.007640406346701493
J_10994010033,0.0004648871582159607
J_6877025791,0.3213899850983476
J_6143971175,0.14021671366961935
J_459516967,0.3703036482780941
J_459516969,0.000825971272829167
J_459516971,0.0007212787474228284
J_459516973,0.002569599367045633
J_10094612591,0.0011492756915336482
J_2647774024,0.0014110208135862568
J_10094612598,0.0005038554410386646
J_459516974,0.000569578324427514
J_6143203401,0.0021966223542551214
J_10094619629,0.1471597074069614
J_1726946443,0.00034312496533458645
J_459523963,0.009189965143528067
J_7374851867,0.004318019276293244
J_459523967,0.001290412917453977
J_6770911558,0.003376914158299373
J_1827508771,0.020190511808158663
J_6180426978,0.03137714796894238
J_459523969,0.0006888669594239682
J_459523970,0.0005907502051313976
J_11217424749,0.17644498290903138
J_5279476907,0.0032822038256032217
J_7375154142,0.24035731636489416
J_1827508768,0.1629885533336412
J_459523977,0.0019321298936484706
J_7371620935,0.0011214016098127241
J_7371620939,0.0005092146315040583
J_7371620932,0.23551786109822576
J_459523980,0.00020717037683836375
J_5279431547,0.00014670923243562264
J_11434271566,0.38794847284804396
J_5279552051,0.00036884507046545126
J_459523981,0.0009280334277610919
J_11434288076,0.000412553781336358
J_5279431549,0.4443786089036158
J_5279552048,0.00013471927328977647
J_459523987,0.001865723305684914
J_7477902715,0.17499792286449378
J_10060627851,0.0010172473017774437
J_10060627850,0.0011487356448271538
J_7477902710,0.0003879576043388936
J_459527134,0.005970827059372479
J_7121595612,0.004507339274777662
J_7484166802,0.0007349200884217798
J_11414207159,0.23124486802154567
J_459527144,0.0002595762828327213
J_6749677202,0.00024127209064642882
J_6749677194,0.07085899567512191
J_11011540737,0.0006790686222803964
J_459529174,0.005951230161123716
J_459529188,0.00036358360384747767
J_13793735738,0.003296220529822793
J_6749487662,0.0018899354737197378
J_459529181,0.0013555798276654349
J_459529197,0.00034011156310710737
J_459529184,0.0763950227429457
J_459529182,0.0007420677241623096
J_11025745381,0.16279255092963069
J_6902034656,0.1007393789501798
J_459529183,0.0012528221688336957
J_459529194,0.0004143610445438551
J_459529192,0.002185818531885521
J_459529189,0.00515187176245029
J_459529190,0.24012788018531075
J_6758508272,0.0007966646839313021
J_13048350279,0.0010139455568951017
J_7438345172,0.0004521851882176018
J_7438345170,0.0004130286654101908
J_459529191,0.0017573986234952052
J_459529195,0.19707096144063727
J_459529193,0.0014431854819032925
J_459529199,0.0006836647036515951
J_459529198,0.0018558695544520331
J_679187737,0.0011180232365690984
J_7483988212,0.0034669715831528976
J_679187740,0.0016540830739776677
J_679187750,0.0020914787311259696
J_10095062583,0.00032805538941817485
J_10173316456,0.3327304379344019
J_679187744,0.00042987004733007763
J_11414209054,0.00038928055918001684
J_7483988187,0.1485421643002906
J_7483934675,0.0030931190830782115
J_9602472609,0.14331156248077953
J_679187882,0.003700363376363508
J_13146416443,0.20297290191603107
J_2116565482,0.0028418094024638594
J_1586948371,0.0046459045097575575
J_679187953,0.00038131282788275543
J_679187960,0.004112972480530555
J_679187963,0.3729401871153169
J_679187964,0.00129691837630309
J_10173240224,0.06405486814743931
J_10094987709,0.1629302418806011
J_7478072784,0.04202454755151226
J_679187997,0.0015387334197980473
J_6884118539,0.00031944320585911826
J_6194068548,0.1302960131537557
J_679188005,0.002264742015827237
J_1273684990,0.35452321859042485
J_7478079862,0.0009071648048760072
J_7457639695,0.00011576944082109069
J_13062091913,0.00010425404136688116
J_9939357100,0.09786166061014913
J_12145574349,0.023722495033340476
J_1192534321,0.18015452049424552
J_2389190070,0.0010480769489347058
J_1192790879,0.003016620917218323
J_6901342474,0.0007229881735703409
J_11903251284,0.009194658557753565
J_1192791100,0.0006995696805030727
J_10207107732,0.33070012566214124
J_5957248106,0.4595261844387274
J_1192792022,0.0009601318141255429
J_3771369082,0.00020501315385807115
J_6876954861,0.04668390169416242
J_7438335525,0.000517934911471498
J_5922767856,0.1343535783938457
J_1273684787,0.7711334323773188
J_10060598137,0.0011963809199890285
J_1273684790,0.26778823145335556
J_1273685312,0.00208635245157432
J_1273684794,0.00034240829935640874
J_1273684815,0.0009453329113639115
J_10095030274,0.6589402485049509
J_10095030277,0.31569293071662424
J_1273684795,0.0018980998864836704
J_7457639689,0.25207417431013696
J_10095011157,0.00030275964598279096
J_7478185534,0.0010865997771650373
J_1273684798,0.14129665428278965
J_10187540826,0.00033006293781583004
J_7457639687,0.00023109153375871756
J_10095030290,0.0006878673129403392
J_1273684827,0.00023565010088042541
J_1273685414,0.00036297714079834277
J_1273685109,0.1337612587417114
J_1273685425,0.04765603184020751
J_1273684828,0.0674134815357016
J_12966205162,0.0004212353366433624
J_1273684902,0.00034344795079807475
J_1273684832,0.0010540149621755296
J_1273685242,0.0013185807271870894
J_1273684836,0.11271809210533057
J_11383045309,0.000318920099946879
J_1273684848,0.2709851255348817
J_1273685246,0.00323395536387137
J_1273684858,0.00025011161097999177
J_1273685262,0.08593002994369026
J_1273685270,0.0010518702635294733
J_1273685487,0.11160635401041018
J_1273685020,0.0003610531308134808
J_1273684861,0.012157399099892635
J_2647643945,0.00020551028261428286
J_11011585848,0.0011702573730687973
J_2647643949,0.029798818376054203
J_1273684871,0.009449639896679001
J_1273685260,0.13475920729742413
J_2629774992,0.0003116629411588264
J_1273684907,0.000568839696989216
J_1273684906,0.12263156809142581
J_1273685148,0.00015866844995255725
J_6194116865,0.028264815897333182
J_9602472601,0.0008131409684791119
J_1273684928,0.22484726269759084
J_2449294286,0.05523524021803844
J_1273685017,0.0009809419409093003
J_1273685091,0.0006560570443566128
J_1273684930,0.21777909480529878
J_1273685357,0.00025891356866046355
J_1273684950,0.001034865668271255
J_1273685481,0.0031030875332512266
J_10095011153,0.49067650850178324
J_1273685374,0.12450972607467871
J_1273685493,0.0717852862564463
J_1273684953,0.04274729228650459
J_1273685365,0.0012202286545179362
J_1273685416,0.0007520188620470983
J_11013382413,0.00028293166033154356
J_1273684955,0.0935928542192705
J_1273685299,0.00034930534759050104
J_1273685435,0.00020281708573844983
J_1586948328,0.00016758597098636603
J_1273684963,0.0005236040215417452
J_10095030281,0.2971981597150078
J_3874198365,0.13251742435939667
J_1273684988,0.00016532316872458613
J_3874197098,0.0026132921985691647
J_11001173270,0.0019253560332271823
J_3874198361,0.17510528051384533
J_10095011119,0.0017919392449980806
J_1273684994,0.001375617438220851
J_7484374638,0.00031200208348224463
J_6144122407,0.2172705672258825
J_1273684997,0.2869985033644414
J_1273685003,0.08757687529471524
J_1273685469,0.18859150242864262
J_7457633175,0.00022912321435247942
J_1273685422,0.0007971150808802486
J_1273685446,0.10427732107785868
J_11001178337,0.5310297534201084
J_1273685183,0.0012748760184836934
J_1273685021,0.001990569189722456
J_1273685163,0.0008302528144352933
J_1273685022,0.392552255080269
J_1273685032,0.3371378755933444
J_1273685432,0.0021870473076525793
J_1273685386,0.0008465148846876905
J_1273685229,0.13907391295786126
J_1273685456,0.00017028830141902247
J_1273685104,0.0013269255583976884
J_10095011148,0.3607928662552597
J_1273685120,0.10689416403132342
J_1273685233,0.000621858774648057
J_1273685126,0.14538841606212813
J_3874198363,0.103800408056032
J_7457633177,0.0023996275361239444
J_1273685150,0.06729060125683654
J_1273685338,0.000722377514719766
J_6180271771,0.0014548338842371427
J_1273685166,0.0028953462616302886
J_10095030295,0.0006647940497737573
J_10095030294,0.32604150198303955
J_1273685326,0.000645544723479465
J_1273685504,0.17759847639354948
J_1273685510,0.17783932712021316
J_1273685194,0.0666736660710176
J_1273685202,0.5983787980895926
J_10187540829,0.027956041071381887
J_1273685221,0.003022575018294486
J_1273685502,0.0003471781939190146
J_1586948324,0.0004743530059597275
J_1273685231,9.788220505539298e-05
J_1273685368,0.1820231651848094
J_10060598170,0.42892452607755704
J_3874197089,0.00137251618800636
J_3874198357,0.00031797128903759817
J_1273685235,0.1341126533137735
J_7457633179,0.001995320379661736
J_1273685252,0.0007546806918733936
J_13116112614,0.00023682149266017648
J_6748918874,0.16076516686511444
J_3874199190,0.0014460005700472167
J_1273685261,0.016578603607314557
J_1586948325,0.0007459949556189946
J_10069900324,0.000653706835949554
J_1273685281,0.0003043233926368739
J_10095011124,0.24318072926883336
J_1273685287,0.0009111354762426852
J_1273685308,0.0005832877027686989
J_1273685454,0.00048635163177239763
J_1471804787,0.19219163325411978
J_1273685329,0.0005093093902585929
J_11001178342,0.5556092600891943
J_1273685349,0.24337243231550487
J_1273685485,0.0007011583335405808
J_10095011128,0.0003218110726475833
J_1273685373,0.5050328946472703
J_3874197094,0.0950340905391012
J_7457639690,0.005065528731620275
J_2398456320,0.05747194301063168
J_3874198366,0.0002237042574385681
J_11001178341,0.00035729308902992044
J_1586948326,0.08926303089278555
J_3874198369,0.09276284772052704
J_1273685465,0.00011588641449945899
J_11001173278,0.0014287325258432017
J_13174798670,0.34346722338764196
J_11001173273,0.633797088806097
J_10060598057,0.0008682090216690204
J_1273685508,0.003591762597887482
J_3874199202,0.003931816816720133
J_9956815357,0.000342271021264534
J_1273685521,0.000273169367657421
J_6737845302,0.48182103771606694
J_1311768490,0.03493988460056757
J_12518028450,0.006385954389479809
J_1614219915,0.000435191139383897
J_1859904840,0.018056773171369733
J_6877025812,0.005325274676809427
J_1324893297,0.0006882109413007477
J_11395381959,0.0009436798714647234
J_7121635572,0.0019798928073479906
J_10060598018,0.000429895901519345
J_7121635564,0.0011918927842470026
J_1324893317,0.001732964242880632
J_7477962079,0.00039214741516215576
J_10206851209,0.09776554234606978
J_1339403351,0.0002799970186718475
J_7462946405,0.0014479817246369829
J_11416831192,0.4889308032402528
J_10097349096,0.5661102146964001
J_6884072997,0.06493622672362542
J_1339403368,0.19894487006596243
J_10094685222,0.000374149314723745
J_7462946389,0.0005157491005232475
J_7462946390,0.42030937316223804
J_1339403387,0.00024719327336959957
J_3770571233,0.00012583826792352302
J_3770571198,0.5214363297144207
J_7462946391,0.29886750803521717
J_1339403397,0.1411510036820486
J_7462946381,0.0031729607359303703
J_13056308347,0.0017221243094539065
J_1339403417,0.00017984345021387405
J_10097349087,0.00022142408337229785
J_11416391837,0.0017324488466681951
J_11416796642,0.0005031972905448226
J_1339403443,0.00036816233332336533
J_11417014107,0.007384470880107546
J_6902034632,0.08132357507675413
J_1387747107,0.00039201465897022555
J_1387747113,0.0021584175843127195
J_9780799546,0.09389067778199324
J_11903256584,0.0003965568969406652
J_11409457492,0.0018507985936097484
J_11903272896,0.0007868250844786184
J_1471804783,0.0003207349774894299
J_10060598116,0.3216019869073007
J_10060598118,0.0007069671775540892
J_1472212581,0.19125377229125867
J_7371620980,0.0004585313342239186
J_7371620978,0.00016019251198382169
J_7371620976,0.0003810336825747732
J_1472212587,0.004880725237250762
J_10198883257,0.0009481205277891795
J_7385315169,0.0070514561143262015
J_5279431572,0.005980589378275105
J_1472212597,0.002612843750326108
J_10199293846,0.0006142514624373347
J_1817170763,0.0007499087239652919
J_6888351646,0.21063927167278934
J_10199205782,0.0001718138753136283
J_5279431599,0.0007224281449909233
J_1472212613,0.0041377725195279194
J_5279431608,0.0006563249782925285
J_6180386292,0.009433066330932927
J_10199175820,0.40478681265309224
J_1472212621,0.0002460355196404996
J_5279431613,0.0003781970147259807
J_2389211770,0.00045638142854724636
J_11365900541,0.00029888922241557304
J_1472212638,0.0005269616081855601
J_2389211699,0.3560639001924119
J_2389211735,0.0006540433321818872
J_2389211701,0.0017322610638798926
J_1472212655,0.24998388188042095
J_1827518845,0.0002964847376094747
J_7374411165,0.14748569762135733
J_5279431620,0.00146110982106877
J_1472212657,0.00047796349204687864
J_11027148285,0.1961212894890573
J_2389211789,0.10964049945123978
J_1472212664,0.0005624500216959927
J_9780835309,0.00042265383389224377
J_10199162753,0.2790253857421267
J_1472212675,0.003203181235889755
J_1472212679,0.0009508475381986215
J_2389211769,0.07955284708816325
J_1472212681,0.00019502186680730026
J_10224900665,0.1332214022008633
J_1472212691,0.000540901361134774
J_2389211784,0.00041462496989092587
J_1472212685,0.14151440273247787
J_10287251398,0.0010210631973688507
J_2389211741,0.004503359104484893
J_2389211704,0.0004733021542276392
J_1817171264,0.01764226153611388
J_1472212736,0.014424391734796132
J_11397628028,0.2444335915673174
J_3874197099,0.0008018563045955664
J_9932949312,0.013227674235185794
J_11009620014,0.000962397606574582
J_7205518318,0.00037122250537497276
J_10060598062,0.11362864395452202
J_6180272091,0.002912927601065087
J_7121580880,0.08593050612625146
J_9602472602,0.0070985427540899764
J_1586948390,0.0015355007301115404
J_7485287832,0.002051722189396073
J_7485097448,0.20396458589503644
J_10095062599,0.20535334578868286
J_2398054569,0.019922081335482972
J_10980340380,0.1313038682599044
J_13875606181,0.05031482892474761
J_1597811502,0.011763047832795444
J_13046007554,0.1217711706529454
J_13779063786,0.0004279916229536446
J_1597811522,0.26121295899052444
J_10173387855,0.010983450905334783
J_1603379719,1.2935049497550453
J_9800971704,0.0036218736323401857
J_6877025797,0.0009833988865243404
J_11926112919,0.000358086315052513
J_2445376558,0.002234188406524735
J_1698688816,0.02454626855789167
J_1698688818,0.004097543868222622
J_9800971703,0.0010964715745776959
J_1698688817,0.0021187453986297403
J_13843234359,0.21669615931886393
J_10148771380,0.025436799638545712
J_13119633133,0.0009380229760958685
J_12695919893,0.01903092122155507
J_7438207070,0.306629350764194
J_1733896354,0.1707496179772328
J_11007224151,0.0005357375975903765
J_1785440907,0.1970270627506845
J_1860919630,0.0004166363697301484
J_1860919620,0.0012881087445971505
J_1860919629,0.00020136359818456138
J_6141731488,0.1888118522442948
J_1785440915,0.000577605434521661
J_10060587992,0.12750217456419105
J_7175421819,0.0010571621434647721
J_7121595634,0.17432870322286034
J_7485097469,0.0003052883496316522
J_1785440920,0.14645727936759179
J_1860919627,0.035703017170683304
J_10095091182,0.00028672152296882936
J_1785440921,0.00019818828453130804
J_11190154512,0.35742205171594843
J_1785440922,0.0004837535703854924
J_1785443404,0.23042967755765728
J_1860919622,0.21232989564973762
J_11926112913,0.14305161075691325
J_7374229652,0.18184539241510733
J_1817171091,0.001258441961960829
J_12198983535,0.0002986950598979221
J_10672725301,0.0016759108031621558
J_10199613951,0.001445502514225051
J_11400095500,0.011944235166879208
J_2389211786,0.013019564267137844
J_1827508717,0.004209697810662825
J_1827508749,0.0019222086955930097
J_10035539009,0.0004083010445565268
J_10199108576,9.70602302959236e-05
J_10198948157,0.0006238641077131215
J_10198946518,0.00024406991195068462
J_5279432823,0.24198662944184615
J_1859904788,0.045088650091022316
J_11411586823,0.0006770601180994408
J_11411586831,0.008138737362707035
J_7384995674,0.008555163952806076
J_1859904794,0.0016546504777780887
J_7385277576,0.00010201717713405543
J_10997113146,0.3285653295372365
J_7377696420,0.004331983606750517
J_1859904796,0.15495220288359088
J_1859904801,0.0002460515744148756
J_7385277583,0.004823155670679625
J_1859904807,0.12773711879773575
J_1859904803,0.9257353988659112
J_1859904812,0.0004309073703232383
J_7385315087,0.0001403794131873473
J_1859904804,0.00040667222616205394
J_7385277555,0.00046413177229800696
J_9954447041,0.0011596114988654846
J_1859904819,0.0007502045923090645
J_1859904815,0.000284111595047364
J_1859904813,0.0006813945350719913
J_12169645138,0.4947978254108218
J_11056786856,0.0010661639041314754
J_7385315109,0.0009264984777242103
J_1859904821,0.00038764596250285096
J_1859904831,0.05324373051165592
J_5279431527,0.0015080670782788544
J_12198983528,0.009224674154281859
J_11001137216,0.00042537381274146435
J_3950397233,0.0022103566668391743
J_1859904875,0.152083942816667
J_7438206999,0.0006565673362723322
J_3950397227,0.0018995008159794504
J_1859904878,0.1062365203218371
J_3950397229,0.0005521727775122451
J_3950397228,0.0008637449510407774
J_1860919611,0.0005440214229765322
J_1860919628,0.003015002067622926
J_1860919613,0.0011967460673807176
J_1860919616,0.0007088250596513492
J_1860919617,0.246803562282571
J_10060598163,0.8892832040106848
J_11010096470,0.0015063420885648726
J_11365706362,0.001424486509680008
J_10095091185,0.0010785531531215208
J_1860919618,0.0011927415185528781
J_11399617461,0.0007846290122712988
J_10095091193,0.001553839803974796
J_10095091192,0.4914498282691266
J_6194203891,0.0007863617407879779
J_1860919623,0.0014706994674751643
J_10095091183,0.10612389342172147
J_11399600420,0.0008297718037275543
J_10060598159,0.15428624840006402
J_10095091191,0.2906958332767037
J_2116565440,0.0024330177369713056
J_7485211791,0.002167066739048961
J_7485211792,0.0006310925243838778
J_2116565545,0.0029839841442103657
J_6758576126,0.27230038430860914
J_7121513474,0.001858436374743517
J_6754844376,0.2134159351567533
J_6759208614,0.44223680742942617
J_6759208615,0.0002276303517045125
J_2116565597,0.000621169038046977
J_7485211797,0.48600927673377237
J_2180090172,0.0007852003050615708
J_2389189935,0.05372063801238075
J_7485097466,0.0003060598228089394
J_2389189933,0.0016095000140239938
J_2387016574,0.0007844584676705388
J_2387016575,0.057571315476918586
J_2629764007,0.0007890567271371302
J_11011585847,0.22293777316502858
J_2389189884,0.11553310777288886
J_2389189885,0.0012381096314578088
J_2629764008,0.2110091271461465
J_2389189888,0.0029727050029130747
J_2389189889,0.30710956604542256
J_4390381279,0.002765988175974166
J_10069900332,0.00011038132943383892
J_2389190012,0.0002288446567571935
J_2389189896,0.0002333174448421842
J_2389189890,0.0017129990769503077
J_2389189891,0.00025407592498399135
J_10069900336,0.0008593115083238316
J_2389190010,0.029548139553579027
J_2389190011,0.1697595275621207
J_2389189892,0.0004521171292168234
J_2389189895,0.0844831427499446
J_2389189893,0.0025529415930870885
J_7484374645,0.00012973011528214136
J_11252287224,0.22378615266878343
J_2389189894,0.42082190632187644
J_12144144434,0.0006943535618117956
J_2389189897,0.002577776210523458
J_2389190018,0.00034606156340930277
J_2389190016,0.0015025753993265461
J_2389189898,0.2538021765086484
J_2389190026,0.0017074557718222145
J_2389189900,0.3263731783705779
J_2389189904,0.09711869330886413
J_5279431537,0.0003593399881181922
J_2389189901,0.00040954387854649587
J_5279552022,0.005784567917550335
J_2389189906,0.0006309386588393947
J_2389190027,0.11634219863172954
J_2389189902,0.001661106795098993
J_2389189903,0.0025568254142859146
J_2389189905,0.12453433455411927
J_2389190025,0.0013365524821688816
J_2389189907,0.12245803439238682
J_2389189921,0.1443651696896779
J_7485135192,0.09401180796131073
J_2389189926,0.0005156443415164072
J_2389189927,0.00021077357506795973
J_2389189932,0.06705212658041043
J_10095113778,0.1185388173382458
J_2389189934,0.0023217643925595526
J_10069900345,0.0011550891089511645
J_2389189936,0.5721991315662488
J_2389189938,0.0007427329644187519
J_7485275175,0.02914113998009407
J_10069900356,0.29281710151264934
J_11001062091,0.06081926201892846
J_11001097000,0.40124626198903157
J_11001075929,0.0009004952017585524
J_2389189951,0.0004186700920255523
J_6194036044,0.00390243900537434
J_2389189969,0.0012035939137698443
J_2389189971,0.16232077016123986
J_3633415038,0.0037550759989413668
J_11928785684,0.0775482858973886
J_13490858814,0.0003463940652885405
J_6177899943,0.000476900052160613
J_2389189981,0.0006139893192988562
J_2389190005,0.0010100159119005034
J_5279544119,0.0020554234308352444
J_12172301698,0.0032640285063766116
J_11252287221,0.17571081153109422
J_2389190009,0.42575821008088044
J_2389190020,0.0028973968081478616
J_2389190013,0.12282756260022265
J_2389190014,0.00018888656923009953
J_2389190015,0.08070373975555363
J_2389190017,0.0013482908867943845
J_2389190019,0.0943082320842143
J_2389190021,0.10289022328744349
J_7484374641,0.0002444575618834803
J_10095113788,0.00010551318770304375
J_2389190044,0.4615956892866194
J_2389190101,0.0002780765320384768
J_2389190072,0.0007342845044292499
J_2389190048,0.00917123953817552
J_2389190082,0.0011307012224067475
J_2389190049,0.002215474105488739
J_2389190055,0.34817121124158934
J_2389190056,0.0011672381669779112
J_11412136328,0.001321306563901384
J_2389190079,0.0015489085537590901
J_2389190062,0.43653152265099726
J_10227023131,0.0002570616207770565
J_2389190064,0.0002768007275416706
J_2389190068,0.19349044214368025
J_2389190078,0.44579263822011916
J_2389190100,0.6790656142905088
J_2389190083,0.35817301816031993
J_2389190088,0.5148038445309268
J_10127783692,0.0008919791864413009
J_2389190094,0.13377903844618008
J_10093923295,0.00028139005846856876
J_10093898085,0.001827039093279331
J_2389190104,0.11227877733002443
J_7438207074,0.002277968752545389
J_2389190105,0.4570746768907598
J_2389190110,0.00034903739938699154
J_2389190106,0.6708424852291082
J_2389190108,0.0005071755479666814
J_2389190107,0.0007927465897027488
J_2389190109,0.649243373389287
J_2389190111,0.0006275239498080026
J_2389211682,0.00035966697206935944
J_2389211716,0.0010579929279810262
J_2389211684,0.000921197518347805
J_13105185133,0.13754275969140062
J_2389211691,0.20628646546930055
J_13105185137,0.000820868468072693
J_2389211731,0.0011280665290183851
J_2389211700,0.0007946462311890317
J_10206772895,0.0008646550139748965
J_2389211710,0.000537562981221204
J_2389211743,0.003677955772489284
J_2389211753,0.0027383564959800382
J_2389211714,0.20161824748022888
J_5279544108,0.19502079100530367
J_7371654294,0.00038670240809196777
J_2389211728,0.2766873494497421
J_2389211738,0.004074135163592852
J_11027155468,0.00014900165196414053
J_2389211729,0.0003099219788274275
J_7374081095,0.000304966376451037
J_2389211732,0.00010720725228082301
J_2389211733,0.00031641951285429155
J_13068314367,0.0026132049935796075
J_7371654298,0.0009861479967802173
J_7371654296,0.6679130855593244
J_11430454868,0.25521337654037185
J_7371654297,0.0008525639227666822
J_2389211742,0.0010945686377611605
J_5279544112,0.00043861000802341107
J_2389211750,0.0017471115335100163
J_2389211749,0.2461212128978045
J_11009918755,0.07653770968470316
J_11409327286,0.0005117123836594047
J_10199190241,0.0003065799851712282
J_2389211776,0.13757227548028514
J_2389211772,0.11337924404365511
J_2389211774,0.00012163911930954093
J_6168927284,0.00037115425740050245
J_10199227465,0.0007960224020033987
J_6168927585,0.0014552658286038865
J_2389211775,0.0010963779895934002
J_6168927272,0.0005417121162704878
J_6168927273,0.3901239835663751
J_7375161288,0.001251315328730746
J_2389211779,0.0035322723077966236
J_7375161315,0.024216985310219784
J_2389211780,0.09496291248726685
J_11365900544,0.0008543943874328953
J_11368519454,0.49848124508297037
J_2389211785,0.40950958408904437
J_11007257822,0.3946502095906304
J_2389211787,0.0006227008984902299
J_2389211788,0.24069319054972377
J_10001309169,0.0032610373349659352
J_2389244814,0.29989910208617476
J_11007005885,0.00012732848347019374
J_2389244820,0.0011143137310207281
J_7377696447,0.00031468201533891665
J_2389244826,0.2069306872947948
J_2389244863,0.0002843142155202581
J_2389244860,0.001050320865697484
J_2389244881,0.1590726030898837
J_2389244878,0.11787987932448708
J_2389244882,0.0007029768666691401
J_10117745045,0.22775954271519688
J_2398052842,1.0898425438096095
J_2398054567,0.12640617364795756
J_10173387896,0.0028143079159454196
J_2556896169,0.007027654511369748
J_6755846765,0.3258715162312144
J_10095113775,0.19280597964162263
J_2629764013,0.0028039795131776023
J_12680560206,0.0005507184186310498
J_10069900347,0.13767713767000836
J_10069900349,0.0005744403401602418
J_2647774021,0.0010573956465061603
J_2647774023,0.000723548496467712
J_5922623930,0.0005364039382838371
J_5922657175,0.0020799891824177692
J_5922623925,0.09379976189945544
J_3178642049,0.05703356470143752
J_3874199199,0.004978325298896637
J_6749055660,0.0015614043153962325
J_6888390049,0.00011351941353780924
J_12145574350,0.0006392162194384626
J_3633415026,0.0008090535743866371
J_3633415027,0.08744483102423183
J_7487905117,0.0008147128676733351
J_3685401174,0.00015281218762062292
J_3685401176,0.0001418801770064616
J_10094598884,0.2973619647408458
J_10094598885,0.41356676967374834
J_3689017617,0.0008604753837216264
J_11919215810,0.2729990451220101
J_3763329339,0.00022476085281976425
J_3763329341,0.08768573394445378
J_7484941125,0.000621488981778864
J_13439059997,0.18171975784337188
J_7146875697,0.0004126179377094345
J_3874198371,0.0011725664465711415
J_3770511772,0.18518372063985314
J_3770511799,0.0012386659325756327
J_3770511774,0.0007633655420605679
J_7438345187,0.0001999643384998551
J_10094622734,0.0008428825653844858
J_10094622735,0.0019127631316023198
J_3770511775,0.0025605869769935166
J_7438345274,0.0008457239125109208
J_7438345265,0.0009781576214614768
J_3770511796,0.2586916796773396
J_3770511798,0.0012400242218681362
J_3770511776,0.04027771161522072
J_3770511779,0.00022935454128975285
J_7438345270,0.0022283924525980563
J_7438345031,0.3377796196393341
J_3770511778,0.00039719238877871136
J_3770511785,0.30732459138913976
J_10094661211,0.7466024688271327
J_7438345269,0.0011876150858492961
J_11416774231,0.21430605076374223
J_7193252935,0.0017997937947537915
J_10567178488,0.0005736932968866376
J_11416751962,0.002485555642293975
J_3770511793,0.0006116141928376287
J_11416754288,0.005311466605609459
J_11416751963,0.0006502939237419416
J_3770511795,0.1812381875254988
J_7260732146,0.0002691929381816433
J_10094661209,0.0004603797130563947
J_11416774230,0.0004740319054107447
J_11416774234,0.0003763882578217108
J_7146988632,1.0587049972307014
J_3770511797,0.002178375105065076
J_11416752849,0.10996265856848901
J_11416752847,0.9021784157289052
J_10581657541,0.0061348467579860995
J_7146971154,0.00212201681517646
J_11416754286,0.12124755321054026
J_3770566340,9.875919663003222e-05
J_3770566560,0.12715632836540347
J_7438344997,0.0009223774719159004
J_3770566562,0.18982110360775972
J_3770566343,0.0019785442849389987
J_13817446508,0.27895019778061153
J_10211727776,0.001419277887539681
J_10211727775,0.14200217577453364
J_3770566345,0.002758524459054538
J_11416816060,0.00011204550145954539
J_6178085154,0.0014058075022506387
J_10097349084,0.00029538178535089017
J_3770566350,0.0010060588607299266
J_3770566352,0.09851772814714894
J_3770566351,0.0011395838204769266
J_7438345290,0.34577820654347863
J_11416863814,0.13569415549694336
J_3770566558,8.827434297373247e-05
J_3770566354,0.003103983356443266
J_6884490727,0.0006466046522327889
J_11416417682,0.000819438324103525
J_11416391757,0.17303417737515872
J_3770566356,0.00024599293077614013
J_3770566557,0.30148829749449746
J_7463056414,0.258852526232671
J_6901961719,0.14283575990506045
J_10097349068,0.0009738727079617381
J_7463056412,0.0006187672526556596
J_7463056413,0.09453583048125865
J_3770566566,0.1306727415512401
J_11416863810,0.0011344413048167345
J_3770566561,0.0008082879737684886
J_7438345002,0.00286015492685474
J_11416417679,0.0002848461085522973
J_7438345014,0.0004817123159304308
J_10211727777,0.0006922967281172279
J_3770566567,1.6805863517102153
J_7463056410,0.000647605426522684
J_3770571204,0.001861836449987562
J_3770571201,0.36087649317154646
J_3770571199,0.00048085840390155675
J_3770571217,0.22117689205998087
J_7210937518,0.03363346238252531
J_3770571227,0.2170870632495521
J_7462946446,0.11341394333135718
J_3770571200,0.14070952311237367
J_3770571203,0.0007105226065347479
J_3770571202,0.21913865529411763
J_3770571241,0.0028056426537237883
J_7210937521,0.0005586778987860546
J_7463056389,0.0007096541319274798
J_3770571234,0.6017119500987673
J_3770571208,0.005922392969696299
J_3770571206,0.6336115903090761
J_3770571214,0.0004469701328036125
J_3770571238,0.00032841043324695964
J_3770571212,0.16992680484047526
J_10094685224,0.00034080160341127457
J_3770571221,0.2554751246475065
J_7462946462,0.004062264259760651
J_7462946464,0.00046508165824817754
J_3770571218,0.8130519641684505
J_7463056371,0.00016898078227749582
J_3770571219,0.0041278495206991195
J_11416415569,0.37407502484175226
J_3770571236,0.002333864351793048
J_11416337868,0.9538454827652849
J_6194574764,0.0017161226682440964
J_11416323467,0.0005054483815520675
J_3770571224,0.0006898348240009953
J_7462946444,0.36708947904267103
J_11416405715,0.0004391335544308097
J_3770571228,0.0004177176871746702
J_7462946442,0.0022658663255447358
J_7210937522,0.002059859489357744
J_10097349054,0.48831302139545724
J_7210937709,0.24384918565354277
J_7463056365,0.0007522134849111982
J_7463056358,0.00127815720753682
J_3771369074,0.0007095208717164712
J_6876954853,0.12093936950340023
J_11395673405,0.00030136129422610766
J_3771369076,0.5998311668678814
J_6884194493,0.00014418647924938796
J_3872510244,0.16350405495822218
J_7462942216,0.003704307991564635
J_3874196353,0.04989494108208706
J_3874197090,0.0011198396780732
J_3874197091,0.0010980995748971953
J_10095011156,0.0023068181634062234
J_3874197095,0.05119561347830828
J_11001173269,0.001182507257315122
J_7146865383,0.0008971079299259999
J_11725146244,0.027572094975497057
J_3874198358,0.09203454229643339
J_3874198359,0.0008167128344900809
J_3874198360,0.001305828299624395
J_3874198362,0.023928623468473596
J_3874198364,0.0006594557473225701
J_10095030280,0.0005876697716724658
J_7457639688,0.6181363616123698
J_3874198367,0.141720555032142
J_10095030284,0.0015774494818280574
J_3874199191,0.25018749512308414
J_3874199193,0.4706448011743124
J_12147651324,0.0007473364436352973
J_13116112615,0.0009498846175769463
J_7484941157,0.0003376727727569527
J_3874199194,0.0038200770538861046
J_3874199195,0.001922983611783363
J_13070438122,0.0011960673427268238
J_6749318315,0.09483749407582956
J_3950397232,0.08743842337111975
J_7478080054,0.09107135610389606
J_3950397241,0.43372072621770785
J_7462417672,0.0003612978004589593
J_11017281359,0.002232356653474855
J_7462417676,0.0003036161614179748
J_3950397247,0.0010497874715277604
J_3950397248,0.0010079419967803634
J_9780873786,0.0009713215422508829
J_3950397252,0.20907761089214552
J_3950398074,0.00039296149719715416
J_10198988930,0.008709454649632449
J_7377587287,0.0002640459069885742
J_3950397253,0.1678535832037988
J_11409493262,0.0009027356475928173
J_3950397256,0.06492334432891789
J_9780873787,0.304785146575294
J_10198942881,0.13431431540138425
J_3950398059,0.0009715297066278436
J_10198900015,0.4947216284755432
J_3950398063,0.0014901693987968002
J_9490264127,0.0010019689423254982
J_3950398067,9.55200391794316e-05
J_3950398064,0.000540430558776226
J_11409521674,0.06093440789045339
J_3950398066,0.009510831088099832
J_10996524828,0.023094842323520187
J_3950398070,0.1780944149866977
J_6888081778,0.0025488318701654793
J_7377587291,7.678680450307553e-05
J_4142533298,0.001977103563971575
J_7121595593,0.003171204647114373
J_4390381280,0.0002453805108148632
J_7478147747,0.12850852076945954
J_6752840403,0.0024705401100239594
J_4855343468,0.0003297030171221825
J_7479972252,0.14673349682732564
J_7478147746,0.03811995724153971
J_7479972254,0.09937927485684508
J_4855343471,0.0005357812792058685
J_14028371877,0.1839169514848538
J_14028371873,0.12691272519048483
J_6768934558,0.0004133063855627684
J_7174734722,0.017000520078992835
J_5279431529,0.11650981922046275
J_7377696433,0.00019414110068803164
J_5279431534,0.008930333789536908
J_7385315123,0.0002561163139616022
J_10980302570,0.0032562093916378714
J_5279431535,0.0005562296972360419
J_10980302567,0.0009802144399954902
J_7385315111,0.07016639345045869
J_10980302569,0.09195114385405703
J_5279431539,0.001602299525040307
J_10173387890,0.0008597953619126987
J_5279552039,0.0038923385643064227
J_5279431540,0.0014681354786389724
J_5279431541,0.00047942992946927284
J_5279552034,0.0007777165847655189
J_5279431542,0.0008871167897220944
J_5279431544,0.0005290284430864578
J_10060829553,0.27253883803521545
J_5279552028,0.000761425831902599
J_10060829551,0.0009176212909416464
J_5279431545,0.0016526389197445905
J_5279431546,0.0004456223867483526
J_5279552030,0.0025369291247181224
J_5279552050,0.004378727273725281
J_5279431548,0.2635478092318291
J_5279431550,0.0008049992275485456
J_5279431551,0.00022548993479225453
J_5279552053,0.0013387838199220804
J_5279431552,0.0008811792431587552
J_5290960158,0.08310270132808595
J_5279431579,0.1432496772505696
J_7374229647,0.00026789137999139574
J_11176021670,0.13324763562668968
J_5279431585,0.0004618553050812004
J_5279431584,0.00019881240443973838
J_7374081146,0.0005774497377249662
J_7384999287,0.24449926959745066
J_5279431589,0.08293478452508354
J_10199187715,0.0004886787094428948
J_7384995678,0.0005452774758753676
J_5279431593,0.0009460618267756298
J_5279431597,0.22080587248584313
J_5279431601,0.00020147363327207497
J_7374229646,0.013059193427964322
J_10199226511,0.8622492170343566
J_5279431602,0.5886937185818236
J_5279431605,0.0002099372750541163
J_5279431606,0.7466862767609861
J_5279431610,0.0010119417023100807
J_5279431611,0.24422711316855916
J_10199176630,0.111007426989035
J_5279431615,0.5240217899776503
J_7374411168,0.0017241767205978102
J_5279431614,0.0001511291084647661
J_5279431616,0.00022456413749843802
J_5279431619,0.0005532159023861376
J_5279432821,0.0026353115484471583
J_7377585174,0.0008084325942586104
J_5279476911,0.0018187728849471286
J_9490264133,0.006964247437791447
J_11397406765,0.3087026711567062
J_10198941416,0.02651650711695568
J_5279476912,0.515520759544407
J_5279476915,0.0006124190344955727
J_11133278475,0.00113484344533161
J_13744459325,0.20893062742884422
J_5279544107,0.0008610954214601662
J_5279544114,0.0008743909473272083
J_5279544115,0.22975658803738513
J_5279544117,0.00023743406574123214
J_6177899951,0.0005544991687849413
J_10069900351,0.1542438525652035
J_10069900353,0.3007105086407763
J_5279552021,0.21330994177401438
J_5279552024,0.015419549602535937
J_10060598133,0.00037600266244434543
J_5279552027,0.23921791360925396
J_5279552037,0.2865536917833776
J_5279552029,0.23393548876114315
J_10060829552,0.0011159629993485799
J_5279552031,0.0010785434968030047
J_5279552033,0.16691196264010638
J_10198715749,0.09601189372149464
J_7479972267,0.0002816011699304402
J_5279552035,0.0008159119403681332
J_5279552038,0.9412850757144825
J_7479972265,0.0005133711694885134
J_5279552041,0.30235772135195776
J_5279552040,0.000684563693278926
J_5279552042,0.001134780764343891
J_11411575385,0.03256547106647234
J_5279552043,0.0024813515121564437
J_5279552044,0.06701076139997668
J_7361989448,0.18551360888886598
J_7385493347,0.004294869955195382
J_5279552046,0.0007082691600706309
J_7361989449,0.21756372321207265
J_5279552045,0.000147964400103352
J_11434279654,0.5255029741237401
J_5279552047,0.00024482941093567124
J_7361989450,0.10068532286821377
J_7361989451,0.001676419141810494
J_5279552049,0.005803180981229867
J_10576212895,0.565434917278312
J_7377585129,0.0002994005628010981
J_7361989442,0.1274585535180652
J_7377585132,0.18102189490397427
J_5279552055,0.000257322707591542
J_5279552057,0.1181180218631512
J_7377585128,0.06618838402461007
J_7371620936,0.0006301805857717427
J_9780873777,0.0024957050352892468
J_5922657177,0.0026082962741355385
J_10841378369,0.0037711597269214276
J_5922623931,0.389938674476356
J_5922657178,0.006284651373610139
J_7438345233,0.0004401154764113514
J_11001499470,0.010853674730213593
J_11002571293,0.0012245564540763567
J_5922767857,0.03427883983180209
J_13793735737,0.17392117246075137
J_5922767859,0.0018372174946458682
J_11001164261,0.0007662290467298695
J_6137861589,0.00027601402465961755
J_10094599131,0.4487764852531865
J_6137861590,0.3009488496439233
J_7438345324,0.0012518084801388355
J_10094599124,0.000673677206508646
J_6143203397,0.305621758476779
J_6868787739,0.0007750158937684704
J_6143971179,0.45491881549757635
J_11359645291,0.6349769098552517
J_6144063101,0.39697494910214254
J_6144063102,0.00046246313431135916
J_7438345299,0.2998327022679514
J_7438345297,0.00025577157232659856
J_10094599126,0.13468294198823894
J_6144122408,0.0007000245062221048
J_6152738483,0.0008376601993294734
J_6152738484,0.3365982216487964
J_10069968744,0.0006261969493312838
J_7374229603,0.0013398696179535079
J_10199232597,0.18116224950697601
J_6177775799,0.00017458163565988328
J_10060598131,0.0014585426332321073
J_6177775800,0.20181218133069448
J_10060598132,0.000426535423282062
J_6177775801,0.4411864884684499
J_10060598130,0.0006352149171689799
J_10060598128,0.0004223720787418906
J_10060598129,0.0023142434941217796
J_6178085155,0.0008671668620593384
J_10211735023,0.3987090993814155
J_11416417676,0.00036709244280760646
J_11416324454,0.0005347775459800179
J_6178085156,0.000563000817705287
J_11416417680,0.00020054948893409688
J_11416417677,0.8612665232666101
J_6180271773,0.23610745147799475
J_6180271777,0.00133559395694612
J_7477707723,0.00022126677301945503
J_7479476792,0.0008215294378707415
J_13154529236,0.0030486976247670306
J_6180272086,0.0010072186367574272
J_6180272088,0.0010063036497378402
J_6180272098,0.0016041774090501918
J_6180272094,0.1614597610732892
J_6180272092,0.000272456123777384
J_10060598061,0.6564077035083289
J_6180272095,0.0032074907916487395
J_6193955703,0.0002758151296658745
J_11416324446,0.39248909311385394
J_11416400535,0.03418549120945509
J_11416409897,0.35519419737975994
J_11416400534,0.2727580638118647
J_9942486331,0.0006499243557233493
J_10095113786,0.13294186895609383
J_7478079913,0.002036543708505991
J_6194116864,0.23988555947772325
J_7478079835,0.00041479653072810257
J_7462946407,0.0003345702790276376
J_11416231678,0.0002580391179374044
J_6196918642,0.0014751986857006784
J_7438345311,0.3849957742619592
J_6197264656,0.0009111806513888141
J_6198099434,0.0005196778719928945
J_11025290190,0.08287008595938423
J_10006086567,0.0009295118970300108
J_11416397785,0.2979683795676939
J_6276048256,0.060916285319222316
J_11118265796,0.02277256939180984
J_6746120463,0.0005869123507147684
J_7210937528,0.0003366427065314456
J_6746120464,0.0010422297811137726
J_11029550643,0.2983627298750517
J_7437764804,0.14206264052774287
J_7210937162,0.00018410439753085324
J_7146895775,0.00412989829577181
J_6746120466,0.0051265563571789505
J_6902034641,9.443738663474595e-05
J_7438345103,0.07800416801108656
J_11029550641,0.05563196224045555
J_6746120469,0.0005565759067735951
J_7438744736,0.002078575195556903
J_6902034646,0.5164334480894139
J_6746120472,0.0002449945910225395
J_7438335505,0.006863703943265597
J_7146989073,0.002193465323626897
J_7438345098,0.1388143464964487
J_6746120473,0.46175463795564664
J_6746120477,0.00026963255716004115
J_7437764788,0.09228494551121855
J_7438335510,0.0004900915397201202
J_6746120474,0.002892272447522334
J_10211644842,0.0005894757558822826
J_10097431717,0.0008268539513886529
J_6746120475,0.13274643663546223
J_6901961728,0.00046211074672791784
J_7193252945,0.00025419192321366477
J_6746120476,0.00032611843406347936
J_6758627639,0.002250167948328939
J_6758627638,0.25394885493935193
J_6746120478,0.0004599545137205924
J_6753809770,0.0006074995245257564
J_6746177796,0.00030132053981974803
J_6753809764,0.14593565723723045
J_6746120480,0.0002584860373089716
J_6753809767,0.000724616994552982
J_7438345057,0.0004381310850038667
J_6746177800,0.01652361651390069
J_7438345294,0.2987783546431992
J_6746120482,0.0010464537699483522
J_11404803510,1.461007024966756
J_6746177785,0.12091529578681584
J_6746177792,0.00035113718897752385
J_7438345279,0.0027762481276472246
J_7438345289,0.31788935105598337
J_7437758481,0.1770579593143721
J_6746177798,0.0014598617321872575
J_11431924172,0.0013136459162602502
J_6749016996,0.2733909550133169
J_11001407050,0.00016696009874238066
J_13048493981,0.00022730920835894913
J_6749017001,0.003406658824170436
J_6749016997,0.0007421384770129776
J_11001407048,0.18225093136332884
J_11001407047,0.0003460627765773818
J_10211653492,0.1541466829003189
J_11001407049,0.0015633398508092845
J_7438335500,0.4293013637429724
J_11001422492,0.001767928698347972
J_6749677187,0.000961356138611134
J_11011539183,0.25923101624376527
J_6749677192,0.0003139661531220976
J_11011539189,0.0007155326854832063
J_6749677188,0.2121519438505267
J_7121595830,0.005060539151951569
J_11010068861,0.000652412840542248
J_6749677195,0.8145428422024998
J_6749677196,0.0022419544288854237
J_6749677201,0.12223992700049097
J_6749677197,0.23979283226760978
J_6749677198,0.0012823318984353997
J_6749677199,0.21076978218348466
J_11011544337,0.0008287517595518491
J_6749677203,0.9820099408409984
J_11011544338,0.0005456580959735713
J_6752778459,0.0006461872882572015
J_10060627837,0.10812063987517806
J_6752778465,0.6518814000549338
J_10060829540,0.001068186841842159
J_7479476828,0.0008751336106224323
J_11001547339,0.0004949122375671448
J_6752778483,0.0017415171920775214
J_6752840412,0.0009060758285839593
J_6752840394,0.1378676136026984
J_10060627818,0.00043242325991468665
J_10060543716,0.0003154226167201913
J_6752840395,0.010820412066701427
J_7478350813,0.0035272553176323345
J_7479644068,0.00020646321234669976
J_7478350815,0.0009017283597615456
J_12298839567,0.26924246543500846
J_6753012686,0.0023064183989910435
J_10095039130,0.5074101569264045
J_11395289353,0.007102180890513433
J_11056830111,0.0037308512896771823
J_6753012708,0.0006265369185941592
J_10173240230,0.06966140306118238
J_7466834595,0.06650351408916078
J_6753012710,0.0004221530566853003
J_7466834593,0.0006711215301758163
J_7466834591,0.0012398313425490584
J_10095062562,0.4804113849563641
J_6753012720,0.06905400973250525
J_6753012718,0.014991195197831797
J_7478079795,0.004168887713463658
J_6753012725,0.0016846474087096998
J_7484941156,0.0008460910615898014
J_7121513424,0.05738402477210713
J_7438345180,0.25318904156455974
J_7438345181,0.0011668476015129728
J_7121513428,0.0003392633945064488
J_9766003548,0.0005685144719155019
J_7121513449,0.0002517865321603382
J_6755674357,0.0004453057198252864
J_12679675473,0.06242294133187986
J_9694860595,0.00046481331024163014
J_6755846774,0.005836114423145129
J_6755846773,0.215807894353138
J_11409310941,0.007863794606732255
J_6758508273,0.05815259013505457
J_10094612613,0.3593620394126506
J_7438345288,0.0007002099908768689
J_6902034653,0.00021555408230708578
J_6758705975,0.15423295839562776
J_10069900318,0.0002756194947313128
J_11009625544,0.0005969059859341095
J_7480265393,0.0005074012462863372
J_6758705978,0.2528943307415291
J_10060627853,0.00025661705602154184
J_7477962060,0.0007165463752178386
J_11434313871,0.00019796821935029793
J_6758705984,0.11369791469045226
J_6758735091,0.07202650512472256
J_7477962070,0.00023963151320702787
J_7477962071,0.0016312430511140933
J_7477962064,0.18349943800103896
J_6758735092,0.000561526924765802
J_13154700031,0.0001073444690078555
J_7479972250,0.001242196681835278
J_12298839570,0.0037005337810065574
J_6758748174,0.8053066387657289
J_9992581167,0.6412987345311439
J_6758748184,0.1239621309314457
J_10094536590,0.00033319399036675217
J_9992581165,0.003928400784005824
J_6758764587,0.003200732724788624
J_10094536585,0.0003183788895431559
J_6759208617,0.0006130293648304449
J_6759208616,0.00010858157435144871
J_7479972256,0.00142065204245757
J_6770911541,0.0008685832035457177
J_7377585140,0.17051438566024743
J_6770987364,0.3333409639559406
J_11409083360,0.00033577637680759633
J_11409083358,0.00015319737547284332
J_11409124498,0.0010689542698323574
J_6876954849,0.00028007136844367537
J_6876954850,0.002236227737234885
J_6876954852,0.0018458992587099517
J_6876954851,0.08170709237268717
J_6876954858,0.0005811986061368809
J_6876954859,0.22977464197955966
J_6876954863,0.0014006065095358484
J_7438335526,0.000854196783958601
J_7438335523,0.0019701780153177843
J_6876954870,0.0007819175545388437
J_13955257103,0.31510110253046936
J_7437764828,0.00032910710542406865
J_13955257101,0.0008180272342404194
J_7437764831,0.0004918784528228097
J_6876954871,0.0007842520418440525
J_7438211106,0.2031736864551043
J_7438345122,0.43855140674310966
J_6876954875,0.02566778137215044
J_11409068127,0.00025911645074177224
J_7146966215,0.00031458931464962406
J_7438345124,0.3277325802277351
J_10094536587,0.19468414420950647
J_6877025798,0.0002744666691900455
J_6884072779,0.0008491728981537685
J_6884072780,0.0018027385938052555
J_6884072988,0.00016801661227779089
J_6884072989,0.28159874823182346
J_6884072781,0.00020242793414347213
J_7210937139,0.04275738429516993
J_6884072783,0.0005974841037925138
J_6884072784,0.16391283736016254
J_6884072985,0.0010439901669994263
J_7462946466,0.43727793011512195
J_10094685230,0.0014744919559085451
J_7210937516,0.2184473520477795
J_7462946378,0.00015305729324950127
J_10841368636,0.00030398585930113345
J_10211686912,0.00020604608079411246
J_10095011131,0.5966846091583942
J_10095175760,0.07809037899369507
J_6884194492,0.19128045759299517
J_7438335524,0.0007500763291355439
J_11865977866,0.011667999844699165
J_6884490718,0.25448277076916986
J_6902034622,0.00027640003413368985
J_6884490724,0.0010444240840175802
J_11416391755,0.0006593926717343707
J_6888081777,0.6003598126080589
J_10198942877,0.00022572950475003333
J_7385315161,0.00034515327076447573
J_7374081143,0.12053428870379923
J_11252289931,0.04399809201953188
J_7438345302,0.00013126390810100263
J_6894725289,0.2819496042105372
J_6894725291,0.0007112327211347763
J_10994023534,0.00031725109257189205
J_11903251283,0.0005755923734398504
J_6901961724,0.0006575933512588631
J_13817446496,0.0008496558363928405
J_13817446498,0.0008283682445209143
J_10097349115,0.36587509040384675
J_11416795995,0.0008031027544765979
J_11056862297,0.0014519557551683367
J_6902034635,0.0005181298981788952
J_6902034636,0.0013645436646218684
J_7211119526,0.16483235392419723
J_7193252972,0.9974792526312612
J_6902034638,0.0003351079652898385
J_7174674629,0.000995784000796568
J_6902034639,0.0003235636272193942
J_9488978691,0.40468858381630857
J_6902034640,0.004466191103042831
J_7437764792,0.19000588272353172
J_7210937156,0.0005744242384839851
J_7437764794,0.0006614287999348379
J_7437764795,0.057620231947648766
J_7438344991,0.23881121607331937
J_6902034642,0.0009025017739608863
J_7193252967,0.16357687924114606
J_7193252965,0.0006568042660387973
J_7438345111,0.0008811988780442441
J_10211643101,0.0005892753223153198
J_7121513419,0.00010936928829403699
J_10095091120,0.004691528741888163
J_7121513427,0.1955723704640593
J_7121513459,0.0012607343573960428
J_7121513433,0.0013767621092696672
J_10095091121,0.00033415629425439375
J_7121513461,0.0029713765701554124
J_7121513472,0.0001776378202184346
J_7121513458,0.5958343068134783
J_10095091123,0.00010963977542637087
J_7485287816,0.0021296784307429867
J_7121513473,0.0004963720391568527
J_7121513465,0.41541608971921573
J_7121513469,0.0009218642337997052
J_10095091122,0.00023116575271210616
J_7485287807,0.0020361264354284924
J_7121513485,0.5159040938506102
J_13984929551,0.32590327757690907
J_7121580883,0.0003506750716965771
J_7121595601,0.000624306339585023
J_7121595585,0.0010882933739965104
J_7121595602,0.005158389494288996
J_7121590225,0.12285733631589024
J_7121590231,0.0011291301547473294
J_11011540735,0.0030641867197908476
J_7121590227,0.002830959957540668
J_7121590226,0.0010225721595398054
J_7121590229,0.031377651772079705
J_7121590230,0.0012119159846651773
J_10060598124,0.0009262089984875538
J_7121595587,0.000997257027189209
J_7121595603,0.0006191417853869316
J_7121595591,0.0011306389220762073
J_7121595604,0.08417467973088183
J_10095091130,0.0026101571065627717
J_7121595592,0.00044197385672113904
J_10095091131,0.4657199719261093
J_7121595605,0.0012285805030516966
J_7466820974,9.53002232938503e-05
J_7121595595,0.29784492164325155
J_7121595597,0.00040905177950023314
J_7121595606,0.05370668623471042
J_7121595598,0.000534565775545664
J_11010097225,0.0012476618526509173
J_7121595608,0.12979554818818373
J_7121595609,0.25317861101313655
J_7121595610,0.22511009461116788
J_7121595611,0.0008762240603125248
J_10060598157,0.0673293833652427
J_7121595624,0.0006908031791526462
J_7121595628,0.0008599440059631259
J_9602472603,0.0002755745235819481
J_10095062585,0.0651270888186375
J_7121595638,0.00045781626336870266
J_7121595668,0.0007871731230198646
J_7121595702,0.0017621621886233937
J_7121595667,0.003118771140321422
J_7121595669,0.2025831664836701
J_7121595681,0.17222547932422194
J_7121595670,0.0007210117557273876
J_7121595689,0.0005180771908550656
J_7121595694,0.06842452266639862
J_7121595677,0.07545274185483626
J_10060587991,0.0006252609228188229
J_7121595679,0.0007270189725050135
J_7121595683,0.0006772864326147157
J_7121595688,0.00040289380479947325
J_7121595699,0.0006216829267204455
J_13070401114,0.272583730708938
J_7121595700,0.36734766689503906
J_7121595701,0.0010003687270841895
J_7121595703,0.13079550247604646
J_7121595704,0.010726536815737526
J_7121595711,0.000796326185108481
J_7121595715,0.0015094378058277762
J_7121595705,0.0010228272233635575
J_7121595716,0.000570609114129617
J_7121595719,0.222708662110407
J_7121595720,0.0015554096030072073
J_7121595727,0.003393310315179268
J_11011522726,0.0004095558270097051
J_7121595782,8.050280768136597e-05
J_7121595734,0.1309129747734716
J_7121595728,0.0007547078511339673
J_7121595735,0.12086994445897405
J_7121595736,0.0004224788358417952
J_7121595747,0.0016362148015458358
J_7121595778,0.00037791350435178387
J_7121595779,0.1705135376467925
J_7121595754,0.1443759848005037
J_7121595744,0.00034030596048198393
J_7121595777,0.23037371857937583
J_7121595756,0.0007420605352404424
J_7121595755,0.00034058248964112536
J_7121595746,0.0006945860135255859
J_7121595769,0.0015977742957795267
J_7121595752,0.22459936475261322
J_7121595753,1.9100845410950424
J_7121595766,0.07318934160041916
J_7121595757,0.18596457814117945
J_10060587997,0.0012235842459836102
J_7121595765,0.0027898682459043945
J_7121595764,0.30310304714759556
J_7121595767,0.5033015307840211
J_7121595776,0.0009592653076163575
J_7121595772,0.002334642611070483
J_7121595768,0.00048666075085339176
J_7121595775,0.061596410169777294
J_7121595774,0.000817885180124407
J_7121595785,0.062533496505683
J_7121595780,0.0007757600126657674
J_7121595814,0.0008915247004463588
J_7121595806,0.0004369617455795515
J_7121595827,0.039817024930417694
J_10060588016,0.167101726973543
J_7485135225,0.000643911515540117
J_7121595828,0.003937586188078353
J_11011532983,0.0008294500563471026
J_7121595843,0.18939702106975884
J_7121595829,0.0014192787718673562
J_7121595831,0.0012063542058696902
J_7121595836,0.000744259980955946
J_7485257260,0.09657952793154861
J_11011539185,0.0006901998007855913
J_7121617057,0.38605300611251325
J_7121617058,0.10836678080229825
J_10094851192,0.0005922126403266842
J_7121617059,0.00017683394261992132
J_7121617060,0.0016751120548494315
J_10094851191,0.21623585519360022
J_10094851187,0.0017641820240777762
J_10094851190,0.0012998649328191112
J_7121617061,0.3146559339430421
J_7121617062,0.004591186872096334
J_10094851186,1.0246572258435274
J_7121635558,0.18505222964316212
J_7478530899,0.00035851950777303425
J_7121635528,0.1523150021550907
J_12672741730,0.12140474914355372
J_7175379887,0.0012791023452609122
J_7121635560,0.00031271109491883063
J_7121635568,0.15350759250408882
J_7121635569,0.0013625307056137972
J_7478530895,0.2620473335938197
J_7121635565,0.0006008774943053321
J_7121635566,0.7245802326768808
J_7121635571,0.3537520234696873
J_7121635570,0.0004256726535151081
J_10060598024,0.9506373442312301
J_7121635574,0.0010906595412796336
J_7121635575,0.0001161397067384434
J_7121635619,0.00027200967775353334
J_7121635613,0.3274390184300736
J_7121635612,0.00045759774587605457
J_7121635576,0.00031876244127876624
J_7121635616,0.0005896749701614849
J_7121635615,0.0014492132165747006
J_7121635585,0.07258050596366139
J_7121691727,0.0010926794211438572
J_7121691715,0.002990370622078997
J_11430337753,0.15238837774645572
J_7121635594,0.0017158455181823839
J_7121635602,0.0013570687188529831
J_7121691734,0.00017419190522997963
J_7477962041,0.06757480512322891
J_7121635605,0.001100972606014828
J_7121691776,0.704805230946095
J_7121635606,0.0002804921023748679
J_7121691778,0.7155005628203871
J_7121691783,0.07368154780833569
J_7121635611,0.0009652818236381592
J_7121691784,0.00034084733019461923
J_7478147770,0.2011350465461164
J_7121635614,0.003058399466455192
J_7121635630,0.1446325652167591
J_11395421205,0.20922363704936645
J_7121635625,0.0013267182843458116
J_10094837655,0.0025069115329228943
J_7121691686,0.005835791429418258
J_7121691694,0.04215842494441346
J_7121635626,0.0002888999167843001
J_7121635631,0.1336325818987017
J_7478530890,0.0005559732552064397
J_10094837659,0.13695614107969184
J_7121691706,0.00018464853563491905
J_10094837662,0.0073932034495704626
J_7121691695,0.07352223503739022
J_7121691708,0.00351434898888637
J_7121691702,0.18747224795906656
J_7121691712,0.0009076942664345389
J_7121691711,0.0005320333305614069
J_7121691707,0.4077714162264025
J_7121691709,0.0004076149475356827
J_10060598032,0.0001700208869311605
J_7121691718,0.0002756657176740646
J_7121691719,0.016504145813036428
J_7121691720,0.34529294246561076
J_7121691721,0.00028847940192351965
J_7121691722,0.0005053163981248134
J_7121691723,0.3025917986827081
J_7121691724,0.3024797012485837
J_10060598030,0.021627972987228575
J_7121691725,0.0014410184893530493
J_7121691726,0.09143887122847487
J_7121691742,0.00014018724208874524
J_10765730829,0.11974477013134671
J_7121691729,0.006624394843655795
J_7121691733,0.003286460712964318
J_7121691731,0.0004732427972166506
J_7479786285,0.21334176864927995
J_7121691741,0.15841607814483308
J_10094804736,0.2694919877219391
J_7121691766,0.08273908914418118
J_7121691768,0.0008104777761884615
J_7479774480,0.0007616472822323625
J_7121691985,0.05233359425568239
J_7146071753,0.053751335646556174
J_7146815010,0.002094936649086572
J_7479476851,0.009355163145128596
J_7479476796,0.18110991288202824
J_10060627840,0.0033001125382912206
J_7146815020,0.0004386444209804451
J_7146815022,0.00021614142330159456
J_7477902709,0.2455507714158695
J_7146865382,0.5037631920524053
J_7146872947,0.04547151321905524
J_10095062590,0.0008763718271586077
J_7146872982,0.021252879027940774
J_10095062596,0.007293871141596675
J_7485287837,0.004419699187254106
J_10095062597,0.000316843946665421
J_7146895765,0.0057008214878871335
J_7438335512,0.0025250759296099705
J_7146895766,0.0014188425132110553
J_7210937524,0.0002818208252677328
J_11185368316,0.004933588769138876
J_7146895773,0.0010435519423670802
J_7146895774,0.0011273620355743935
J_7438335549,0.7982337871875831
J_7438335552,0.0010458485448692505
J_9488978702,0.3496232251483454
J_7438335528,0.0001146948337258242
J_7438335522,0.000472144682160688
J_7438335532,0.005081933761886213
J_7210937155,0.004541322210477033
J_7438335504,0.0003335536978407328
J_7146895778,0.0002026987403295743
J_7146940096,0.0006124421353471804
J_7146940093,0.0017867838113103025
J_7438335514,0.3849142982055562
J_7146940094,0.0005811956226763169
J_7438335503,0.32752207376814757
J_7260732143,0.0003383259728743322
J_7146966220,0.0023846814541335737
J_7146966217,0.16832558656695662
J_11416774215,0.0003363571723117599
J_7146966218,0.0021025727614956817
J_11416770938,0.17587039991553427
J_7260732141,0.00021716702457843972
J_7438345264,0.0018659905672392982
J_7193252943,0.0006064577112131256
J_11025314511,0.0006817039022261479
J_7146988633,0.0022515851541025232
J_11416795992,0.6522516301417124
J_7437764800,0.098396105015422
J_7172829222,0.0018256253840697079
J_7377696396,0.0004323526452521206
J_7172829224,0.0024330915939311908
J_7375154146,0.001154305563343349
J_7172829230,0.130638504015037
J_7174671047,0.6275132414824066
J_7210937152,0.00029773417812927356
J_7210937711,0.0014486101496803843
J_10211644849,0.0005301687176959552
J_7174746598,0.23035020121892563
J_7174746603,0.010457283270204972
J_10206972043,0.00033835226408540674
J_10206972042,0.0014340301381178607
J_7174746599,0.1340733892959807
J_7174746600,0.0006114638556463302
J_7174746601,0.0006619744250414707
J_7174746604,0.0030393509406197667
J_7174746607,0.25134340960406504
J_7174746602,0.771622476189033
J_7174746606,0.0008176462395693856
J_7478147776,0.016224740759227693
J_10206887096,0.0006173103129677446
J_7174760514,0.0007522694803627578
J_7479644053,0.14682336777435454
J_7174760520,0.0013661644133670385
J_7477902731,0.235866865067516
J_7477902721,0.0022088593177239406
J_7477902742,0.0008338015238713165
J_7174760521,0.009120565629392468
J_7477902747,0.002052875079832398
J_7478147782,0.01162680130122571
J_7174851330,0.11411687976377946
J_7174851333,0.0006769051611173228
J_11431736532,0.0004495666733555256
J_11431736535,0.11798235394875473
J_7174851341,0.0008507245923414569
J_7479774473,0.2450686003206924
J_7477962081,0.005192106235789825
J_7477962082,0.0021901901327999736
J_7174851355,0.0035261584050993587
J_7208227203,0.002472390114986574
J_7279483906,0.2861263445311314
J_7174901606,0.000271279560686362
J_9939357109,0.42610920610671554
J_11433548113,0.10771379321447803
J_7485211793,0.18123444014503265
J_7438345197,0.022547038174713954
J_11408970560,0.0007157308294891033
J_7189608585,0.23071780432143818
J_7189608586,0.12526928830529666
J_7189608588,0.00012988059459776384
J_13048350275,0.14742770428075527
J_7193252927,0.25743883444196847
J_11416807955,0.2378676777839622
J_10097349108,0.0018962682652315006
J_7193252930,0.2091375397493041
J_7438345019,0.0015300898460746451
J_7438345259,0.00017269398269377373
J_7438345018,0.0007720447800260496
J_10211686909,0.3576052484302752
J_7193252942,0.0008413141061728401
J_10097349113,0.0017055952309863592
J_7193252946,0.18229128082387305
J_7193252947,0.00022446675093632158
J_7193252948,0.0951802840407047
J_7193252949,0.0008070549992608948
J_7193252950,0.17081548409244016
J_7193252951,0.0009452958469679883
J_7193252952,0.020959756820166618
J_7193252953,0.0009060651533509535
J_7193252966,0.0015597293649901604
J_10211643102,0.00034297345430919394
J_7193252971,0.06609672223839141
J_10211643099,0.46631716820536445
J_7211119525,0.00037479004903517426
J_7210937149,0.0008416750742143327
J_7205518308,0.006230930197255541
J_10060598087,0.002408295365141709
J_9771089206,0.07941200220364568
J_13154529227,0.002211281149499075
J_7205518317,0.25401878780490295
J_11009580960,0.0933272831206609
J_7205518323,0.000857184034642183
J_7384995666,0.3831596632398479
J_7207507951,0.001738645762447045
J_7207507953,0.0004654425821866266
J_11416914628,0.00043954352774621324
J_7207507952,0.11865391715768304
J_10703298289,0.002761847083649727
J_7207534757,0.23729527918096785
J_10199190240,0.0003972925627648011
J_7207641481,0.003921516751034773
J_10095091138,0.0007611390075701113
J_7207653987,0.0003733232769403966
J_7485097462,0.04290241358673317
J_7208227193,0.06936862094742512
J_7208227196,0.0021174585557077736
J_9780873788,0.12805904914010097
J_11430378424,0.0006886135882060797
J_7279483908,0.00023381747372141736
J_7208227205,0.0012406295860749688
J_7279483900,0.00034384152604681316
J_7279483905,0.00034714469725978606
J_7208227207,0.001545066986869307
J_7279483903,0.6271898918105475
J_7479774476,0.005602304736788629
J_7208227210,0.007977953187850774
J_7279250545,0.0005135932166539515
J_11431736539,0.019401071847456562
J_7210937148,0.22754081569017875
J_7437764797,0.00022462240080765587
J_10703298288,0.0002893369613518943
J_7210937150,0.13837688450937208
J_7210937151,0.0005437345374558174
J_7210937154,0.6772328535117587
J_7438335554,0.0002756319182272917
J_10211644836,0.2583473016834053
J_10211644830,0.00025211982677124015
J_7210937165,0.0011029719873288262
J_10211644826,0.00024709692861913724
J_7438335565,0.1877131775153861
J_7210937517,0.0015288807456964467
J_11185368317,0.12162378059712213
J_7210937526,0.0021489781102539416
J_11185368318,0.2780677121988748
J_7210937527,0.0006560210113489534
J_11185368319,0.17825678626605235
J_7210937529,0.0003124974699172141
J_7438335527,0.20453597111738506
J_10097349061,0.0004998063316539269
J_7210937710,0.0006299701013820724
J_10097349073,0.00045494817541096873
J_10211643093,0.6250357333043532
J_7211119527,0.012004930911943419
J_10211643088,0.0015618735107126404
J_10093923299,0.00020170896347953396
J_11328925224,0.2709116861008197
J_7438345186,0.17102333064190242
J_7260732132,0.0002742710895040351
J_11416770940,0.8758278482179426
J_7260732140,0.27287910932003506
J_10094638953,0.00048298086657271743
J_7438345192,0.0004972237639780918
J_7260732142,0.0008548800573007225
J_7260732145,0.0007938655151506701
J_11404797569,0.4049499714684168
J_7260732144,0.4372841132315944
J_11431736530,0.001337677932663498
J_7279345323,0.628932298914438
J_7279345324,0.1466022992664311
J_7479774477,0.004617585183667515
J_7279345325,0.0871169291241545
J_7279345371,0.0005797479901275951
J_7279345329,0.03506424151069859
J_11431701337,0.00014022845762810623
J_7279345337,0.0005195718085398982
J_7479774475,0.13218891286219975
J_7279345365,0.00113780619998939
J_7279345366,0.5517017290192668
J_7479774464,0.06384600336546267
J_7479644494,0.0014774544092651454
J_7279345377,0.013205242036459463
J_7279345380,9.74185050550588e-05
J_7479644495,0.003834930359072479
J_7477965990,0.4028134357611944
J_7477965991,0.001623830805987002
J_7279483901,0.0007564800922829075
J_7361989452,0.0016007938262487813
J_7370971207,0.009651738932259998
J_7370971204,0.014331398150771607
J_7438744738,0.0004372951173310952
J_10206776005,0.43675714117509373
J_7370971229,0.09315904871863569
J_7377696431,0.07592171836027198
J_7377696438,0.15419333151248682
J_7370971231,0.0002932804569343948
J_10980302577,0.7822276890127642
J_10980302562,8.757534542974506e-05
J_7371620940,0.0005160268185625719
J_7371620938,0.0004164250017393684
J_7371620946,0.0003980341825636267
J_7371620937,0.27283846118906824
J_7371620960,0.1124824070310369
J_13113992595,0.034743147518536084
J_7374081141,0.2633011689680952
J_7371620979,0.0009441566342856206
J_10188415712,0.1937702341973822
J_11027134880,0.0008271824388631907
J_10542355473,0.0012396716325918924
J_7385090815,0.0010237959254138756
J_7374229671,0.0001998349086747856
J_7384995676,0.000815299016932806
J_10199190235,0.0005100084632651395
J_7374229604,0.6605985238063837
J_7374229609,0.8808394167883906
J_7374229660,0.28428404001111807
J_7374229655,0.0001680718518934701
J_7374229654,0.00018970459713841257
J_7374229658,0.0003429893238863233
J_7374229668,0.08952314611807669
J_11175976534,0.33655486075737545
J_7374229672,0.18182823879820662
J_7374411158,0.000699909228307864
J_10206772896,0.07936494922254625
J_7374411173,0.0010286072638818165
J_7374411179,0.22040484291462675
J_7374851811,0.0041078601345160065
J_7374851820,0.10641465623961464
J_7377587310,0.012739456324015767
J_7377587299,0.0007324993462985367
J_7377585181,0.00026505444397581084
J_11365900545,0.00669975852957839
J_7375161308,0.0005928646955380375
J_7375161319,0.0006665109864351745
J_10199224084,0.06324198397584865
J_7375161312,0.0004280011109888064
J_7375161322,0.21452758281057727
J_7375161338,0.12563344426291154
J_10672725304,0.0003482627848992654
J_7375161365,0.005018225190156329
J_11400117604,0.0020033054966312864
J_10199604459,0.0010294125193001601
J_7377585130,0.07396874976429614
J_11411575386,0.0006396191181130963
J_7377585147,0.0020519873001966947
J_10198883259,0.0006822895524326952
J_7377585169,0.0005802637576585919
J_11397408707,0.004074057861207366
J_11397414475,0.04857446728206073
J_11009621996,0.4090514458859085
J_7377585177,0.7308717760073924
J_11397406766,0.0009715940341047301
J_7377587289,0.07692486143568855
J_10198996715,0.0071902622557913996
J_7377587294,0.0003276647372087523
J_11409515468,0.164406800760043
J_10198942883,0.00029123795536656637
J_10198935257,0.0005234254987368203
J_7377587305,0.0026931492411284984
J_7377587308,0.0008173134589086844
J_10035539007,0.0034071333511571543
J_7385493322,0.001729575393516555
J_7377587319,0.0003667710592789799
J_10216316510,0.2569785097435849
J_7377696402,0.045855836650702135
J_7377696406,0.31992501517827504
J_7377696419,0.00047638213609389274
J_7377696411,0.000599814588133287
J_7377696418,0.11742398348989252
J_7377696416,0.00023826294115808562
J_7377696439,0.0005317423791783743
J_7377696441,0.0011618040628058105
J_11007002487,0.06719486532550209
J_7377696450,0.14110113256795848
J_7384995659,0.23855327123665668
J_11022325716,0.0005069501223166643
J_7384999288,0.0004086001161721601
J_7384999292,0.00091976620903314
J_10199205792,0.1415383344859037
J_7384999297,0.11206738121764369
J_7385277575,0.26213355210987566
J_10996544373,0.0012802413557872867
J_10996544374,0.0812529753533101
J_7385315091,0.33151308609438407
J_7385315105,0.19179216234309893
J_7385315110,0.0006551943386802514
J_12169645140,0.0025391819408803655
J_7385315115,0.001088870874073164
J_12169645137,0.24083983078855944
J_7385315121,0.11707829518987929
J_7385315124,0.407340241152883
J_7385315168,0.001986170038971315
J_7385493346,0.034579088792088965
J_7437758476,0.26121064741205796
J_7438345301,0.0010604115838094752
J_7438345295,0.0005902374257801913
J_11029512156,0.22870852738218303
J_7437758480,0.0005503971681153241
J_7437758484,0.0016903938912224805
J_7438744763,0.0013306656657659126
J_7437764796,0.4635240079720544
J_7437764801,0.0006712027220123324
J_7437764813,0.00036138498446550957
J_7437764814,0.0002299334150423645
J_7438211108,0.21303059307061292
J_13955221490,0.02152784174731292
J_7437764819,0.0009945240585920985
J_7438211115,0.0007253421762655107
J_7438211114,0.4078407515596077
J_10811140470,0.21087843109404622
J_13955257143,0.0002679419578883521
J_7437764821,0.0008166828810340617
J_7438211102,0.20056236636574287
J_7438211112,0.0011016176796394823
J_7437764824,0.002434395222815107
J_7438211096,0.43109316581903084
J_7438211097,0.0009977569615377527
J_7437764847,0.001938934410683278
J_7437764830,0.17075954391812115
J_13955221492,0.5864572753777397
J_7438211110,0.00016850111852473193
J_7438211101,0.00018977054409667534
J_7438211095,0.032976183923112246
J_7438207000,0.1604042689736128
J_11001135019,0.0007258539450965342
J_7438207044,0.0002011163864326095
J_7438207045,0.2644763226156852
J_11395379589,0.0014024215263402937
J_7438207057,0.0008579278800259511
J_7438207056,0.00028284323087790687
J_10093898070,0.005887862326968526
J_7438207069,0.0002034371297294843
J_7438207073,0.0007966484644649899
J_7438211029,0.00024691714037174524
J_13955257138,0.001753937298444912
J_13955257107,0.0009048937116578718
J_7438211103,0.00020397372973654312
J_7438211100,0.697827519324424
J_13955257105,0.0008002841590863502
J_7438211104,0.241753349676972
J_7438211111,0.00036893934863727675
J_7438211107,0.00017340852755826533
J_7438211113,0.18726959679812993
J_13955221491,0.25285864830875376
J_7438211116,0.0010330638490039365
J_7438211152,0.9313112147471656
J_7438335496,0.00038478281078284377
J_10211735021,0.00020933095560921402
J_7438335513,0.23339535889645613
J_10211653490,0.004495961487951394
J_10211644829,0.20990331353685177
J_7438344985,0.0011801006736038768
J_7438344990,0.0006541961162693665
J_7438344992,0.00029364660164121146
J_9488978687,0.0006624738017330912
J_10211644825,0.18029446992006493
J_7438344999,0.09050808884925905
J_11416816058,0.0006896556667144899
J_11416925075,0.2431620584432869
J_7438345007,0.00021109096378680458
J_7438345010,0.27447559228790025
J_11416925069,0.4665840812503399
J_7463056416,0.0004982163902764721
J_7438345030,0.0007905003026227402
J_7438345055,0.43049868014182324
J_7438345060,0.0005903437602008982
J_7438345062,0.0009434592311321356
J_7438345175,0.0007958162665856295
J_10094612612,0.00010519353566352028
J_7438345094,0.001314041804702425
J_7438345099,0.0007727746436390412
J_7438345123,0.0010025280331981497
J_7438345126,0.001587514147648435
J_11408970561,0.15886044513307562
J_7438345129,0.10039729059585485
J_7438345182,0.0011074859258941373
J_11404797576,0.17255216774225296
J_7438345198,0.7029386833982175
J_7438345199,0.0015755769392503795
J_7438345210,0.0013016690606059526
J_11404797575,0.0004499419981958316
J_7438345220,0.30566789278915163
J_7438345222,0.0012362400423058932
J_7438345221,0.0014561521935340053
J_7438345223,0.931477830718001
J_7438345226,0.37190362151475737
J_7438345224,0.0007854873975247013
J_7438345258,0.09005321099557691
J_11416820455,0.19814268010922517
J_7438345266,0.0023964554961597587
J_7438345267,0.0003900201506802132
J_10097349112,0.00045555734525193136
J_7438345273,0.3531630207301703
J_7438345275,0.1227592825685092
J_7438345281,0.2151311830538505
J_7463056417,0.0013211619280844903
J_11416816059,0.44430400958856126
J_11416816056,0.000840464193170876
J_7438345293,0.0008090435548316772
J_7438345298,0.0037870112177831503
J_7438345300,0.00240810272012201
J_7438345310,0.001109457991236845
J_7438345316,0.19840942967414818
J_7438345317,0.0006365172332172742
J_10094619622,0.00013670587394975733
J_7631601351,0.0009590577380523865
J_7438345319,0.1610593226905771
J_7438345322,0.0008051634191794969
J_10094612594,0.14077638361703063
J_7438345323,0.0007126006534572879
J_10094598880,0.002277569990871798
J_7438345327,0.30065869961731995
J_7438744737,0.0008250615190619037
J_7457633176,0.0007879675833906666
J_7457633178,0.000973766675345707
J_7457639686,0.0008188485899344656
J_7457639691,0.36749220885588063
J_7457639692,0.0004198683012870002
J_10095011117,0.0008611534390183368
J_7457639693,0.0007749731861598831
J_7457639694,0.1593717969749016
J_10094987716,0.3082135404467488
J_7478079854,0.18533390366182168
J_7478079858,0.16524331218178803
J_7462417673,0.15863753070839126
J_7462417674,0.12689103167448226
J_11001160956,0.2942820679973034
J_7462946377,0.19939004358753898
J_10094685232,0.161938878859009
J_7462946382,0.0009381482133400985
J_7462946383,0.0014389641299081173
J_7462946384,0.0013185676057026463
J_11416730029,0.0006097911568724262
J_7462946388,0.4463809880296578
J_7462946392,0.0009970139254631017
J_7462946400,0.3236084062152449
J_11416734183,0.00026709001564885184
J_11416732371,0.3265780408028197
J_7462946409,0.2958576140701195
J_10097349093,0.0015932944393590067
J_7462946411,0.000804743265941576
J_7462946415,0.0008768533287879037
J_7462946425,0.0365852083693566
J_7462946419,0.001483338057032081
J_10097431718,0.00013521560595194511
J_11416819957,0.00031591307986519933
J_11409379258,0.44687446974912887
J_7462946426,0.000812264941453413
J_7462946427,0.00017405483175139547
J_7462946429,0.0011406178375583035
J_7462946428,0.18053846878208415
J_11416332551,0.000232983134557531
J_11416332554,0.0004659402264505549
J_11025290191,0.42049638409272916
J_7462946434,0.43482765615721963
J_11416332548,0.0006599016816638328
J_7462946437,0.1886808692210413
J_11416332550,0.0008215909829107108
J_7462946445,0.0009062347588892054
J_10097349052,0.0001808460331591249
J_7462946451,0.0009470084539756408
J_7462946453,0.000507386783987575
J_7462946452,0.5847470332684046
J_7462946457,0.17406094222611657
J_7462946458,0.0004184238836983462
J_7462946461,0.0002947097006786551
J_7462946463,0.0010076220827537914
J_7462946465,0.23092809470905765
J_7463056353,0.001068496048258801
J_7463056363,0.052018880538122564
J_7463056383,0.07228724773679829
J_7463056381,0.0012831148271575576
J_7463056382,0.0002489836705872546
J_7463056384,0.15995565289589755
J_7463056385,0.00040720705160084397
J_7463056398,0.0012526928493053185
J_7463056402,0.0009815839675917863
J_7463056388,0.21217561539471158
J_7463056400,0.002092895007976597
J_10097349064,0.0003302402138157374
J_11416415572,0.0003215835310830986
J_7463056396,0.0013489447979857696
J_7463056397,0.18684485849581334
J_7463056404,0.0004216333862312612
J_11409386225,0.0006804166835476997
J_7463056405,0.22626672715914178
J_7463056411,0.22291401921100631
J_11416394515,0.1906859661708604
J_7466820972,0.0001371051531237899
J_7466820976,0.14467104962580773
J_7485287812,0.1517893367258174
J_7466820975,0.5358673082039529
J_7466820978,0.000638070451548919
J_10095091132,0.0005156626438213402
J_7466820977,0.00027481161885904975
J_7466820980,0.00019076501980827093
J_7466820979,0.27156113111975916
J_10095091133,0.0002500272335313357
J_7466820981,0.0006509800594644148
J_7466820982,0.6893047793517542
J_7466820984,0.0011229088358414739
J_7466820983,0.00026230991311341866
J_7466834590,0.00014817725065321394
J_10095062564,0.3377791401450583
J_10095062563,0.1012371898344575
J_7466834592,0.16503054072555512
J_7466834594,0.0003485765064430797
J_7477707572,0.00022515021280637568
J_12169807049,0.06457228181408013
J_7477707687,0.4655337743350902
J_7477707580,0.20505301680548815
J_7477707689,0.0007383010552454557
J_10060598098,0.00017223598448716336
J_7477707575,0.003769882498079884
J_7477707576,0.010028997836449094
J_7477707584,0.5120669867318912
J_7477707695,0.0009970503270499544
J_7477707579,0.6487929384238211
J_7477707582,0.0010105270710201101
J_7477707577,0.24917964772119913
J_7479476795,0.005825428122197431
J_7477707685,0.0013543567994670944
J_7477707686,0.0004765192514438732
J_10060598100,0.2855544436241224
J_7477707688,0.23073535709841866
J_10060598102,0.0003149057903313651
J_7477707690,0.13751055456227002
J_7477707691,0.00042222678021943647
J_7477707692,0.0010014147734309176
J_7477707694,0.0649609955380686
J_12169807050,0.004912457742978686
J_7477707717,0.46517411482583704
J_7477707701,0.0009432274256922001
J_7477707712,0.000468765176694668
J_7477707711,0.001006753506294567
J_7477707713,0.5600593283314411
J_7477707715,0.003398677751962294
J_7477707714,0.0013160924026392252
J_7478350856,0.0004814551002425813
J_7477707719,0.0005187727074279554
J_7478350861,0.0010892770999189928
J_7477707722,0.10244314053622022
J_7477707724,0.24855491501720553
J_10060627847,0.023240128962329694
J_11433727298,0.35829915318774275
J_7477902712,0.17803185036726435
J_7477902713,0.0006608000545863147
J_7479476829,7.717319968669332e-05
J_10060627845,0.00040295631315030494
J_7477902714,0.0006153934393806961
J_7477902716,0.0005198036502848849
J_7477902717,0.0012184992377918518
J_12679504238,0.004144172769285912
J_10060829557,0.0003899362706960705
J_10060829556,0.00031126521483971646
J_7477902718,0.17663791753066205
J_7477902719,0.0005576952079096244
J_10207030549,0.0007691819615505052
J_7477902732,0.361079287421617
J_7477902724,0.0025614003919871586
J_7477902730,0.20255934051142357
J_7477902729,0.11902703359396477
J_7477902725,0.000409436758636215
J_10207030551,0.0007332730688399574
J_10207030550,0.15253067181010863
J_7479476866,0.000655340154945262
J_7477902748,0.0014261217030909713
J_10206851207,0.00032109465239350186
J_7478350797,0.029701757265544467
J_7477962049,0.0011779090130768968
J_7477962050,0.09499374839185908
J_7477962051,0.0022252062595376075
J_7479476862,0.0017730437289032676
J_7477962055,0.08929360048750953
J_7477962057,0.00044578885360946715
J_7479476803,0.3836242341902941
J_7477962061,0.6313181917786059
J_13154700028,0.0003459199443922273
J_7479786287,0.09577037271364154
J_7477962083,0.4058348361120728
J_7477965985,0.3282825762159393
J_10206887104,0.0005092044059581153
J_7477965987,0.07173241459094017
J_7477965989,0.13025817302892698
J_7478156088,0.0004518108083164843
J_7478079787,0.001236773213197603
J_9602472600,0.0005109399170276214
J_7478079785,0.5120766136149781
J_7478079786,0.0006583708862416965
J_7478079789,0.0008166512918225354
J_10095039133,0.000688736393104321
J_7478079790,0.0010393557978776156
J_10095039147,0.0006928301989795717
J_10095039135,0.4372038240336191
J_7478079792,0.20468202061491134
J_7478079794,0.00035259194745066656
J_7478079793,0.11044039833399813
J_7478079836,0.4320804536364176
J_7478079852,0.3197773367805213
J_7478079853,0.0003499616485896513
J_10095011121,0.002530939775639105
J_7478079863,0.00031310274169844815
J_7478079857,0.000420431641205131
J_7478079861,0.0003980169283801715
J_7478079864,0.39752592196616404
J_7478079912,0.00026397756865248836
J_7478079920,0.0013757181356044998
J_11013382416,0.0007588452403264871
J_7478079925,0.0007419786111234355
J_11013382415,0.3932072805498648
J_7478079927,0.0004900900678975175
J_11017281360,0.0006916678804059607
J_7478080055,0.0004345745429745635
J_7478147739,0.00026979737796872875
J_7478147750,0.21442715043254496
J_7478147748,0.16990838162850588
J_7478147749,0.08175126301424171
J_7478147751,0.001104066956816315
J_7478147752,0.0878647112810211
J_7479644077,0.0005418561313416551
J_7478350827,0.0009959863815224342
J_7479644069,0.0007348273507159887
J_7478147754,0.1072530885037617
J_7478350831,0.0003557447705130614
J_7479644062,0.000790288004585458
J_7478147756,0.0005474548104843615
J_7478147757,0.001151980948001603
J_7478350834,0.10296825044932455
J_7478147758,0.0002025705981341297
J_7478350835,0.003594350914179736
J_7478147763,0.0008719311073190869
J_7478147765,0.002307458434838223
J_7478147759,0.00038359732222454507
J_10060598043,0.001016500893295955
J_10060598039,0.06852490528901277
J_7478147766,0.0006533640761207423
J_7478147773,0.00030686378651279694
J_10208880896,0.00014304662436365466
J_7478147767,0.0004002590805567105
J_7478147774,0.21319620823229538
J_7478156103,0.235662165700559
J_10208805589,0.3006744817171914
J_7478147775,0.004670364021085139
J_7479644491,0.00012388347189684547
J_10206887091,0.7644707246420667
J_10206887092,0.0005417995653262467
J_10206887093,0.008664415095813059
J_7478147777,0.004975148277038482
J_7479972275,0.0060412692028233295
J_7479644493,0.040406800525209965
J_7478156089,1.2905464024398043
J_7478156099,0.0011047695382652655
J_10095665014,0.0007119298314185704
J_13174827701,0.0948938489640984
J_7478350810,0.0009696887611270393
J_7478350814,0.0016739876521120792
J_10060543707,0.000314458009708159
J_10060543706,0.0003267237692996669
J_10060598034,0.4330873970298602
J_10206851210,0.13539496274754037
J_7478350833,0.00017531461331972537
J_10060598035,0.000661351078653881
J_10206851211,0.23197032315753469
J_7478350860,0.0016025344938873742
J_7478530886,0.0917682202146768
J_7478530888,0.00026691042483758073
J_11176538765,0.0006427885357103938
J_10094837654,0.4465285607032532
J_10094837661,0.0022615599274386
J_7478530893,0.9660575107340752
J_11176538762,0.0003907884810533154
J_7478530894,0.2773599297646251
J_10094851184,0.35047729227119956
J_7479476804,0.3820575527320028
J_7479476805,0.002269915776256739
J_10060627855,0.001284476292964697
J_7479476844,0.00027378126687602845
J_10060627846,0.10617108755953768
J_7479476835,0.00020634126637345907
J_7480265387,0.0007244618419664872
J_7479476839,0.6305174489415177
J_7479476840,0.0003733886027218253
J_7480265390,0.020681406191531346
J_10060829555,0.0944998203208601
J_7479476847,0.00035132397006105363
J_7479476852,0.006338332540140746
J_7479476853,0.15484153875403356
J_7479476860,0.5319545226835152
J_10060829541,0.0003824628546469126
J_7479476856,0.0008871216191980321
J_10060829544,0.00036421761969607474
J_11001441510,0.28603649219337896
J_7479476867,0.02243285148419908
J_7479644052,0.001469679328016321
J_7479644054,0.0010360498992539368
J_7479644063,0.18848212438109213
J_10060598041,0.00015139230682610698
J_7479644490,0.10832340863158077
J_7479644492,0.0021569974635120624
J_7479774462,0.0008753593407806607
J_7479774472,0.21416337540333602
J_11431701333,0.0002653230692605324
J_7479774479,0.0012897807555400163
J_9771089212,0.0020834260424307223
J_7479972249,0.5342594351898992
J_7479972253,0.00045217704426017165
J_7480017822,0.0011800720941315915
J_11411590247,0.0614161079946119
J_7479972262,0.06261202977664673
J_11433613861,0.00011280050226492211
J_7479972263,0.10196651541591509
J_11433908141,0.0003677686247028388
J_11411575387,0.5402064261488438
J_7479972269,0.001454008960335184
J_10060543715,0.00031307345750013584
J_10060543708,0.0003026594240413672
J_7480265386,0.0011701930844315793
J_11893632298,0.000961405760586293
J_11009546171,0.2135641524656947
J_7480265388,0.9560332515298027
J_7480265389,0.0006529302638367746
J_10060829562,0.001258021920768778
J_7480265392,0.00042628122446199845
J_10060829564,0.32475617125171774
J_7480265394,0.2139195422508206
J_7483934672,0.09774207074671105
J_7483934673,0.0005152563104475256
J_7483934676,0.0016512152469058327
J_7483934674,0.12985819072190677
J_7483934678,0.003169836429354603
J_7483934677,0.0008603280482255186
J_7483988233,0.00023581041391236769
J_11365729353,0.32662207892147027
J_7483934681,0.2691530473444253
J_7483988193,0.00036424781325984824
J_11414235191,0.002495068358805419
J_7483934682,0.0005095715691176229
J_7483934683,0.07307633724908559
J_7483988192,0.0003621427904955143
J_11414209050,0.00010176232806426287
J_9602676499,0.0002314002753952632
J_7483988188,0.000662640014326326
J_10173316455,0.0007007411113309646
J_7483988189,0.0004927101205011014
J_10173316451,0.2609636476403471
J_7483988190,0.09143006166529165
J_7484166811,0.000296378019449241
J_11414235192,0.34342975403932446
J_7483988194,0.0013208965672609496
J_7483988195,0.0004499143028051439
J_7483988196,0.0004105686015542133
J_7483988215,0.0029254757355272193
J_10095062576,0.2322799708163565
J_10095062578,0.08291135068056738
J_7483988216,0.07212693177870194
J_7483988219,0.00106090999518208
J_7483988220,0.20383799700678545
J_7483988225,0.0016271796158396534
J_7483988226,0.00019970114635467712
J_10095062580,0.22166049904620147
J_7483988232,0.08448939485406061
J_7484166810,0.0010108487960385508
J_9602676496,0.0006313030923968926
J_7484166838,0.0005117698820398242
J_13146416446,0.0015015338006777927
J_7484166871,0.0003263686824073387
J_7484166873,0.014061212778474825
J_7484374679,0.15138722680431807
J_7484941118,0.27240197449949105
J_7484166872,0.1596831019703758
J_10095113747,0.00024042999491440744
J_10095113749,0.17965206871363495
J_11381262916,0.0005214056438491944
J_7484166874,0.3639030527536241
J_7484166875,0.0008367158826512429
J_7484941094,0.2411809542972999
J_7484166877,0.0708351193519887
J_7484374637,0.1819863260195595
J_7484374639,0.0003300209829134577
J_7484374640,0.09792354647568305
J_11121359029,0.10990405558742627
J_11381258936,0.00907777123120316
J_7484374649,0.001168273607738613
J_7484374660,0.2753878148736207
J_10093898067,0.001481369024404098
J_10093898063,0.001292265407117514
J_7484374663,0.2030166986831038
J_10093898061,0.0006930891298199922
J_9933544463,0.16237507590372877
J_9933544451,0.0025111844429311467
J_7484941122,0.0027809389311989324
J_7484406791,0.001637920129329679
J_7484941119,0.0005776136397346627
J_7484941096,0.0008345385473027131
J_7484941117,0.1220709082377232
J_11182853621,0.0023466171003364384
J_7484941120,0.18063924904323642
J_7484941121,0.05279001175937184
J_7484941124,0.2719682078299388
J_7484941139,0.25156875896828546
J_10173240232,0.0005946952435442653
J_10095039119,0.029457738503539284
J_7485097459,0.0033049651521693106
J_7485097456,0.006063532382254061
J_10095062609,0.0009818057585870333
J_10095062610,0.0005838450167467004
J_7485097465,0.15939340397692447
J_7485097471,0.0008408482104303964
J_7485097470,0.15787914046822843
J_10095091189,0.2523648042418654
J_7485097472,0.0014000514485369214
J_7485097473,0.000646181248212075
J_7485135191,0.0007516143698581909
J_7485135193,0.0008614985699283392
J_7485135215,0.16139031863507625
J_7485135217,0.08700978024956867
J_7485211786,0.0019499873302980615
J_7485211787,0.0013134655175863195
J_7485211789,0.0012543003478677607
J_7485211788,0.11124585471496139
J_10060598155,0.0011552121944340553
J_7485211790,0.12713887454898556
J_7485211795,0.0006242211656148797
J_7485257259,0.48217438794953066
J_11001077270,0.0011234512036017788
J_10841416533,0.25614469979144217
J_13146447680,0.8322837603746074
J_7485287815,0.0009421401630082145
J_7485287808,0.29522680211582963
J_7485287827,0.0012414654576774547
J_7485287824,0.032487314350247494
J_7485287823,0.0015621467063250169
J_7485287826,0.0006331088552413907
J_7485287825,0.10391483678315934
J_13984929553,0.00020646965017697647
J_7485287833,0.1124149720534085
J_9911227114,0.008702414269214653
J_10094500750,0.00028235395060699525
J_7601422315,0.0023742075865077184
J_10094588831,0.9785666335933582
J_10094619617,0.0004400327406367721
J_7631601350,1.6004171329727248
J_7631601353,0.0010577982194238736
J_7631601352,0.36528180043390596
J_9488978681,0.0002846037237330231
J_9488978690,0.00021584937845437144
J_10211644817,0.00545291725236228
J_9488978689,0.0011882537915798598
J_10211644820,0.46010182868312605
J_10211643113,0.0023200929635062034
J_9488978699,9.836323829112778e-05
J_10211643115,0.10549383904628075
J_10211644819,0.004656889688845276
J_9488978700,0.007173713012926387
J_9490264128,0.013609120398914987
J_13084600955,0.0017208181207092662
J_10095062584,0.4748267183856542
J_10173316464,0.05965966117672706
J_9602676498,0.5409002561085562
J_10173316463,0.0004625110395707209
J_9694860594,0.009961012236625946
J_11893632303,0.001427939704356045
J_12450442634,0.0003380648830544138
J_9766003544,0.34774505985257237
J_9766003545,0.00043738887947061497
J_9766003546,0.08566787406250242
J_9766003547,0.0005006081542607836
J_9771089207,0.000481150574381668
J_9771089210,0.0007652239175441534
J_11009482159,0.00037671246105414774
J_9771090217,0.2781495301503644
J_9780799543,0.7094041488519612
J_11409457491,0.000737875654589189
J_11007212387,0.0015560282095133477
J_11409457490,0.30781852541191174
J_12154967695,0.32545253821907966
J_9780873782,0.0005410185020469831
J_9780873784,0.3384654287319627
J_13744459326,0.0018799700941640684
J_11890757857,0.9902772543662257
J_9869643727,0.012919484462546168
J_9869643728,0.005293731970677785
J_9947288088,0.0004769256552687807
J_9918471758,0.3556937429949467
J_9918471760,0.0006033843718559084
J_11021404760,0.0005193262058559342
J_11021404761,0.00029506864076119036
J_9933544458,0.00033703122862033854
J_9933544461,0.16703476963671454
J_11021404758,0.00038178104273177535
J_11021404757,0.001684580191574807
J_9933544465,0.8632387886569451
J_12048665422,0.01556789598905386
J_12450442633,0.003421561198095547
J_12048665423,0.0010640200962182967
J_10095113757,0.0001315825126606328
J_9947288084,0.0013571471921975276
J_9947288089,0.0817104906968315
J_9956815355,0.20535228737680675
J_9956815356,0.0010709039674025255
J_9956815358,0.08537778491229486
J_11409083361,0.0012983780003863923
J_9992581168,0.0012347748005987508
J_9992874526,0.4065868125776474
J_10001309166,0.0015915287471001281
J_10001309173,0.030102982014396366
J_11416397779,0.0011184037760539557
J_10058305339,0.45406961723001615
J_10060543711,0.07384744755229637
J_10091547714,0.6331084555895115
J_10060543714,0.0005957110224284582
J_10091547716,0.677278216488146
J_10060543710,0.0001571448175995164
J_10060543712,0.15594111898904733
J_10060543713,0.1342774463755455
J_10060627817,0.12066191171401333
J_10060587990,0.0007275866998674378
J_10060587993,0.0005508231309737297
J_10060598023,0.05739013003914641
J_10060598031,0.00042205951254906636
J_10060598033,0.2202951621127986
J_10060598038,0.00048122386153275656
J_10206851212,0.031100693058044058
J_10060598042,0.28512471174678883
J_11433702255,0.0001927460899862821
J_10060598049,0.27254678602548854
J_10060598045,0.001214983294620457
J_10060598046,0.0005231910395306938
J_10060598048,0.0009975922205848254
J_10060598050,0.00075764283544779
J_10060598065,0.00018028018368407303
J_10060598064,0.0007860477875775098
J_10060598082,0.233148830843906
J_10060598083,0.0003240398028376564
J_10060598085,0.0035235996878048843
J_10060598084,0.33653491442875694
J_10060598086,0.2335651844419397
J_10060598088,0.0006410102225154596
J_10060598099,0.365513012159561
J_12169857187,0.000264946688746084
J_10060598101,0.001069571978465062
J_10060598103,0.26372530038431785
J_10060598117,0.001173665747663021
J_10060598119,0.0008951272052623265
J_10060598123,0.001709782319806807
J_11031711901,0.46400618293332574
J_10060598138,0.19119459188565094
J_10060598140,0.19023336899720608
J_10060598156,0.2791699852270485
J_10095091196,0.000720513690055495
J_10060598161,0.0009398368865117734
J_10060598171,0.00040342157493571394
J_10060627849,0.17105556992102694
J_10060627852,0.4336422796769621
J_10060627854,0.12457175960531539
J_10060829536,0.003283742667687946
J_10060829535,0.47328396160783404
J_10060829543,0.0002534218122932791
J_10060829546,0.0009087356420686573
J_11434288079,0.21200386166208512
J_10060829554,0.24266966949748547
J_10060829558,0.16332443410184616
J_10060829559,0.1757251154707301
J_10060829561,0.0005672059762833154
J_10060829576,0.11232596261688627
J_11569754132,0.0005331440483034677
J_12167767366,1.4326837634284026
J_10069900320,0.1699838411472008
J_10069900333,0.24706386766924518
J_10069900337,0.003890509627815566
J_10069900346,0.00040921220932246355
J_11381257304,0.000636293676048447
J_10069900355,0.12711672659636902
J_10069900357,0.0010077123832719522
J_12154797160,0.0003650941283738653
J_10069921125,0.1457023204977312
J_10069968745,0.0015147866355317413
J_10069968746,0.000677509959326048
J_11178071856,0.2792179852216232
J_10095113776,0.0006383142223732928
J_10091547715,0.35106986093026316
J_10091547723,0.001011121810224161
J_10091547724,0.000927778796708184
J_10091547717,0.0008126415709072385
J_10091547719,0.0012456983120147508
J_10091547718,0.001600670532913466
J_10091547721,0.0002829329001025134
J_10091547720,0.4443747872476146
J_10091547722,0.0013871368754336322
J_10093898062,0.24917025202457294
J_10093898064,0.007726291904146669
J_10093898065,0.0034749784944848924
J_10093898066,0.014379680778089944
J_13048236623,0.010555538542434814
J_10093898069,0.004541372238956088
J_10093898071,0.00020928367275017612
J_10093923294,0.34204180288391517
J_10093923296,0.0013318555149841676
J_11359637169,0.0012741458225230184
J_10093923298,0.0017854648615374192
J_10093923306,0.0010144161463104548
J_10094500280,0.00390724350761598
J_10094500749,0.25419999477958244
J_10094536586,0.39357045271933394
J_10094536588,0.001488634177522407
J_10094588827,0.0006865719335265862
J_10094588830,0.0008684057731496776
J_10094598878,0.27389638032256197
J_10094598883,0.06227207540440497
J_10094598886,1.5843457696428251
J_10094599125,0.1798240509084824
J_10094599127,0.3409999990667218
J_10094599132,0.0007064084403257922
J_10094599133,0.4230320518926109
J_10994023535,0.0002866420383292642
J_10094600825,0.17361302130115777
J_10094612592,0.751200581997487
J_10094612597,0.07050147474782287
J_11359644569,0.0009703339505807608
J_10094612599,0.00021659749534585834
J_10094612601,0.35550216332459306
J_11359610921,0.0002401751196359931
J_10094612603,0.000657616418399871
J_10094612604,0.3958703247115668
J_10094612606,0.07947932098701649
J_10094612605,0.000693191865785037
J_10094612610,0.00039200212311594145
J_10094612607,0.37936533331162825
J_10094612609,0.0009321796557865892
J_10094612608,2.2608931408665662
J_11397550004,0.71256144383034
J_10094612611,0.18869413861718748
J_10094612614,0.27868367451616305
J_10094619618,0.16965719174365845
J_10094619623,0.0009073235059901575
J_10094619624,0.0010415712367107947
J_11416770939,0.035825900548603413
J_10094685221,0.3946403721287258
J_10094685223,0.5090522202627941
J_10094685231,0.0004600343122333071
J_10094804737,0.0004287135359462227
J_10094837657,0.5555889521467019
J_11176528323,0.48252692707099326
J_10094851188,0.000520282399957071
J_10094851193,0.4990705602108677
J_10095011118,0.0008836980553655572
J_11121691321,0.001265018664898013
J_10095011123,0.3882224320589755
J_10095011127,0.00046895803888625414
J_10095011129,0.511316394691757
J_10095011146,0.0004955476762086705
J_11942790728,0.0014133465083224126
J_10095011147,0.2771478099799674
J_10095011149,0.0007521618648105385
J_10095030269,0.000523329527944509
J_10095030271,0.0011522387766680644
J_10095030270,0.12052259043209408
J_10095030272,0.00042265101937504553
J_10095030275,0.0006787924892011882
J_10095030279,0.28416311825144813
J_11001178327,0.0005043195779002623
J_10095030289,0.18348812856411229
J_10095030288,0.531149511815736
J_12196806037,0.0010383164452765286
J_10095030291,0.0005972814601464628
J_10095039131,0.9440964263523385
J_10095039132,0.0008089680217839296
J_10095039134,0.6207906040251341
J_10095039136,0.0001999889141631675
J_10095062565,0.00031144409178261327
J_10095062577,0.21205366797387112
J_10095062579,0.05343662137928283
J_10095062582,0.7994078281399993
J_10095091129,0.0010068704978171107
J_10095091137,0.21569652761490915
J_10095091153,0.0851201758722901
J_11399600421,0.001029081782908099
J_10095091181,0.9221448735279913
J_10095091184,0.00026378727741410745
J_10095091186,0.000587833906818823
J_10095091188,0.00036532739333650923
J_10095091190,0.0005895409297410799
J_10095091194,0.0004643857513882101
J_10095091197,0.0007419815015922514
J_10095113746,0.5851174260206486
J_10095113748,0.18664034574677632
J_10095113750,0.001093217486149966
J_10095113751,0.0702631366827383
J_11240220668,0.6913486322615194
J_10095113758,0.6281679402862729
J_10095113760,0.7102032064054233
J_10095113767,0.00031130635701921683
J_10095113769,0.0006503724492715903
J_10095113774,0.05049552237642917
J_10095113777,0.008639235329143773
J_10095113779,0.0005458745301153284
J_10095113780,0.0008225739153610173
J_10095113781,0.11081683044281711
J_10095113785,0.0007551249701269151
J_10095113787,0.36273794850112806
J_10095113789,0.1740754808512184
J_10097349048,0.11270974750872342
J_11173872169,0.08618724156576764
J_11416392068,0.22298258109496222
J_11416409269,0.0004109920195253591
J_11416391839,0.0012250101989328796
J_10097349069,0.00033643422353283605
J_11416324458,0.14817167094636263
J_10097349079,0.47351931914241685
J_10097349085,7.824709390581006e-05
J_11416324453,0.00022523751425439846
J_10097349086,0.2290774191662648
J_11416820454,0.21324382478451107
J_11416831187,0.0007669956837216172
J_11416831190,0.0006215069105401747
J_10097349109,0.00030824539687705234
J_11416774233,0.2677564519799624
J_11416795997,0.0009684411405591508
J_13817446512,0.0017505754565372695
J_11416819962,0.00014060386356519526
J_10117745044,0.000510685100194918
J_10173240231,0.3536942380414202
J_10173316457,0.3147667013717121
J_10173316458,0.0005696803388665079
J_11414209052,0.2140805449284214
J_10173316465,0.000674599695010308
J_10173387899,0.0009823000532661887
J_10173387905,0.002478844341917987
J_10198935258,0.39613456788435136
J_10198946517,0.0012354062392444978
J_10198942878,0.20653555435296986
J_10198942882,0.4561694350623887
J_10198946519,0.39342543165523003
J_10198988928,0.0025641238259911277
J_10199108577,0.16495607997945252
J_10199175817,0.0011435400214765115
J_10199190238,0.19832940959869455
J_10576282114,0.000372009225453092
J_10199190243,0.11244234945481676
J_11419965870,0.0809437497118192
J_10199224085,0.39714108554279237
J_10199232599,0.1463996065928379
J_10199226512,0.0005990223182272858
J_12198912682,0.8106995693586407
J_10199227466,0.19601652524269894
J_10199293847,0.0014891688938947296
J_10199613952,0.1582272890585926
J_11027134873,0.18730559563424887
J_10206851213,0.0015360291660990678
J_10206887094,0.0018518577248859665
J_10206887097,0.003546664665154954
J_10207030552,0.11390077266198533
J_10207030553,0.31935009091678845
J_10207030554,0.13293063506442573
J_10207067029,0.22387368283405215
J_10207067033,0.0003445156680855061
J_10207067031,0.0007332633914970946
J_10207067034,0.17869753440937908
J_10207067035,0.00017299727090282685
J_10208880897,0.10313772918358789
J_10211643100,0.0009773430806186089
J_10211643103,0.01195909698895575
J_10211643114,0.002849169072553651
J_10211644823,0.0006536932762661296
J_10211643116,0.002196189267537651
J_10211653491,0.001304177001036027
J_11416723458,0.003032789743100658
J_10211686910,0.29722762259483476
J_11416807954,0.20456431749006754
J_10211735024,0.3705232392418805
J_11411581256,0.0031126887428719204
J_10224900669,0.00044752378282165295
J_10287015907,0.00037922928999187646
J_10548413128,0.1666627057109315
J_10567158718,0.26662923008589257
J_10581657553,0.004124312731808797
J_10672725297,0.047633852645742714
J_10703298290,0.30505001715080426
J_11416730031,0.02188208262937827
J_10841378367,0.0006177884438820926
J_10994023536,0.21413841193873556
J_10980125651,0.6080256314427408
J_10980284849,0.00022652438535871323
J_10980302563,0.3613965653008646
J_10980302576,0.39876291132866726
J_10980302564,0.0007321961513543113
J_10980302578,0.0004023310501478639
J_10980302568,0.0002852229951065235
J_10980302575,2.3803877017345707
J_10993976952,0.0006994644597056333
J_10993994971,0.0007779871277816287
J_10994010034,0.23784566686746408
J_10996524829,1.1530911488161744
J_10996588740,0.5319433791247561
J_10997113147,0.1550990038209533
J_11001062092,0.07075490855019069
J_11001077274,0.28739852669679106
J_11001097002,0.00015765612661506283
J_11001137224,0.08237544456212714
J_11001147344,0.021418454083654056
J_11001163910,0.00016982701486973307
J_11001164262,0.36501620888600517
J_11001173268,0.7711832633343007
J_11001173271,0.010877254535661159
J_11001178339,0.00034533987788831793
J_11001178343,0.00013722415613043594
J_11001200067,0.00040796783512174906
J_11001422491,0.0007182707185228297
J_11001422493,0.0004444261793873742
J_11001499469,0.0006331022100084428
J_11001547340,0.15666433648674152
J_11002586411,0.0008479906557077291
J_11001551093,0.0005786095653608473
J_11002571294,0.3013411206978114
J_11434234088,0.000570188169985531
J_11002586412,0.2292913218510088
J_11007216471,0.0008120699688603937
J_11007212388,0.0005819378133367231
J_13046402703,0.030816452833318568
J_11007257823,0.0001751432585997476
J_11009482160,0.37677316866775373
J_11009580961,0.0010389186996557242
J_11009620015,0.00023561141308724932
J_11010068862,0.23456949347325434
J_11010097226,0.002098949472267247
J_11011522725,0.22892397718659352
J_11011522727,0.1983729820146411
J_11011539184,0.0010285106877840117
J_13146619504,0.0005493079833631722
J_11011540736,0.0023628217599337216
J_11011540741,0.20283476689993835
J_11011540738,0.00044634388145436667
J_11011540739,0.00019022187439940617
J_11011540740,0.0003455964978585997
J_11011585850,0.0016566692393896318
J_11022325717,1.2608134081151334
J_11025314510,0.0035190887751539116
J_11404803512,0.0017450210305191322
J_11027148286,0.00048056198052925345
J_11056786857,0.06106649382722759
J_11107032794,0.0007810856155631757
J_3643008793,0.0023553661320689753
J_11337273147,0.0008031041078286019
J_11420019873,0.5526900272630958
J_11368519453,0.2866997044587644
J_11395343033,0.00032262275098309066
J_11395343032,1.0449138223398786
J_11395343035,0.18491070789779498
J_11395343034,0.7117490395861393
J_11395343036,0.00046766131356773576
J_11395379590,0.0010531375990797342
J_11395421204,0.00022910892111468448
J_11397408708,0.02441342023438769
J_13113992361,0.35109831213081083
J_11400117610,0.0013277388470861208
J_11404797577,0.0008523911457933157
J_11404803511,0.7017905273498084
J_11404803513,0.0007031043028094487
J_11405105278,0.3424911016993651
J_11409068129,0.14141092308208134
J_11409083362,0.004910577943379822
J_11409124499,0.002516275947922391
J_11409310942,0.8282183601153381
J_11409379259,0.0005049864618092254
J_11416796637,0.50036408218343
J_11409457493,0.5907378052021119
J_11409493268,0.18689434553121528
J_11411581258,0.0013469372679234244
J_11411586824,0.37795597786752977
J_11411586832,0.00040849374059911253
J_11412136330,0.12132499656302402
J_11414209051,0.6345186511063335
J_11414209053,0.0005402408000785851
J_11414209055,0.440388450950089
J_11416231682,0.2257842156269651
J_11416341970,0.4179508671980471
J_11416324447,0.00047576560569594117
J_11416332549,0.5705816711117699
J_11416332557,0.25920333660379397
J_11416391836,0.0002351029957918077
J_11416391838,0.000988456554522608
J_11416392066,0.0004528342383945424
J_11416397782,0.0005239927011189078
J_11416397787,0.788411333033428
J_11416400533,0.23327991711657128
J_11416415571,0.0010171218183323196
J_11416415573,0.5873146822437224
J_11416417678,0.3608758825192034
J_11416417681,0.5628225339132398
J_11416417683,0.5968173790838759
J_11416723459,0.0005617085330889353
J_11416730030,0.18570928249942373
J_11416730032,0.4049728948172573
J_11416752845,1.672123166815899
J_11416752848,0.00022082833104269267
J_11416774222,0.29968747957509684
J_11416774232,0.0009949025544209761
J_11416774235,0.3294435547575853
J_11416796636,0.0008914097993810497
J_11416796648,0.28968396374910826
J_11416807957,0.0011536802617103047
J_11416816057,0.48084009641391934
J_11416816062,0.3321403568142472
J_11416831197,1.5905965765851058
J_11416831196,0.43546820312771634
J_11416863808,0.00031718968002691244
J_11416863813,0.0006036521237923227
J_11416914637,0.10076673733905525
J_11416925076,0.0006763024977956353
J_11430378427,0.0005722391451270864
J_11430378425,0.0005710099605294591
J_11430378430,0.001979955696103995
J_11430378433,0.28583271566405394
J_11430378432,0.31058105394256114
J_11430378426,0.020585234434108576
J_11430378428,0.38899527883392976
J_11430378429,0.0001791305693309991
J_11430378431,0.7222662791299891
J_11431701334,0.16407237980832345
J_11431736531,0.4061094609932943
J_11431736533,0.2877375873787674
J_11431736536,0.0003279441582638835
J_11431736540,0.00037925820265538276
J_11433548117,0.0016503821455159974
J_11433613864,0.14428953448668191
J_11433702262,0.3449214778205272
J_12183638881,0.007047596009688941
J_11433702256,0.0003965823375805433
J_11433702257,0.466914826675003
J_11433702259,0.274687320682568
J_11433702258,0.25467074771760356
J_11433702260,0.3431770350012949
J_11433702261,0.0005783837456346763
J_11433702264,0.001100956623837364
J_11433702263,0.0006825755086408713
J_11433702265,0.00041820901279145925
J_11433727296,0.18994160004981436
J_11433988309,0.00024031418709149184
J_11433727299,0.07056435407769149
J_11433727297,0.15098957157368603
J_11433988310,0.7068717570589287
J_11434234089,0.2764046029157454
J_11434271567,0.0005003005489141389
J_11434275898,0.4451411684331993
J_11434279655,0.0007134245470579035
J_11434288077,0.5751447808793884
J_11434313875,0.3241329474677739
J_11569754126,0.0005243500010518825
J_12129317051,0.7774698399701157
J_11840741700,0.0019941450832678146
J_11840741674,0.01203992190200233
J_11840741680,0.0011195249416964738
J_11840741702,0.19986527729178993
J_11840741701,0.002350751979938555
J_11893632304,0.0004909981769483169
J_11893688455,0.30812380507470505
J_12450442628,0.0014027291981746795
J_11900206375,0.00041238106318427543
J_11903272895,0.5921464535690222
J_11926112912,0.025614327456084503
J_11926112917,0.009730363858878344
J_13490858804,0.11705215284134513
J_11942790729,0.4497555710868328
J_11942790730,0.00039054819942792524
J_11942790733,0.5087742462811898
J_11942790731,0.6724641124331734
J_11942790732,0.048774256538057094
J_11942790734,0.0012010216426986584
J_11942790737,0.00047070375588532275
J_11942790739,0.0007372971713644671
J_11942790736,0.14040501228263946
J_11942790738,0.3394304338106498
J_12450442632,0.0005274411470897803
J_12129317052,0.13681971177217442
J_12144144430,0.004766231558642481
J_12161577558,0.1593232046445214
J_12169645144,0.6103943353723353
J_12169857188,0.6067428327049644
J_12183638877,0.08760443271897375
J_12183638878,0.0004435270291225932
J_12183638888,0.00043141754448111766
J_12183638889,0.28996817963376503
J_12183638879,0.001062038195817651
J_12183638887,0.24682435406600822
J_12183638880,0.005564865452681678
J_12183638886,0.00047968443104356295
J_12183638885,0.3695500545061296
J_12183638882,0.0004462479318298302
J_12183638883,0.0014928836488282166
J_12196806038,0.00038742062868718925
J_12198983541,0.6937659744183448
J_12198983529,2.8292161590404272
J_12198983537,0.5803077644031118
J_12198983542,0.07408896799441876
J_12679504239,0.0006065331413729535
J_12679675472,0.5649702284243144
J_12701503783,0.30664678119094907
J_12701503782,0.0009837955356211288
J_12701503787,0.04626396525087828
J_12966205161,0.0003479851817701552
J_13014789981,0.0006702916472814896
J_13048350277,0.0006671415423466375
J_13048350276,0.37748013847385276
J_13048350278,0.8815818815218643
J_13048350280,0.031014654873673553
J_13048458425,0.0010769869008084977
J_13056308343,0.0023327168040704884
J_13056308348,0.14137935417463338
J_13056308349,0.0008922000220248224
J_13070401115,0.426478364846043
J_13105185132,0.0010623946274204844
J_13105185135,0.0005833459691092114
J_13105185134,0.26316547085276515
J_13105185136,0.0011591568656711593
J_13116112613,0.19948830564415437
J_13116112616,0.31836765269215767
J_13146416445,0.0008667037495721786
J_13154529247,0.0004594193641751103
J_13154529246,0.6357858539018848
J_13154700032,0.13769818903681363
J_13343861356,0.31950275684594415
J_13490858802,0.08635817542710755
J_13490858803,0.3503458200536166
J_13490858818,0.4822295638200622
J_13744459329,0.0023188760361788022
J_13744459328,0.00013275458479704964
J_13744459331,0.16261520742285468
J_13945097680,0.0010246092463025644
J_13817446497,0.1175151884543077
J_13817446500,0.5007952561428958
J_13817446511,0.49741566638813767
J_13817446499,0.00045730233693395576
J_13817446501,0.32060808037033434
J_13817446503,0.00018695473325890753
J_13817446502,0.0004166328567915277
J_13817446507,0.0006944352995702181
J_13817446504,0.12694066820045116
J_13817446505,0.00040581771707332975
J_13817446509,0.6465691345278449
J_13817446506,0.17171214249985634
J_13955221489,1.0115247808110412
J_13955257102,0.0001805359966185908
J_13955257104,0.000717607971914966
J_13955257106,0.0006908244784029229
J_13955257137,0.0005383782253181467
J_13984929552,0.0004600353974506623
J_13984929554,0.4796258236181278
J_14028371876,0.0005667538080893602
J_14028386721,0.05001618868182431
Outfall_1,0.0009452655430869555
J_17327139,0.009417378811300467
J_443224605,0.005769602923295609
J_309593057,0.2294937537745639
J_17327141,0.21898735594044363
J_956271706,0.0002507115124256966
J_956271740,0.0017834616197339834
J_61746203,0.0013704152187337156
J_7263195946,0.23989518648188043
J_669247515,0.001049173998357163
J_1391210501,0.0008936982458871243
J_61746206,0.0018474105987666086
J_61746207,0.0018511116851908796
J_9189251449,0.1418389218429126
J_61746209,0.0015357031842755543
J_2327191221,0.4412763669041351
J_583466959,0.19026014913371173
J_1468106225,0.0006254334780746002
J_3870649452,0.0017768185056684445
J_1467991788,0.003978503391542079
J_61746218,0.0004260774260178207
J_3740962130,0.21312112174477435
J_11853713921,0.27099666211444806
J_61746220,0.1259943570793156
J_1468540687,0.002077725525857641
J_3740957813,0.6871414325890457
J_61746221,0.1370480978135473
J_3740957821,0.0009787230848560132
J_10068956864,0.0008557451296205867
J_61748553,0.11358959829197898
J_12512015942,0.00045153746738946547
J_3740962156,0.20419858439277513
J_245613696,0.48970905428672046
J_10043935988,0.0027260057405863484
J_1617742453,0.1016779335586351
J_247989225,0.00419486233912566
J_4839770849,0.0008438960981458524
J_1309736835,0.36528728463630966
J_247991563,0.003700672260122181
J_4294224252,0.0007332781504013268
J_254920166,0.005194624733741093
J_1615723287,0.5996602233282994
J_308918179,0.00029346938599462345
J_254920223,0.05986474692460016
J_254920177,0.0006873807615449624
J_306586796,0.00018263194521760885
J_304956241,0.1709291021989746
J_254920179,0.22003600716212712
J_568949761,0.0019708999211511644
J_254920199,0.0004593934224763168
J_308920669,0.0006217576188738036
J_363766016,0.07245713537867023
J_6504022158,0.005853084562635785
J_254920205,0.00017467210025361377
J_363767341,0.0912452387067064
J_3399067461,0.16936683280831316
J_254920217,0.0012253372593437042
J_308920401,0.0005155733175060475
J_308921454,0.24440553957968347
J_1625402539,0.00046919351446526327
J_260729372,0.5942053474850953
J_6180265403,0.004189515065078675
J_260729385,0.0005749692851094674
J_3452278578,0.0006240538635789188
J_7265495340,0.0002503938917775354
J_260729388,0.0003850127994993425
J_3801688122,0.11826832548170425
J_3452278572,0.0005185023455606422
J_260729389,0.0006340725389431376
J_11892969975,0.00025224203416341034
J_1274328906,0.20365348374270045
J_260739401,0.1383498362945361
J_9200341881,0.0025553752440904353
J_306582377,0.0025143752496273658
J_7265565075,0.00047365588363093445
J_306582104,0.0012211577418154468
J_260739404,0.0013705884072680503
J_265525604,0.0004984658371087201
J_306580384,0.2725147240337832
J_306580353,0.0015673516300552008
J_260911861,0.1302249125833791
J_11809900885,0.004255337071035366
J_6137525101,0.0006507632595669197
J_263220551,0.13930339942009323
J_301348513,0.0005939988611994043
J_263226936,0.0019087447130541806
J_305091142,0.003329200128030783
J_595766030,0.0005315817059607126
J_263226812,0.0014751496115746978
J_301348097,0.0007948835651021512
J_305091122,0.0009304971040465653
J_308917133,0.0005554987181821948
J_301348248,0.0014260652462921679
J_263227126,0.001117610633527658
J_305144478,0.0030050685503829433
J_1469644231,0.00048710620794944034
J_263227171,0.0020514991124608666
J_303933201,0.0004885220869621154
J_1469644253,0.0008625752194890663
J_6504305288,0.2360399388121295
J_265524447,0.1242628439538955
J_265524451,0.0028144334968998263
J_265525611,0.00023682590078692777
J_305091419,0.003746699285538764
J_2228517315,0.000504676451849871
J_309593849,0.37892595480621893
J_265525615,0.01400984647441791
J_305091421,0.00076866973279487
J_265525627,0.0032671704518968735
J_308917326,0.0006046363701689086
J_305091318,0.007397908425844418
J_305091273,0.006380404303046605
J_266303004,0.00044829220258084824
J_266303953,0.09707292829611411
J_266303064,0.006425689693832333
J_266304629,0.0009505111557786596
J_2385138309,0.001119117441033702
J_2414635984,0.1107908121178714
J_266303954,0.0006181452251717378
J_266303955,0.0018124294048080325
J_266304630,0.00021495946151304935
J_266303956,0.00045391863028006955
J_266304631,0.13883547689585787
J_266304632,0.0030849900774288495
J_6132249479,0.0007003346041606856
J_308452451,0.0004886011122455215
J_308452454,0.04572146781757247
J_5292923940,0.001846536103948951
J_2407759902,0.0010339281757774186
J_2400167301,0.0007673919192122748
J_269710413,0.13535299622111982
J_3313560924,0.0006614465011603036
J_269842807,0.0012704393636036304
J_674531692,0.0010467516324758274
J_315206425,0.0010002731948434418
J_301347812,0.00031570603957231826
J_306582120,0.17121615789133288
J_301348393,0.0006122503144596909
J_305091088,0.001919560100193986
J_305091228,0.009194269880134873
J_301350889,0.005458396876782697
J_6196951260,0.0006225078157884029
J_363770946,0.22567344905408704
J_301350890,0.002406561965171841
J_3399067464,0.00014536179889377334
J_363771007,0.0020469242005441163
J_2228165471,0.09809942790952886
J_303931703,0.0030950153615920462
J_7263010437,0.41072378149000605
J_5395545375,0.00031501166850751234
J_303931711,0.0019320495405242052
J_305091999,0.0007856568353113726
J_308917419,0.04085722609813203
J_5431786084,0.00015207328651098236
J_303933199,0.00030920426689730183
J_6132065477,0.0779394572528969
J_305144362,0.0022072157244816416
J_305144298,0.005475255845835079
J_305144597,0.1433496381602769
J_1469644263,0.0029620874885671073
J_304771894,0.00203403589349786
J_1620344798,0.0003524726908884229
J_305091341,0.0007645801803256758
J_304955780,0.002921449193907439
J_304956025,0.0005005000565455346
J_308921422,0.015162057394648596
J_304956037,0.09293857860230756
J_304956289,0.002033971627627562
J_304955847,0.0004520976089264821
J_308920806,0.21696242219779027
J_363182402,0.0003896432844014276
J_12518058757,0.25998002810369686
J_304955848,0.0005872230978711574
J_309593051,0.4737926164411519
J_3399098255,0.001598317161911153
J_308921398,0.0008691240019871829
J_304956059,0.0002852646293010007
J_3399067457,0.0007225284336255164
J_363765940,0.07326456909457177
J_3399098253,0.6801216821197132
J_304956240,0.0036525880896016633
J_363177664,0.0011736085088796836
J_308921204,0.0005160163252590929
J_304956254,0.00017711813986952764
J_304956252,0.09096407788670469
J_304956245,0.0008479058867373609
J_308921511,0.0017711072376037874
J_12451306645,0.0037453579942827355
J_304956255,0.3526702763469196
J_306586468,0.0013087894799888693
J_306586390,0.00024243162565151143
J_306586373,0.0024532215927731923
J_304956256,0.0673799950877751
J_363182474,0.00020289303038439901
J_363182099,0.0003285814069881844
J_308921396,0.2846103326440954
J_304967128,0.002169334491504615
J_304964733,0.004372997160080065
J_1419497948,0.37316210714519776
J_308920357,0.0010344999195709803
J_304964738,0.0005626852503527423
J_308920807,0.0005065650250544195
J_304967127,0.05327024629312734
J_308920805,0.0017462772087716843
J_306586470,0.4027664727120425
J_5960671739,0.01904495163293332
J_308917132,0.002250226570123353
J_1759977210,0.14207088985853464
J_305091505,0.004360375913924361
J_305091330,0.0033342463854592356
J_305091576,0.010863274547098225
J_305091424,0.12297643573071718
J_305091418,0.01126590263889489
J_503050641,0.0873877727233297
J_305091422,0.0018853309107686104
J_305091594,0.0005967416040782293
J_305091604,0.0019800263040362378
J_305091596,0.0010307034943410948
J_503065534,0.011064414193174091
J_305091599,0.17114121813391386
J_12141257617,0.00039008108770740814
J_305091600,0.0006242715061457902
J_503050639,0.0004544895400525163
J_305091854,0.0016279393889006874
J_305091963,0.17280022172993467
J_305091860,0.00032354927001435486
J_583466958,0.0014841995144446456
J_309592656,0.1958146523552843
J_305091861,0.0009349549896253875
J_309592657,0.0005644628042749854
J_305091913,0.21971422044389838
J_3801692786,0.0008112674996388836
J_305091873,0.0009405236866070556
J_305092010,0.0007838729257634197
J_305091898,0.0010873251471837748
J_305091884,0.4210077308467451
J_305092000,0.0006180634998587107
J_305092008,0.00048086132231404364
J_305091899,0.2324596064959732
J_3801692785,0.0024588290608047714
J_1761893928,0.001234469099996216
J_305091976,0.001229513174256176
J_305091961,0.0008997769006217031
J_309592649,0.026933826131986388
J_309592695,0.3131209571816006
J_305091972,0.001171235593170155
J_305092001,0.1541943265699403
J_305092003,0.07400807131552091
J_305092002,0.0007328000997372246
J_305092006,0.0008285103068765019
J_6065186792,0.0011592095270175273
J_3801700762,0.00038441013692380835
J_305092012,0.003944259813912223
J_443224576,0.2768140449273308
J_305092015,0.0004984683624395745
J_305092011,0.23005488151095832
J_305092009,0.12447776061642798
J_305092013,0.00029032466339277665
J_305092021,0.000507702725042225
J_305092014,0.001738048942879492
J_443224575,0.0007821946039893761
J_305092023,0.006083313696450123
J_305092269,0.22368633893511822
J_443224578,0.003514236367393907
J_305092025,0.0061126752425415985
J_12866638777,0.003666768559003803
J_305092417,0.1585107678965838
J_305092268,0.000516562359347126
J_443224573,0.00032340817712811796
J_443224582,0.0008537164865078417
J_443224577,0.0019215678478021949
J_443224570,0.0004199373955746795
J_438069091,0.0016432408154151146
J_438068380,0.001778043263518495
J_305134771,0.6683972669323989
J_5389437923,0.037197556449725104
J_3452260835,0.00030792504750357043
J_305134812,0.46750946975531177
J_595765589,0.008562028602855237
J_305134843,0.0036383935956486447
J_305144294,0.0010010105968292816
J_5389437926,0.0020104078844404467
J_305134881,0.0002909561012677805
J_1620346627,0.36942899042247207
J_5389407314,0.0005910088324706496
J_305144299,0.0008464920131656894
J_305144373,0.19549408597957016
J_595765590,0.0027958598567881425
J_5389407315,0.004512023128545667
J_305144596,0.0003774026306365502
J_305144569,0.00420980906575105
J_305144537,0.0013119893011968187
J_5389437927,0.0008222701828431474
J_305144566,0.0159787782958386
J_305145662,0.0018491415907625772
J_1666061328,0.0005467223199242493
J_5270931824,0.2120341038918761
J_3558446066,0.0019254773544761454
J_10153812605,0.003428122733368884
J_305145664,0.003908050200659048
J_3143852516,0.0062592407524479365
J_4032342291,0.00013569477551604345
J_3452278570,0.3531789713570073
J_305145987,0.1098529212569743
J_1770490845,0.00018374274293490655
J_4032342299,0.0004638706377713253
J_4803681196,0.00018221309257891212
J_306580382,0.0012940968543371347
J_4803681199,0.09881545088354791
J_306580569,0.0012831058097703754
J_4803681198,0.12990351837425074
J_4803681197,0.0026228170670817208
J_7265495337,0.0005782497397305239
J_306582445,0.019297416917417622
J_306582347,0.0005123659838770469
J_6096432317,0.31017014868358367
J_11017416949,0.00026355397681475216
J_11017416950,0.0015413869197664454
J_6096432316,0.004019034777908299
J_443224603,0.003829406597170115
J_306586220,0.03286307708191795
J_13994195791,0.0003693377578490677
J_306586652,0.0005515608284169718
J_13994195790,0.5633383486795378
J_306586341,0.0008293892511755921
J_309593624,0.08409078325161554
J_1744462784,0.009997097272022798
J_309593726,0.0001698456704326602
J_306586409,0.0005475102456879215
J_306586704,0.0008882947441008215
J_6504113877,0.15851551566976238
J_306586698,0.05676514779596821
J_309593571,0.0006507239560999078
J_306586724,0.00016477726922201224
J_309593576,0.09453866857052518
J_306586716,0.0005132581671954126
J_12451306647,0.0002602843126748328
J_306586738,0.00755563686715556
J_12484161553,0.4979872635144913
J_1614295015,0.051374279845190864
J_306586914,0.002090075753948159
J_1070361708,0.00024075249588096192
J_1070361781,0.0012349605826498349
J_306587086,0.20030082297326915
J_1088037381,0.0028099718425826214
J_306589626,0.0102205781189914
J_7148693825,0.20469904372535008
J_2941494384,0.004016016437733533
J_306589628,0.0006305031315049708
J_7148693828,0.00026233754062925975
J_306590277,0.0025670620448571962
J_306589874,0.0009639475211941367
J_2017924110,0.09111129779079684
J_12143832312,0.470979563978674
J_306590603,0.0011067648029440254
J_306590262,0.00038022115450470637
J_7433184747,0.0007470569447449851
J_6530053744,0.0005360564952648175
J_1607671522,0.08811224762382011
J_306590266,0.0010837434057694231
J_7272375522,0.00034622527523354735
J_10091881964,0.0005784992527357938
J_6518562634,0.40595921820146585
J_1607770311,0.003728166797709926
J_12167851612,0.00032898007459898274
J_306590578,0.001284098792845371
J_3684937729,0.00010093387916380625
J_306590584,0.31401862868588976
J_10091779054,0.001404920673368989
J_12683639905,0.00673591600192408
J_306590588,0.17716323596384645
J_306590990,6.996399919656888e-05
J_6518193641,0.00045535530765187886
J_1469644347,0.010598538969762187
J_306590989,0.0004766314075126042
J_6528272229,0.0002140546333033461
J_1466891162,0.0012321522181056933
J_3417176629,0.10608213731568546
J_306591433,0.0004014925866211838
J_650085372,0.20714222356976003
J_11306430808,0.00028642191450040767
J_306608699,0.0020165471909630653
J_3287849054,0.0007685174968955763
J_306608700,0.00041908818928163135
J_306609212,0.0008912045784542276
J_595766458,0.18979325164455338
J_306608898,0.0003867352566073628
J_306609759,0.0004958918545854105
J_306612919,0.1394957661122908
J_306611189,0.006417073413065686
J_2385133858,0.049790631241910716
J_306611194,0.00479543379712557
J_12969313169,0.021372563214166796
J_306611195,0.0001928855951997198
J_2619300330,0.0034503330147335797
J_306611382,0.0008914604527072947
J_306611892,0.0031726420661567665
J_306619117,0.04522793461045949
J_306611516,0.0006213002017394222
J_306611889,0.001049930675435933
J_10081671362,0.15046306515868085
J_6142782103,0.0027200557547527484
J_306611796,0.0004292381714861129
J_306611825,0.0009497747569960516
J_306612124,0.0554794459792509
J_306611919,0.1983482646453359
J_306611891,0.003264368093188469
J_6182617723,0.0012936623511014644
J_306612586,0.0006305034712151718
J_306619140,0.060688127822075534
J_306612221,0.002369236717937763
J_306612001,0.0002582921279987186
J_306612467,0.0014826390469446832
J_306612483,0.0007551201245084128
J_306612052,0.00010838782524245993
J_5267822917,0.14399487544648942
J_306612561,0.28481843524437567
J_306612055,0.1302620743879698
J_306612295,0.0008629154436304337
J_306612223,0.005445042776418375
J_306612391,0.06557835506721243
J_5267822918,0.00031108777710798184
J_306612914,0.0004238846617195128
J_306614480,0.0011665086073620416
J_306614481,0.5379222043139947
J_306619149,0.00017396738037624618
J_6885082500,0.0009151563154334341
J_306619138,0.352228022530646
J_306619251,0.35004607402702964
J_10081671366,0.0005079602158417584
J_306619537,0.001521781327036385
J_306619358,0.00032206350481765527
J_306619613,0.27209749469713124
J_6885082496,0.13825487467292838
J_5928014162,0.0007545409348663733
J_306834896,0.0004002652240811391
J_11853769691,0.008477059930524186
J_306835061,0.0013515610624553404
J_10068956866,0.00043866128763065065
J_9363518172,0.0025244425934586694
J_306850809,0.0021587673430188323
J_3161221492,0.00022381977618060467
J_3145224310,0.0006970417836929831
J_308875824,0.24145263592648156
J_306850811,0.0024044154407361277
J_308875947,0.0006609968937089436
J_3161221496,0.0006796490691014965
J_3161221494,0.0027023792705012217
J_306850813,0.2708253318354014
J_2941494367,0.04056310972443703
J_307407109,0.0004951667833648594
J_1607769715,0.005843327303666661
J_306850816,0.0006636899911900366
J_1607770034,0.5579601535287346
J_1607671480,0.0006982429145228388
J_10091779109,0.0002845086076311084
J_306850817,0.0005952924459203104
J_1607770058,0.0004876380563092168
J_3274194151,0.3776496760704373
J_3274194146,0.0004869547337096601
J_306850818,0.005387228949048662
J_3302507661,0.0020809283803264896
J_1607770180,0.24531098620724207
J_307406871,0.0013018570880863627
J_308452978,0.0006259484237102378
J_10156176137,0.0004350300637007904
J_307406878,0.00016423259249078118
J_494238082,0.37761235874713367
J_2954852701,0.19687835436399775
J_308452712,0.00028344968850817047
J_494238075,0.007553829207093953
J_3145224307,0.0005933329589535258
J_3161221498,0.1907435643250288
J_307407124,0.0009443610348638696
J_3145224313,0.0005271990199794656
J_3145224297,0.0005069910084656699
J_6518562627,0.23580255620610055
J_307407126,0.0013932455164794666
J_3145224318,0.003980576813203126
J_7483939486,0.0014158115110407916
J_307407128,0.0989916695769117
J_3145242508,0.0008197696376122592
J_6518562629,0.0004327520208515617
J_3145224929,0.00025129492507946973
J_307407267,0.08049589631330131
J_10091869176,0.0005603252100932717
J_3161221477,0.0004966874688217531
J_307407783,0.0011542290330187205
J_307407844,0.11011875213604938
J_10097182475,0.0695469496453513
J_12040966310,0.001820707780666099
J_307407794,0.003870665826379751
J_494271042,0.0012740979853110071
J_494271038,0.0007891400173786032
J_307408116,0.11176966398549341
J_307407835,0.0716756274736614
J_308717370,0.0010520829745745968
J_494271022,0.10158354561993058
J_6518859297,0.00013971754245493742
J_307408086,0.0006078458502328971
J_308717372,0.0005464997812366331
J_307408085,0.00036795273666055136
J_308717371,0.14664269729200824
J_307409022,0.1690553053215643
J_308717373,0.0031394419690882087
J_494271041,0.001803565902644801
J_307408088,0.00032465573127101583
J_1472248431,0.11153864904573417
J_307408561,0.0017042226302100185
J_1607770096,0.0003801548156969604
J_307409007,0.0006650710049702647
J_3161221532,0.23310471498087543
J_308875966,0.0009087641077025913
J_6518859332,0.0013164107822500246
J_307409011,0.2616473082446002
J_6504405584,0.0010820201379666717
J_494271051,0.0007568349408921171
J_3161221538,0.000748563693005651
J_307409012,0.0003344815658727454
J_3161221587,0.0025832662318667184
J_308875715,0.0003098734207542663
J_494271047,0.07702990275756277
J_307409013,0.0006184321474607419
J_308875673,0.00022810619922807628
J_494271052,0.0007556409599034887
J_494271046,0.0012700411772202677
J_307409018,0.00044487280653070704
J_494271030,0.0008262048894358536
J_2406851448,0.004842946058369904
J_6531845886,0.0009441616482724866
J_6505307824,0.0003667282646849131
J_10153741991,0.0007187203033326514
J_7479071343,0.0025665875082362577
J_308452644,0.13132120012933654
J_308452649,0.0006727429156623647
J_308452723,0.0024121734432553817
J_308873447,0.0034938937383867706
J_1280126580,0.305360774766931
J_10153681629,0.006105610094290371
J_9174445164,0.0011976216188100833
J_308717381,0.0001404958141352485
J_308717382,0.19668043150961226
J_308717389,0.08998871242544065
J_362673085,0.3357625573956775
J_308717384,0.002812961492669912
J_362671277,0.00010801664390262586
J_362666748,0.3203895647093849
J_11290801953,0.0007982531516471468
J_308717426,0.00014182858518237566
J_1607769441,0.0022635806426928814
J_308875398,0.0016033215999193095
J_1396835697,0.00029725350351968323
J_12167738408,0.41195598084822077
J_308717427,0.0005318212889967475
J_10153704400,0.0005035305446699867
J_10153704399,0.29833087676890135
J_308717428,0.0002342879296130785
J_3161221469,0.0008911923300765288
J_3417786747,0.112419392021731
J_1607778453,0.001162868942742508
J_308717430,0.001539838286468104
J_308875354,0.0009239948648998769
J_308875369,0.001132055150214646
J_308717438,0.34870430129347996
J_308717435,0.0038406973625233266
J_308875454,0.0001372391858882687
J_308717454,0.009092119761507172
J_494271101,0.40456365082007145
J_2058556056,0.3040889795828747
J_308875453,0.0004139157291337682
J_11507906791,0.3273633307864184
J_308717455,0.00217006418174819
J_6518562650,0.0005898494275619805
J_494271015,0.21668234898178937
J_10151247655,0.009553487314994558
J_308717456,0.0005305446579842927
J_6196963389,0.16692001100577175
J_308717457,0.0022045999695671885
J_4406882472,0.18204325713479208
J_308873062,0.10043002354480378
J_10153681625,0.00043423070810647663
J_308873219,0.10242724400375965
J_308873456,0.0009714878029996457
J_4692270066,0.19245774780460978
J_308873676,0.19183032855655513
J_7483936944,0.2517351644476248
J_308875318,0.00036387466866314854
J_6518859289,0.3554190566415322
J_494271020,0.0023252186177438097
J_308875459,0.08919972051279267
J_308875368,0.0004548934143365719
J_4406882465,0.0010080837655700944
J_308875366,0.00071303005175369
J_308875393,0.07504731458490953
J_308875397,0.0006406810163183003
J_308875394,0.0004132567291961825
J_308875381,0.12417342715947884
J_1473793176,0.00692873528409339
J_308875370,0.000759834548243903
J_308875382,0.0005200987070507209
J_308875408,0.18103675608107747
J_9189251464,0.08319857194911505
J_308875445,0.20831980777117526
J_308875460,0.00035749116395713507
J_308875530,0.002639340587905649
J_3054188646,0.00023548771864822203
J_12229787184,0.0005549789689665126
J_494271016,0.0003475284162912962
J_6141583156,0.1730189671731638
J_308875485,0.09083787628214979
J_10156437946,0.00019165613550324289
J_308875528,0.0011530456114819238
J_6518562649,0.18509630674648467
J_6518562647,0.00032609076384831974
J_11015214624,0.0002563702663823263
J_308875529,0.000176216919796784
J_494271014,0.0005487865441255284
J_308875554,0.0003156189138170257
J_3161221602,0.12490311117590579
J_3161221606,0.21850560931959678
J_6458919468,0.15368119874953654
J_6141838654,0.000780340352703528
J_308875567,0.26196162538679735
J_6518859327,0.0003176254800226715
J_308875596,0.0019207605041046368
J_308875568,0.2155879639642477
J_6518859325,0.0001653900002184584
J_308875615,0.00045067002634405586
J_308875579,0.23516095857523814
J_6458919471,0.0013218400857836648
J_494271017,0.0019477936915475423
J_6141583154,0.0008444292088259818
J_308875669,0.001842014617261026
J_3161221573,0.00014368144978506718
J_3161221595,0.45197648646115296
J_308875674,0.0011140136190505572
J_3161221570,0.08656793026266467
J_3161221592,0.08876871399147071
J_308875750,0.0004950085916824898
J_6518859334,0.07724128947149368
J_308875798,0.0008323978987623174
J_308875895,0.0006562165475640029
J_308875752,0.0041465359608755265
J_308875817,0.002869894283744341
J_3161221585,0.00044747026741279297
J_308875781,0.00047525462656778316
J_7483936979,0.12463050761628429
J_3145224308,0.36932700730487206
J_308875894,0.0018074003633328254
J_308875806,0.018931878821192592
J_3161221581,0.1601399362472691
J_308875835,0.000351383571745212
J_6518859330,0.4249525238349714
J_308875911,0.5038664153069574
J_308875929,0.0005603161790987142
J_308875948,0.0005335021650071064
J_6454963598,0.10148092387385213
J_6518859331,0.024970834943311048
J_308915753,0.000783664332467215
J_11809900886,0.00043328807785243635
J_308915754,0.050203071220819157
J_3801692755,0.00046869446870539277
J_308915757,0.0007081195472191142
J_7279246841,0.16471638836205466
J_308915759,0.00037748537690422945
J_3158788661,0.08874603700384241
J_4464082677,0.0029134057346411097
J_309593965,0.4260876865828741
J_308917360,0.004486227164714094
J_5389442283,0.0065694455569928634
J_5389442282,0.0017809717855538983
J_308917473,0.00036077941365704106
J_4267702363,0.07674748146624384
J_6528482687,0.0004016012348964353
J_308917649,0.001714617002371081
J_6528482691,0.23954610256587358
J_6504218262,0.0014206988630549033
J_308917653,0.0009618228957940918
J_11395457761,0.0016238512237415573
J_583466957,0.0005308408267930498
J_308918175,0.0013359407103613586
J_1625416268,0.1546482031056848
J_308920454,0.0013892400422967324
J_308918185,0.010582322450325192
J_308920557,0.0004896388308884235
J_308920402,0.13532454304729183
J_308920367,0.20912688105128707
J_11096390232,0.0017144409376687497
J_11096390233,0.0005400515127773629
J_309593039,0.0024581484549454184
J_308920473,0.038016726402308576
J_308920404,0.006796177796808675
J_6504022157,0.0004294530764594582
J_363181826,0.00048041091729838766
J_308921397,0.0005070341373207104
J_308921537,0.0002836137086233096
J_308923499,0.23301624386913491
J_443252710,0.0003556224910444751
J_443252874,0.0004418043325194666
J_308923500,0.0029538558612540564
J_4845178135,0.00033932651070936925
J_443252864,0.0035217216726700653
J_308924469,0.3940499802513208
J_12683854163,0.1436329328871866
J_960519956,0.0002628586135520435
J_11124619885,0.003089732170201709
J_308924471,0.0031500295768938274
J_960519950,0.0003506496220566099
J_2228165806,0.0005003145990327296
J_2228165665,0.11246937633032585
J_308924477,0.0015173310032019808
J_6504533922,0.001855809955690306
J_2228165801,0.13000864977828172
J_2228165656,0.0007150865879060312
J_308924485,0.049511533367998246
J_308924543,0.0011388459701444705
J_10053692230,0.00011696212235712984
J_13748635883,0.2300393333883151
J_10053692247,0.0012997899654567672
J_308924544,0.23862263589655355
J_10861632973,0.002017213400634811
J_4127956376,0.5632866996354604
J_459793683,0.0007954797099751673
J_309592711,0.00012400234901991522
J_309593115,0.0007691406877590738
J_309593072,0.31315298419977744
J_309592832,0.02470272217369597
J_309593063,0.000600095489739272
J_6017833815,0.060332868180969584
J_309592878,0.0005466858470344949
J_309593074,0.002354218438866909
J_309593119,0.09682611480843942
J_309593172,0.0004416021660117053
J_309593030,0.0004766270050260599
J_309593120,0.10786071234764913
J_309593254,0.0016592593939803912
J_663102272,0.10187648395709054
J_309593050,0.39510652163859455
J_663102275,0.005231082646690854
J_309593252,0.0005158768804033238
J_309593251,0.0041696442739008075
J_309593188,0.001130668242259163
J_309593064,0.00023027790051225394
J_443224607,0.0005455703612177717
J_5389451392,0.25418775352167206
J_363189765,0.0007833596296745131
J_363187111,0.0011631436078540203
J_5389451385,0.08555672814334224
J_309593068,0.0007480015910220035
J_363187401,0.0006260132827825472
J_5389451387,0.00043061667413384595
J_309593073,0.005010579682360444
J_363190535,0.13235473351957047
J_10017779909,0.0005143102004310758
J_309593123,0.00031023731407486127
J_309593121,0.00030659422684677903
J_309593212,0.18502631692332352
J_663102274,0.0731256267987811
J_309593140,0.120231011315852
J_309593189,0.0008157679787623394
J_309593160,0.0019215897117902541
J_309593253,0.00038566427629268613
J_309593245,0.0023893838119850123
J_309593218,0.0003071684842019906
J_309593162,0.2332762968256238
J_309593163,0.007773390754959398
J_309593397,0.0007066486191717522
J_309593398,0.00286483103422527
J_309593261,0.002629481306426443
J_309593175,0.0007868846421553476
J_309593346,0.0009913828009652295
J_309593297,0.1468333879580174
J_309593180,0.11202223363343596
J_3379605044,0.000343654188710243
J_309593316,0.0020277584075785553
J_309593213,0.0020280841954595772
J_309593216,0.0006573912574558416
J_309593250,0.0010449906500035416
J_309593243,0.0007155404454642786
J_309593271,0.0021838508549090418
J_309593262,0.08904897121190325
J_309593259,0.0002929449963260619
J_309593401,0.21288469414861613
J_309593414,0.0018699864216817279
J_6456088910,0.14264645779765048
J_309593264,0.0002086995790563884
J_309593399,0.08848216550795182
J_309593283,0.00035500981276344627
J_309593348,0.0672177817621106
J_11493846395,0.06626484583468589
J_3379605045,0.00035478867652073844
J_3740957812,0.0002315021931104033
J_309593333,0.13010225519758706
J_309593339,0.0701469823489409
J_309593337,0.0020132553471020366
J_309593345,0.00038924050614460047
J_309593400,0.00030507021514035166
J_309593639,0.00032667539279447984
J_309593638,0.0011703221154630641
J_309593693,0.22137522983811186
J_6532488542,0.00032208911869946184
J_309593696,0.0013241593591861052
J_309593718,0.0002935765692458441
J_6504113878,0.00037909984428844274
J_309593727,0.24538988707775575
J_309593646,0.2836426357516217
J_309593674,0.33507400041605295
J_363765623,0.0020981847435445644
J_309593692,0.27927102762620376
J_363765437,0.00044780423570322256
J_6504113879,0.0010173479425306924
J_309593713,0.0008527380983779018
J_309593719,0.009562058939994268
J_309593725,0.0021036612840471497
J_12240947259,0.0005594294967576235
J_309593854,0.005370397067581425
J_309593901,0.0009481793446466602
J_309593860,0.002773878430750206
J_6144129431,0.24601468007552593
J_309601253,0.0013315633583388315
J_309601552,0.0004033305804510827
J_3145211088,0.3505562317391527
J_309601306,0.002183369303023397
J_1607769420,0.00020664431229794707
J_3145211061,0.0017597804377830536
J_3145211068,0.00032813436902401653
J_2511396282,0.0004710206888937072
J_309601308,0.0001285120292525952
J_1468035324,0.0008830991043056589
J_10091742588,0.5501291418450369
J_1607769505,0.004054522694013303
J_3145211125,0.43265528777671586
J_4308356561,0.02241600944383963
J_341111270,0.007224243873641692
J_4308356541,0.0005500453538638741
J_4308356555,0.00037350619107727907
J_348036180,0.01070554827860341
J_10081671257,0.1500215396952781
J_3149541711,0.00047139256617773474
J_3304756754,0.0003894918170477619
J_348036183,0.00026145820251798513
J_3149541717,0.001509100607403692
J_10081671264,0.2727844915036462
J_3149541720,0.00219277589137478
J_7327251302,0.0006639709322565536
J_348036257,0.0006539561081462281
J_363784734,0.001019623652242156
J_348037013,0.0032650938661829545
J_363786354,0.0004116614333454417
J_348037007,0.0014391931014959942
J_348037008,0.0034791090336689662
J_363791776,0.00024770840000882887
J_6528479938,0.0005744965288653697
J_672579817,0.0003920984860366088
J_363788622,0.0004055849956107625
J_1781959097,0.001696907282774173
J_348037010,0.0028905357299364005
J_966023402,0.0024225111640328294
J_363775721,0.0002806799825688953
J_1466637175,0.22348142318744335
J_348037012,0.00044113681047752457
J_363788565,0.0009909480150931934
J_363775666,0.10768264037522923
J_363789149,0.3026707549280525
J_6528479929,0.001414102794670246
J_363779956,0.41970107590392863
J_363782253,0.020017395227452852
J_362668011,0.0006932841478092388
J_362667759,0.00031721341625716204
J_10072942641,0.5980891826173478
J_362671604,0.40151075205899167
J_362671870,0.0008010460837846143
J_362672500,0.0006881291863847799
J_362675663,0.0005572903798799334
J_363182695,0.0007664733256859248
J_363764596,0.08507725199081158
J_363189766,0.002937185893145005
J_363191551,0.00013859988269791017
J_363191422,0.22861835222772925
J_363191623,0.0014449555437260977
J_363190994,0.0007332004262859905
J_363191707,0.0014990951094261203
J_363191139,0.0005551176631202798
J_363191257,0.0011562399346848886
J_363191726,0.03178707948217659
J_3145158634,0.09238947543685332
J_3740957803,0.00021476314766703935
J_363191628,0.224081111844264
J_363191639,0.00020735340282425132
J_363232723,0.0008548833311934274
J_363232724,0.0003817217986421406
J_363767229,0.0013348770181846597
J_363768158,0.00020390393577320815
J_363771181,0.0003114851760283632
J_363773924,0.00037090168312886915
J_363773727,0.10212148523856437
J_363232725,0.0006130133219996413
J_363774976,0.22094145739593027
J_363769454,0.0004574054725685735
J_2228165462,0.18011785183029247
J_7089555226,0.00024074618180802335
J_363232726,0.0049136888823563245
J_2228225770,0.00021452417959276718
J_363771377,0.0013103123064737536
J_363232731,0.003600134433190965
J_672579830,0.22360279265520644
J_10989243383,0.00022066928999885235
J_7089555216,0.19579894825544397
J_363232735,0.0004235992566613297
J_2228225793,0.1733715977875347
J_5281243701,0.0007216109722154331
J_363232737,0.13075361298527222
J_672579836,0.010754830026909556
J_363232738,0.29985510218308087
J_6196901133,0.0010915618155067058
J_960530588,0.0014384031246800104
J_2228225791,0.0001242389316656496
J_363232741,0.001130906084689341
J_4803435047,0.49353771954877035
J_2228225799,0.0006330772467959568
J_363763159,0.001973463451918394
J_363763217,0.0004998491361196049
J_363763278,0.0031121492908349003
J_363764232,0.0005114702918559159
J_363764307,0.0005545595008927078
J_1419497949,0.00034815011021971327
J_10845146391,0.511571400681067
J_363765532,0.006613436578268423
J_363765508,0.3332238547609964
J_363765566,0.0018966511034565672
J_10991527500,0.0005603168988786241
J_363766230,0.00020022251225651364
J_363767298,0.07101736257314407
J_363766357,0.2836609588638911
J_6528488904,0.0002649942554057981
J_363767205,0.16546969213984256
J_6528488903,0.0013745528422731523
J_363773660,0.4105060459365402
J_363769451,0.00038973020927773135
J_363769453,0.0013094784463467566
J_363776034,0.000833201446573572
J_363775238,0.0005237349720379014
J_7089555228,0.25655922169303585
J_7089555230,0.00030700120322053827
J_2228165460,0.00031336551892124806
J_363773217,0.0755384492143408
J_363776620,0.001303156305439483
J_363776350,0.3313685955510526
J_363773220,0.26245319770378467
J_363773301,0.0003414342410749453
J_363774769,0.0002194913782783404
J_363773897,0.0011647309325400917
J_363774618,0.1101524055932439
J_2228165461,0.17629104095971085
J_7089555229,0.0932442770931037
J_363774817,8.014365446899901e-05
J_11140936034,0.00020948714177330738
J_363775655,0.06231262791859356
J_363786755,0.002311983772099453
J_363775656,0.00020290463826011247
J_363783802,0.0006715216115629801
J_2228165458,0.002389770316343191
J_363781192,0.0008834761131396504
J_363786750,0.002335338003821609
J_6528479937,0.0005051253746379173
J_10055294818,0.37272455635364304
J_3872381591,0.0006602710412017494
J_363788414,0.004046821179758564
J_6528479939,0.0034376762539973806
J_363791478,0.00034158550200178594
J_363788844,0.07556821786265133
J_363788962,0.0005265895997990435
J_363788898,0.00513600561352581
J_7089555231,0.08793245626004505
J_363791476,0.00028766144800088225
J_2228225819,0.0008073066289908177
J_10053692335,0.2963266044043893
J_2228225813,0.0018061007669301706
J_6528479940,0.002067586922503651
J_3683354538,0.3728306787771306
J_363795803,0.0001480549626564182
J_11865933902,0.003687212904765335
J_2228225772,0.10291303068118797
J_405150073,0.0006559727177392116
J_956271795,0.0005562138580825481
J_3870649413,0.33214671510211186
J_2327191386,0.22872590847780022
J_417298238,0.00014876275575743538
J_1473350075,0.00040442749493849254
J_5389375723,0.07711509031873685
J_3149541676,0.10985470570554473
J_1471713319,0.020636710586551203
J_417298242,0.1042354139063152
J_1473350076,0.31179192948043755
J_1473350074,0.0038968594139538394
J_5389382768,0.006278893591675575
J_417298245,0.2607764416937065
J_4918203529,0.0198412784379256
J_1471714437,0.0004333175309054113
J_1481366487,0.0005690208298354569
J_443224595,0.00018087721404283657
J_3801688116,0.005117888963545866
J_438069275,0.09536194513782835
J_443224592,0.0020298645241880312
J_443224596,0.0007855829058169727
J_438069276,0.0009202182422925703
J_443224580,0.002293935120760937
J_443224589,0.0001562778120674836
J_3801688120,0.0007871901257717671
J_438069277,0.00033930330717181733
J_443224585,0.31654656393354674
J_438069279,0.06033901097164801
J_443224586,0.00023003255455351638
J_443224584,0.376584118046533
J_6065186796,0.0017812282758834402
J_3801688124,0.0004125280807009226
J_443224549,0.0004165937791280571
J_7265835308,0.0014732743211792636
J_3145130513,0.0007047738327799738
J_3145130522,0.0005714779353297391
J_5395554681,0.01659145282057174
J_443224551,0.0003872408304649523
J_3145158641,0.2542997494768008
J_3145158636,0.0012807618680640797
J_3145130520,0.0007064363876643477
J_443224552,0.00033610438847266457
J_443224568,0.22318984574591208
J_3145158637,0.000573283576280113
J_443224554,0.00033127044732704644
J_10153719251,0.30208302956532057
J_6528488887,0.0634006928427077
J_443224558,0.0020701233497880333
J_443224559,0.5584397616255781
J_443224565,0.0010765626493020569
J_443224564,0.0007879376336032277
J_6528482658,0.00029119453545640664
J_443224560,0.15418710246444983
J_3901976145,0.0003228763074682447
J_7265835314,0.0010028797010937416
J_10153719249,0.0005867746892239986
J_443224590,0.4499776143587909
J_443224593,0.14091626164971371
J_443224571,0.05199862976678291
J_443224572,0.0018435639022953442
J_443224588,0.0006955219919655728
J_443224581,0.0009380951336592719
J_6065186790,0.14681688703753668
J_6065186795,0.00036343696275400756
J_443224583,0.0003926340561117312
J_443224591,0.0026374489487056827
J_10153812603,0.0003587415456603967
J_10153812601,0.17877567587327323
J_10153812602,0.00018597454150731812
J_10153812604,0.0007798037275976698
J_443224587,0.1390205112397958
J_10153682599,0.00032137534556453114
J_443224669,0.0005580412479283621
J_10055294876,0.000544321147512772
J_443252847,0.0007621202171585367
J_443252844,0.23552823700881237
J_443252713,0.001180589638136886
J_443252892,0.12008895548359015
J_443252835,0.20856020541936568
J_443252806,0.00037683840597263653
J_443252721,0.598921132186931
J_443252799,0.0001660077117091241
J_443252722,0.001026711440726348
J_443252885,0.27475463698816466
J_5537267403,0.001242960524019463
J_443252758,0.25800275331936323
J_2228279476,0.09777946346564605
J_10848125533,0.007766159846147811
J_7262741011,0.0002640485910888948
J_443252777,0.30787672983973147
J_13166962944,0.0002007212713165035
J_443252782,0.0005177221751681241
J_443252788,0.0006314837412685264
J_2228165520,0.29003728115317784
J_10053692439,0.36411940906732165
J_6528482729,0.0003885644612545514
J_7433184727,0.0012066420057411959
J_443252791,0.00014664052840802452
J_9936867835,0.18605167194404865
J_1744462787,0.2598644219880204
J_10146445184,0.2377189682079371
J_443252796,0.0006818775752711326
J_10055294874,0.0007509713452121373
J_7433184738,0.44559913031512577
J_10055294859,0.4175346635752264
J_443252850,0.2040439094218342
J_443252894,0.0005891697758561183
J_443252820,0.07004236114196631
J_443252810,0.0007965747126269794
J_443252829,0.0010568158508573095
J_443252817,0.10102220325014465
J_2227895719,0.000603044388748569
J_2227895710,0.00033583449376911324
J_9189234340,0.19237492174766344
J_443252853,0.0005746452725913425
J_443252823,0.00019306357311027266
J_443252867,0.0008991716628252098
J_10053692476,0.0013559993279957695
J_443252831,0.0003703154844659012
J_443252841,0.0006120098254651449
J_443252881,0.0002977580937784627
J_443252889,0.0021136031562898677
J_3534985183,0.0009526366589022707
J_10284348037,0.00025258247811749585
J_13136284901,0.0002336305646430199
J_6457440925,0.00028662850461277825
J_443252878,0.15875177979152708
J_443252887,0.29239539786166613
J_443252883,0.0007790063780922253
J_10055294881,0.00042924021743488304
J_6168142205,0.001038583502714645
J_443252898,0.030370597529576285
J_443252900,0.00036172100580343967
J_7433184723,0.22794516731175987
J_6528482733,0.01653270157475062
J_443252907,0.0012914586339706094
J_443252927,0.00019370422854633933
J_2228165550,0.00030531585517841833
J_1837777579,0.004903070028044502
J_443252913,0.20134790419917442
J_2472183068,0.001350634435213423
J_443252918,0.00046287593317402743
J_443252941,0.3967925312794908
J_443252938,0.0011426243566775914
J_443252922,0.00039686226447437745
J_443252925,0.44823270910258933
J_6528482734,0.0005852347441050919
J_10053692370,0.00014150676679426804
J_2228165542,0.001000196463374241
J_10055294870,0.3271257005246546
J_443252930,0.00024211985563923072
J_6528482736,0.2338147435603289
J_10053692375,0.06550471324106254
J_443252934,0.0006810134149698141
J_443252931,0.0005485464671311805
J_6455826799,0.0004450155799648148
J_10053692379,0.4423778142986391
J_10053692374,0.0005857469641404201
J_6528482738,0.0324095399398709
J_443252936,0.00042388892119711
J_443252939,0.0004081512555161025
J_448133078,0.03670277934723825
J_10091779039,8.106814849091473e-05
J_3161220990,0.417914810038464
J_5023350348,0.0013344770962657707
J_452486970,0.06666465404020944
J_2228225890,0.09784547443528288
J_10053692280,0.608392228586327
J_10053692277,0.18774341563178362
J_10053692279,0.000555037710852091
J_459781946,0.0003347412090268989
J_7462465954,0.20784813086877674
J_4127956384,0.6984649996177691
J_459781954,0.004283268959943313
J_4127956383,0.0021337564901688115
J_459793688,0.00037877770693245974
J_10053692329,0.0008112949440940129
J_459782021,0.03634863291478257
J_2228165600,0.0007211062279557961
J_2228165615,0.00048286972290671564
J_4294218106,0.004705467414881573
J_459782024,0.3126212308732187
J_2228165735,0.0013679309249531027
J_10055294844,0.0006878921488482271
J_2228165619,0.23256226652261333
J_459782028,0.0005360069987455946
J_4044110193,0.0005924351161970618
J_2228244458,0.001949962016984233
J_10861612627,0.06218922718881288
J_459782039,0.00040152057623030126
J_2228225912,0.00017281723308631937
J_10053692271,0.027803008813234078
J_2228244430,0.00013494687895626757
J_459782043,0.09365323906887346
J_13748635885,0.0002742277703191066
J_2228090560,0.00033782523471201196
J_672071468,0.3348462612861925
J_10861605392,0.00024144795264647304
J_459782044,0.00024176988754567085
J_10861605397,0.0004141824835281211
J_10055294889,0.07189837599979308
J_10055294888,0.19383463647935503
J_459782048,0.00023605091378433403
J_3740962145,0.01969619317324158
J_459782059,0.0021761424804801876
J_10861612633,0.00021404118094868084
J_2228165601,0.45106182001537065
J_459782078,0.00025652909450146565
J_2228225897,0.6124205893452588
J_2228225901,0.0005927517165529911
J_10053692338,0.00026681486511857583
J_459782081,0.46663636131629704
J_2228225873,0.00036151384288411905
J_2228225877,0.0016916194879930406
J_459782085,0.0003485669528429806
J_459782083,0.00011943176218253775
J_2228225866,0.0002214172835011973
J_10053692267,0.00038088738824515944
J_10053692286,0.6372429528890304
J_10053692288,0.33401521318819893
J_7485482936,0.0004951444607220449
J_2228225852,0.22337803774700227
J_2228225854,0.1808535850110773
J_459793669,0.19539268936431334
J_459793678,0.0017556603343900283
J_10053692293,0.00015202386667031737
J_2228165857,0.0006888065295414257
J_459793680,0.0001540096604722088
J_459793671,0.003892742257771594
J_10055273092,0.5939005239203843
J_10055273071,0.0007392353817441265
J_9189234386,0.0014215194067775435
J_10053692297,0.001780914077181889
J_10154077186,0.0020501088445641583
J_459793927,0.0014982798407806996
J_2228090594,0.0004259315856801286
J_672011703,0.1240429051772581
J_10053692217,0.0005362266804596337
J_671960265,0.0007335110515119556
J_2228165840,0.0003278117078895571
J_459793686,0.11556210748568645
J_7462773364,0.002184781341242984
J_7462773365,0.0003790813283689736
J_7466057096,0.0006845014532391882
J_2228165842,0.0017367875307830356
J_459793691,0.0003910068271515291
J_2228165834,0.21189715791795957
J_2228165825,0.00015937241192753274
J_2228165824,0.35052132326017305
J_459793692,0.0003055859594657621
J_2228165831,0.001445719792993441
J_672011681,0.0015710178435514822
J_10055294829,0.17858635710381845
J_7462465971,0.016552334538401447
J_10053692254,0.0028916825769497493
J_459793714,0.006978765662240056
J_2228090619,0.002695843047636344
J_2228165858,0.0009850792489953155
J_459793906,9.69785714347206e-05
J_10108338630,0.13878819624927452
J_10108338631,0.07388320245110461
J_10108338633,0.00016167367316907274
J_459793912,0.3277319891872588
J_2228165692,0.00036472950773402263
J_10053692289,0.0002925293694914815
J_10053692291,0.0001750906216940085
J_459793933,0.9209537146491145
J_10055273068,0.00047283490856359994
J_459793930,0.5237678855307074
J_10053692296,0.002186763200665283
J_459793935,0.000329994735701177
J_10055273087,0.00010508375315759736
J_10115756512,0.0003315648213836291
J_10055273090,0.1805220722609875
J_10053692340,0.24952819101269197
J_459801111,0.4870828037637525
J_2228090616,0.0002918362356555724
J_966872575,0.00033487312926342805
J_459801125,0.004429020478736925
J_459801180,0.4062562616652158
J_459801194,0.25443771951536653
J_459801176,0.0008411823419157362
J_459801127,0.00033497859294505334
J_459801157,0.1394101423787453
J_459801167,0.0006811713620477299
J_6504345020,0.00043922414726443035
J_2228279500,0.000653029008313029
J_459801128,0.10085059806476925
J_7462886726,0.0004862439338048751
J_2228279482,0.3385377019244745
J_459801188,0.1893905409096357
J_2228279474,0.000994593831316457
J_459801137,0.0006713502311077821
J_9189251460,0.48484289365390076
J_2228090570,0.33909747492937237
J_2228090577,0.0014375290006542422
J_459801138,0.00026236102746935255
J_459801172,0.0010208923895493314
J_459801170,0.0029073018978792164
J_2228279488,0.0007690476321804367
J_459801155,0.07220693895675043
J_459801140,0.0014121167659150995
J_4415599821,0.00070074122223548
J_459801154,0.00033102432112730137
J_7462886727,0.00016402271392361494
J_6901546152,0.003123315718778107
J_459801162,0.0001520498427105711
J_459801173,0.5751144665484269
J_459801171,0.0038862841639720432
J_459801166,0.00014496910180552975
J_2228279504,0.31970212615623395
J_7462980202,0.0007356598104207577
J_459801158,0.002378697405978385
J_2228279508,0.001198054977421191
J_459801159,0.147383704118576
J_2228279494,0.0007148241343790327
J_459801161,0.0007229402994763572
J_459801165,0.18628804973953483
J_459801168,0.0006460714871697348
J_4415719608,0.0012202921632924562
J_2228279496,0.12160310713075281
J_459801169,0.0011169667578844144
J_6504345021,0.006170997011505424
J_459801178,0.27192377366511594
J_459801191,0.0026651567765011083
J_2228279492,0.0004125176597652123
J_459801175,0.002524464466859572
J_6901546150,0.00021785088833914555
J_459801174,0.17688393607482691
J_459801177,0.0010669414813750072
J_2228279478,0.22665096945847663
J_10848125537,0.000322899067527436
J_668464335,0.00027222041649857553
J_459801181,0.0005258723258400061
J_459801195,0.0004473375688067748
J_459801179,0.0005924021336359687
J_459801182,0.28556914564161684
J_459801190,0.0007678662066513521
J_7462476191,0.0007405395761646782
J_459801186,0.00013789052333930578
J_459801183,0.023898925409848677
J_459801184,0.0008624050663892756
J_2228279480,0.0010556962135831168
J_459801187,0.002707357985080464
J_459801185,0.00018889579014082225
J_459801198,0.0005348143038709718
J_7462886725,0.3739224479038992
J_459801197,0.001012215737836987
J_459801192,0.03219436990663559
J_459801193,0.005339048690525413
J_459801196,0.0006758912678185605
J_7462476192,0.00020561732064052366
J_7462476188,0.002498439924911114
J_2512552673,0.000543233009012323
J_494271025,0.00046948761299115034
J_494271034,0.0017129042174588193
J_494271056,0.14751848507760226
J_6518859291,0.2882289927041047
J_494271026,0.0010509411628946473
J_3161221547,0.0003036368549765278
J_3161221563,0.005662418589576008
J_494271028,0.4800208101333672
J_10091816499,0.001016956719340708
J_7479071347,0.0002857828424380575
J_494271029,0.09074293160273705
J_6521889001,0.000643479830922075
J_3161221566,0.0002049609328272356
J_494271035,0.13821422409658707
J_494271033,0.00044651168984545053
J_494271045,0.07904865281367505
J_6152812151,0.001142357061059385
J_494271037,0.0012629392800005042
J_494271043,0.0006056623493624102
J_7239125900,0.21607078853719777
J_494271039,0.08505698574121837
J_13089349924,0.000541904919178121
J_494271054,0.0006714855746450534
J_3161221567,0.05572061055825882
J_494271057,0.20246539080822681
J_6536297178,0.0002106032702807621
J_3161221542,0.002468895711701806
J_3161221544,0.0007143285020389684
J_494271084,0.0012900020356739405
J_10282769907,0.08541808341459878
J_494271091,0.0006443888833645436
J_12273334034,0.00019549715956335788
J_2509423118,0.0020534567232634963
J_494271095,0.007841141688634173
J_3054188645,0.0009772227182897673
J_4761188838,0.003886609360193947
J_966877578,0.004283507095578237
J_2192096315,0.0005661774652162888
J_1070361741,0.24188840312221033
J_595766095,0.10073312648282828
J_1473225316,0.0006466703972098939
J_1471714436,0.0011023782354833195
J_4918203528,0.00118114915372671
J_634990321,0.33448543390833024
J_1757013274,0.0005667139726774606
J_6529626705,0.0015284072422357337
J_650085190,0.1934943676645386
J_12709621385,0.00041730312192980664
J_9506746889,0.05192158301897525
J_12451306641,0.01011115780367578
J_650140575,0.00034226371867717424
J_650141428,0.007266419679201561
J_2400167287,0.00807181582065067
J_650141087,0.11652386747229121
J_650141020,0.0002843634816608569
J_2385141385,0.0027575382693639026
J_2387017507,0.005848378479009803
J_1653906408,0.001160300380044371
J_6454877588,0.0019928336295473945
J_668464293,0.0004231372925065812
J_668464354,0.2119453151719758
J_668464308,0.00022206498783579491
J_13155014168,0.0002370006208021568
J_2228279448,0.09582091084404615
J_2228279473,0.0006351622953173832
J_668464324,0.00032047404610115383
J_10848125531,0.19290884644116127
J_668464331,0.0003431654925013064
J_10017321500,0.19226090840209567
J_668464344,0.5110644784991933
J_668464817,0.00041596882077551744
J_668464332,0.1711979868050907
J_668464975,0.000917670979125742
J_668464974,0.0002404870814227279
J_668464349,0.0002652009434591498
J_2228279464,0.4044286116589873
J_668464377,0.09822286901296097
J_668464373,0.0007080215234116507
J_956006738,0.24584650435371172
J_668464374,0.000337828917456265
J_956004437,0.002320650095477938
J_3157768077,0.0001469517526048539
J_3157768110,0.482919462145479
J_668464957,0.43939286001354033
J_3157768117,0.0002372448552380196
J_668464960,0.0006817819171337672
J_668464963,0.0023376234358974614
J_668464973,0.0008750103656103411
J_3157768112,0.1922856805164461
J_669247516,0.0019596497902814717
J_3157767878,0.003537096270337486
J_3157767882,0.002727225669498812
J_6528488900,0.0003438671290465897
J_669247521,0.0030216305460918536
J_7262814972,0.00010929706580368467
J_7262814974,0.0017987956783384435
J_2327191357,0.0017185303333769972
J_669247523,0.0009847061137485329
J_3157767862,0.00029940818134653504
J_2327191406,0.00015103299635022482
J_2327191330,0.1717405582152662
J_3157767892,0.0005773266640999341
J_669247524,0.8584333931076361
J_2327191414,0.0004779576964895174
J_10862291796,0.4108121021973761
J_669247525,0.0007016759221048235
J_3157767861,0.5054145662216775
J_7262814967,0.00023322235192406774
J_7263294819,0.0015345809673577811
J_669247535,0.3346619760246672
J_13161767410,0.0005285232889670773
J_7263195977,0.000660347073290286
J_7263195975,0.2746591712943458
J_669247541,0.2957061229775094
J_2327191422,0.087682886440526
J_13161758373,0.00014666603921080316
J_669247548,0.0006004230310067645
J_669247545,0.0008366369768223214
J_4062957412,0.000961706631705442
J_7183761877,0.0003165429178997737
J_4062957411,0.09189553847082824
J_13155015397,0.0011123664204683646
J_13161602776,0.10272988965660991
J_671960246,0.0007857569486516619
J_11586889053,0.0010526053714662008
J_4579649715,0.0003187082561470908
J_671960248,0.7541827252436621
J_13132839327,0.5542876666426296
J_10055273076,0.0003593159470921043
J_10839123391,0.003647123142036236
J_671960256,0.04973205695344394
J_10053692343,0.28172705075801513
J_7466025070,0.0007606912353718424
J_7462465967,0.0006600680275010704
J_10053692250,0.37679183082666784
J_10113294973,0.0007396619156524377
J_672011685,0.004612976406162337
J_10053692332,0.0019074366366942086
J_10113294972,0.00012382076530560393
J_10053692294,0.00024404677097338056
J_672071450,0.21660181198735123
J_10861612634,0.000938377803829856
J_10055294891,0.00032490483728398644
J_672579815,0.5378269345296565
J_3684937733,0.00038156108391637487
J_672579829,0.0011033076487072485
J_1781959096,0.00149794559672549
J_672579828,0.10535308254789484
J_672579840,0.000491063133379288
J_672579831,0.0018527786740414128
J_5281244855,0.0008951226509559396
J_4016425339,0.004302852025448107
J_1213657364,0.007856006349351507
J_674531700,0.3015757429463065
J_3530338776,0.0006885133972438579
J_4016425341,0.0003206476773654003
J_677382637,0.002446008342653517
J_2228165689,0.0006984310953984707
J_2228165671,0.0014075688123417482
J_2228165640,0.0010152376810844417
J_697284980,0.17851117086750276
J_1614298010,0.2363353188146848
J_3161221556,0.4974894800554952
J_3352564068,0.0004735299321270057
J_697308203,0.04527844220806681
J_3870651463,0.00036704726936866665
J_1666061322,0.0002751125756681515
J_1666061339,0.0008574920097894012
J_697308217,0.21331870574548836
J_7024852108,0.14320224837193707
J_1666061325,0.0007732556152019064
J_7024852107,0.00040762490553131685
J_737856755,0.001055120798190059
J_1757013279,0.1561949073213646
J_737856810,0.0005399711730854488
J_737856845,0.2606574547365091
J_2509423116,0.0005147534954365123
J_767436686,0.006031310154337952
J_767436691,0.0008117668782611859
J_767436687,0.00045399055286012653
J_1213656825,0.00047215350019471855
J_767436689,0.24846127431944862
J_1213656686,0.001632109660420703
J_767436690,0.0003962518272226882
J_1213656910,0.0010883316136195598
J_5388808660,0.0002810038773412058
J_929252941,0.0011575791159795731
J_2526076436,0.2854008041240595
J_955994472,0.03573173178532354
J_2228090565,0.30633584549977283
J_2228090567,0.5648874618682244
J_955998324,0.0005498346339975007
J_955998336,0.20520105459231214
J_955998335,0.000389068102670305
J_2228244407,0.0007684004336296123
J_10053692350,0.0012205593689963818
J_2228244411,0.0008561219087511163
J_955998337,0.00036876852841624983
J_2228244404,0.00021824622561784947
J_2228244402,0.1654361464697615
J_10166130664,0.29466186015994744
J_3157768114,0.2864649655514989
J_956006734,0.18302168003910568
J_956032205,0.0007987408642858315
J_3161221549,0.3428967855350036
J_3352564082,0.0005794479756157433
J_3161221550,0.18964812329930522
J_956034560,0.0009008329469759856
J_4533883485,0.007108488087247568
J_10017802385,0.35190296099506024
J_3399683443,0.00031190579568040597
J_10017798939,0.00043521716931581387
J_3870649425,0.0009440917738660704
J_6141696096,0.0015796223200376942
J_956271810,0.00028938009662190405
J_13153402862,0.00011819636268611435
J_2327191382,0.006737621395448152
J_3870649436,0.24463153158100376
J_956276595,0.0003210714544493084
J_2228225826,0.16391840475910766
J_10055294834,0.0012716780612720253
J_10053692336,0.00021212979317901075
J_9189234365,0.0018647140742884098
J_10053692416,0.09898734295853026
J_10055294877,0.025736182867638603
J_10053692482,0.15026723129151984
J_960519968,0.0003835955038406739
J_2228165795,0.08368581027262674
J_10055294855,0.0004816728136223673
J_960530573,0.07846588000370171
J_2228225804,0.0005626803469207596
J_7089555206,0.04796058206319101
J_3740957823,0.0014357199920173808
J_2228225803,0.0004654232718931966
J_960530581,0.0004641170439933702
J_960532674,0.00033399186894657047
J_960535033,0.041437478971052474
J_10055273099,0.13388961352554296
J_960536079,0.0022586008885993603
J_3740957820,0.0006039855662197271
J_2228225784,0.0009196739659448134
J_960536082,0.0003456181379820262
J_11012059864,0.0006440088386791089
J_960536085,0.0754153739018781
J_11121585204,0.6552807803438495
J_7485520891,0.00021140493105140928
J_2228225776,0.00030169075143478394
J_961794268,0.23726400757125882
J_6528482656,0.0004780302237084253
J_7271020079,0.00036541249385394923
J_10153719247,0.00233055506338649
J_961796018,0.0006897407470612954
J_6528482660,0.0007218706837318956
J_6022021520,0.229596602806873
J_5395545361,0.0002595620564410438
J_961798766,0.00013169947997764141
J_7242939323,0.000924282717194408
J_10068662142,0.051141537226040985
J_5395545369,0.16453007217619803
J_961800609,0.00024361912506468963
J_7121773796,0.17816124000112074
J_3870651458,0.0894596545820254
J_966023241,0.00026832978755370144
J_3157767915,0.0011409225493032842
J_2327191229,0.2622896409251086
J_2228090604,0.0021588311594491097
J_966872577,0.0014621540230075416
J_2228090605,0.0018095661311182966
J_2228090621,0.18147092578531104
J_10053692235,0.00016489183354858095
J_1070361682,0.0009351393978512565
J_13922445485,0.025680881011117825
J_11306430809,0.3015160379864854
J_1070361724,0.000810944440822796
J_1088037520,0.0009086332355265984
J_1091176905,0.33589662186900615
J_1091183414,0.0012167576637218322
J_1123386062,0.0006124357824362656
J_1123386065,0.00031627831166518153
J_1213656649,0.15922785279572033
J_1213656971,0.0014361645324014259
J_1213656806,0.0007782523823671666
J_7265999770,0.0006550123628588675
J_6196908672,0.00043836451318575263
J_1213657239,0.14690896928822317
J_1213656948,0.08364111542123691
J_6196908670,0.0006120956079843953
J_1213657006,0.14285658715034688
J_6196908671,0.0026041681957606096
J_1837285030,0.0024324624207517757
J_1272830640,0.0005096784361166203
J_3145158635,0.00015614560665707828
J_1666061336,0.28855401040956424
J_1272830642,0.001663587522385521
J_7018429884,0.0006645520778169316
J_1278162234,0.00047984882571083874
J_1278162335,0.14046326016706506
J_10153868763,0.1068723578176254
J_3158788597,0.02817116585026381
J_1278162239,0.0005222109365078576
J_10839366478,0.00010562209969085453
J_11385670152,0.20830119904146535
J_1278162248,0.4418971961275486
J_10153868980,0.0018573000252015755
J_6904930263,0.0003080472540417934
J_10153868761,0.00061823705573336
J_1278162252,0.00045926558143306997
J_3158788604,0.2684559185455159
J_1278162290,0.000976699625613916
J_6454862032,0.0019037872914861882
J_1278162256,0.00277968667310988
J_7432244834,0.25025813271707326
J_1377861068,0.0009798655087452607
J_1278162270,0.19937919632022555
J_3149542145,0.0014835200078788737
J_7432244840,0.0012103258471960134
J_3158788133,0.00017176034111823267
J_1278162293,0.0009983559374201
J_1278162286,0.0005469747355918082
J_3158788120,0.0017856916407134058
J_3149542147,0.002102945277982511
J_11385626668,0.00041213597776284025
J_6454862031,0.001672472220965286
J_3158788134,0.10632129638448741
J_1377861139,0.0003633155236990851
J_1278162311,0.26883044883643215
J_1278162357,0.0016616620631412684
J_3158788574,0.0012563506849172749
J_3158788139,0.00036874958382150885
J_1278162313,0.00026645506223617294
J_6144301680,0.15907341411645037
J_3149541728,0.08998213074717666
J_1278162320,0.00028981620726688695
J_3158788572,0.2886948362378581
J_6194204497,0.4968939196621492
J_13279121428,0.0004006316891309984
J_1278162347,0.0009451029969909898
J_3158788592,0.00017891359565631545
J_13415110849,0.00044133954984197003
J_1278185295,0.0010175914191990658
J_7266012698,0.000508945896862779
J_1278185298,0.05915419849182092
J_3313560942,0.00030777495664665536
J_4016425338,0.0009432815085805
J_1279260559,0.0013533142586166376
J_10053692229,0.003077611685129386
J_1353293467,0.0003923143206725497
J_11370420222,0.0010470286125270987
J_6530053738,0.0010100633218722331
J_10091779046,0.20957949978339402
J_1353293468,0.00029843323330489517
J_6816483975,0.0011984918510647097
J_1353293469,0.19734727625097062
J_6504353325,0.26694188109881517
J_1377861052,0.09199850951805706
J_1377861085,0.00033355617057498316
J_6531845899,0.00031334026025719514
J_6142604397,0.0002512302682507594
J_1377861055,0.21694804868113768
J_10081671262,0.00022148831634944755
J_3149541686,0.000898909216713589
J_3158788600,0.000864160635065532
J_3149541693,0.0006618143197698798
J_3158788633,0.0002751976524421283
J_11012063564,0.5508764483534253
J_1377861070,0.0010935589726966057
J_3761074302,0.1639593447855858
J_1377861078,0.00039942891659902954
J_1377861121,0.038424726362239224
J_3149541700,0.00021307588226034355
J_1377861081,0.13338432043601242
J_3149542131,0.003383728413167014
J_3149542139,0.0006588904569108655
J_6137799426,0.00073596892797145
J_1377861114,0.0009174277278870509
J_2407764624,0.00017782874570763206
J_1377861103,0.2613040954970081
J_13410465942,0.0005556909675872993
J_2407764625,0.0010992018205364426
J_4582754028,0.00039485329000011265
J_1377861104,0.000903361888587635
J_6518859305,0.2075975518626145
J_6518859320,0.0005160096374526281
J_4918188102,0.0010397965437309485
J_1377861123,0.11328970302216375
J_11387496338,0.09956384117699223
J_4415687414,0.00040390211117515397
J_2110371291,0.0006585250246113531
J_1377861129,0.0016502473791368936
J_3149541689,0.00039753820967323853
J_7478257546,0.000378407074421998
J_3158788115,0.0026275553403694554
J_3158788135,0.0943107965468171
J_2406072874,0.011499741335305343
J_3158788624,0.000615754447750448
J_1377891738,0.0029497776849820253
J_1377891932,0.005272893009313304
J_1377891953,0.0005110985149559198
J_10296378605,0.00019991216700745304
J_1377891772,0.05002424493537766
J_6518562661,0.0017172928885689095
J_1377891982,0.11023394423909215
J_1377892063,0.0003149227612287877
J_1377891811,0.00015224295510017142
J_1377892256,0.06354514076028572
J_1377892119,0.09612411974665466
J_1377892205,0.11616749853466367
J_1377891832,0.0013930559588064913
J_6518562663,0.00187756789994601
J_6518562669,0.23431512069105134
J_1377892026,0.15352783308484408
J_1377891852,0.007906063400965948
J_3239004162,0.0038179996619409485
J_1377891884,0.2536094603825107
J_1377892351,0.00033294195305740465
J_7478257548,0.000249524941210133
J_10839331231,0.0006489045740047162
J_1377891907,0.0008237763539589953
J_11395504174,0.06160638710635882
J_11395492566,8.768435711762014e-05
J_1377891927,0.0003269948446697748
J_1377892529,0.0014767002724881569
J_1377892233,0.09228678628496932
J_1377892011,0.009693380780117496
J_1377892035,0.003227287851018677
J_9355274663,0.0020589730382268574
J_1377891959,0.0010400087212114508
J_6518562658,0.00044730498832719156
J_11395504171,0.0005662636769092627
J_1377892125,0.0009903558424867274
J_10153862343,0.000492663346060494
J_7478257547,0.0006179568477894519
J_1377892509,0.0067490652227484745
J_6518562664,0.0006401169572515797
J_6518562670,0.0004141091175045142
J_1377892195,0.002295908624208362
J_10153862345,0.0012970994568013586
J_1377892108,0.21483257466581696
J_12153333556,0.0002723078592883968
J_1377892549,0.00023927850649808265
J_6518562666,0.0008330079226510949
J_10839345921,0.0005280171856755786
J_1377892201,0.002256217378259506
J_6518562667,0.2528139188756744
J_1377892291,0.00040633147267732253
J_1377892526,0.0015113760042803597
J_12156103770,0.0008429899986146825
J_6518859317,0.0017486411890271785
J_1377892259,0.10995778504912655
J_1377892321,0.0005928178150200023
J_12153333557,0.16873959233064398
J_6518562657,0.0017855701637766468
J_1377892377,0.40129805904682403
J_1377892421,0.0010708623575371196
J_6531845891,0.3869943069319661
J_1391210493,0.09325436979835053
J_1391210496,0.000463740050855418
J_1391210500,0.07026668762097801
J_1391210502,0.0006624563620857838
J_1391210514,0.0004353591288164178
J_1391210499,0.07874579747342336
J_1391210506,0.26204932158337496
J_1391210508,0.3500755151298904
J_10017800625,0.0006843581463959241
J_10862212866,0.00018740595383354142
J_1396835679,0.00013393396138084194
J_1396835695,0.0010878640598935905
J_6180281418,0.001094812317149389
J_6180281419,0.14067004051137744
J_6536297171,0.3366700927719404
J_10991333275,0.0005086965289595298
J_2185753760,0.2412443693532484
J_1430679862,0.0009425999472576613
J_3158788647,0.0006828298541140498
J_5388494827,0.007158306305590814
J_6504305286,0.0003468973246616731
J_1430679870,0.0006362271265815427
J_7265869853,0.00033005523511234197
J_10153757206,0.0003795613908635179
J_1430679874,0.0005952363367948347
J_5388494833,0.00471331826376871
J_1448266555,0.006129858016331376
J_12143832311,0.00018211583013822807
J_3716332297,0.004235462946129406
J_1466668369,0.0007237575526606994
J_3537414364,0.00020534035212244026
J_1607770303,0.0003526357786062275
J_1466985679,0.0008877297807402722
J_1466668370,0.00043808846197920267
J_1607770279,0.17014303378091092
J_6530053741,0.0007672543083146924
J_1472269386,0.00017648840761775434
J_1466915315,0.0042770392624619175
J_1466899407,0.18460951995989144
J_1466917237,0.00027935870151278715
J_1466899409,0.0015112681978236794
J_1466917234,0.0009313277837533187
J_1466915318,0.0028452435248248493
J_5076657796,0.3654969565163602
J_1466906043,0.001588901023744189
J_9189234339,0.3718228067531626
J_1466906044,0.058942140371830286
J_1472269380,0.0007988788136830499
J_6195370680,0.00016304225714803
J_1466907874,0.0008701980625355183
J_3535867123,0.00385925832313089
J_1466927737,0.0010000645157747193
J_1466907875,0.0009152082676922521
J_11259799226,0.0014261852532074595
J_1466909054,0.0016211454196769961
J_1466920792,0.001965240147740237
J_1466909060,0.0005869479194270977
J_1466909062,0.0004012084299035763
J_1472269368,0.5651405314883079
J_1466920790,0.0014195526491549487
J_1466917233,0.18260262522091414
J_1466919907,0.22679081327718978
J_1466919918,0.1353039275936321
J_1466919909,0.0008304743254651214
J_1466919915,0.0008539487665713227
J_1466920784,0.0007226664370938924
J_1466920788,0.24249380159113698
J_10091779060,0.0024816073038564364
J_1466927720,0.40848158337108254
J_6195370683,0.0020085601390801015
J_1607770277,0.0007449535060629905
J_1607770275,0.398389571984514
J_1466985682,0.0001570308624446931
J_1466985699,0.0024122800213041452
J_7433184746,0.1856237361273177
J_6530053746,0.22237388269055558
J_1466985696,0.0005939922969051637
J_1607770272,0.00025248112290579945
J_1607770271,0.0008580290716048313
J_3161220992,0.3432722005563296
J_1466985701,0.0016056963539195755
J_6816483967,0.00016970149216406384
J_10091779041,0.12433432416138718
J_1469268706,0.000994167562675152
J_1468035303,0.21514652873191262
J_1607769612,0.0004959400410528606
J_10091742586,0.00021345892787922292
J_10091742592,0.07092794148588388
J_1468035329,0.0004014002494053236
J_3145211096,0.003606421235250273
J_1468035414,0.13837381163109844
J_1468035377,0.0019536342903300526
J_5273041195,0.0006666307202136461
J_5273041200,0.34257001280224786
J_1607769469,0.00030535291984280056
J_3145211079,0.00044011814995694853
J_3161221631,0.0028036590702105717
J_1469268705,0.0010345116251907348
J_9363518173,0.009759192609460406
J_2327191297,0.0015145169075400926
J_13153402864,0.13569005154142869
J_2327191308,0.0003605816145535129
J_1469644226,0.3059166216607295
J_3158788651,0.0008461822437209883
J_3161118524,0.0009529336367463736
J_4533883479,0.0029326275494907256
J_5942550426,0.14419668294342433
J_1469644287,0.0012764118282735278
J_3149542155,0.09498071291505744
J_1471712317,0.0008337692869298222
J_2406068225,0.08325706516462078
J_1471713318,0.002336178013239559
J_1471713370,0.0017312935174575656
J_1471713369,0.0004551479056216256
J_1481354887,0.004961768945890771
J_1471714099,0.00024170282563541347
J_1481354885,0.08667920808439777
J_4918188103,0.12743046932349916
J_1472111584,0.5855928676039308
J_1473225440,0.0005154011799011612
J_12683580001,0.0049787015878622045
J_10775075568,0.002308204434665142
J_1472248447,0.0011142563146035996
J_1837005173,0.10533491026574107
J_2598853066,0.7216010140525244
J_1472248450,0.25140486843539406
J_6417395916,0.001738951839250712
J_1472248456,0.001711996651220437
J_6530053739,0.00042178551168273334
J_1472269371,0.0045533214541538325
J_6518066869,0.00014589747546673361
J_1472269388,0.01958744974519806
J_1472269378,0.0002629420037231561
J_3716332300,0.0023895794066950303
J_13232795380,0.5253040537328987
J_6518066891,0.16517840960454602
J_6518066890,0.10429748335838845
J_1472269389,0.0005131578803691299
J_1474432257,0.16860207587203188
J_3716332298,0.14671964243479052
J_1472878457,0.0017327233712384697
J_6497456106,0.0003350714484169242
J_12822455068,0.018984690022967207
J_1472878459,0.0016482127716942617
J_3149541675,0.1662801112686825
J_2471287779,0.0024663573828987593
J_1472878464,0.0005555970649355324
J_10282769905,0.0053528175954927655
J_10282796509,0.0002187375184880067
J_6130636339,0.32163194114889815
J_1473225317,0.12007645361576119
J_1473225439,0.0007494752772973128
J_1477138900,0.18315934737934667
J_1473298162,0.0013818147662545517
J_6518562623,0.00045217775884153226
J_1473350073,0.00023636960297545174
J_5389375725,0.0002598505901654429
J_5389375721,0.0004024770144833688
J_1473793172,0.0007062963782772035
J_1473793218,0.020894859112483795
J_1555886216,0.33216838619557915
J_1473793191,0.00396662250770166
J_3145211074,0.0005744155746258955
J_3161221632,0.0013310318905206755
J_1607769415,0.008283805717164455
J_3145211089,0.0007486122924250483
J_1473826426,0.0014730556978780759
J_1473826428,0.11532490123083183
J_1481366489,0.0004189099488548912
J_5388494824,0.0003107066755953145
J_1473826434,0.0008164550796522014
J_13410464684,0.0005185458733899761
J_6130890172,0.0014986994762184777
J_3149541682,0.00033709507554609405
J_1473826436,0.11682191010610173
J_1474432258,0.00019707571233937906
J_6528651599,0.000455064219059997
J_1481354884,0.0003743569191720835
J_4918188104,0.00018484328087310995
J_1481354886,0.0002628044150631317
J_6130764691,0.12083520668936136
J_11387517314,0.0004553317748569064
J_1516143498,0.46554968888675746
J_3161221611,0.00022170649026115566
J_3161221411,0.0005364652633307116
J_11015231040,0.0007162997307201784
J_1607671407,0.534320224420745
J_6536297166,0.5448260685446815
J_6518562671,0.001160600271304922
J_6536297165,0.0003231995683297949
J_1607671415,0.15098760116059756
J_6197059207,0.17926270703028385
J_3145247002,0.0002689171197703021
J_1607671416,0.0004407043022139083
J_3145247018,0.0003349954059051613
J_3145247001,0.0016005955324645276
J_3161221510,0.0026441710461786215
J_1607671444,0.00031243449970850027
J_13234528305,0.05165542129297978
J_13234528968,0.25196722008343797
J_1607671447,0.28535659242708483
J_3145247016,0.0007927789574595947
J_1607671449,0.0026820833741733273
J_1607769861,0.005355068970485101
J_1607769911,0.0024799741086212767
J_10091779113,0.22268087866365652
J_1607671450,0.8903737109070983
J_3870459129,0.00037847327927852776
J_1607671451,0.48892075809711055
J_3145246994,0.0028593601592183573
J_2941494369,0.0024864416156790757
J_6532555482,0.3379970971824953
J_1607671452,0.0007384823170762737
J_3145247004,0.10170058980306156
J_6454677791,0.001554343429509888
J_1607671454,0.10438913663285224
J_1607671483,0.0003213102284147451
J_3145246992,0.0007495977166083406
J_3145242481,0.00015952280865926053
J_3145242784,0.00014312630917321975
J_1607671457,0.0008096305022533932
J_3145242783,0.04497043552134025
J_3145242781,0.000368206877048548
J_3161221389,0.0007576162384655209
J_1607671478,0.37047086730222095
J_1607671485,0.0027023737046937553
J_6532581209,0.1450051754376354
J_6887812118,0.10100533587027156
J_3145242488,0.08771396658833062
J_3274194133,0.1864122271067212
J_3145247015,0.00045509506372244863
J_1607671492,0.05749285891077793
J_11118259909,0.0006847325588659954
J_1607671510,7.281196809866507e-05
J_3145242487,0.0004212657289222764
J_1607770169,0.47828498917219586
J_1607770197,0.0010187625722567204
J_1607671519,0.20883082917855386
J_1607671520,0.0002065611863839181
J_3145242483,0.006039144685635007
J_3145242482,0.00043515744287757476
J_10091779068,0.0002927254264836054
J_1607770234,0.00022423144732904094
J_1607671521,0.00022275940630979427
J_3145211077,0.000269717552119844
J_3145211078,0.0039209357148798285
J_1607769417,0.005661428391544409
J_3145211067,0.30613999482240234
J_3145211063,0.005264981006749379
J_6150697574,0.17947079046146394
J_1607769444,0.0002215922487302251
J_1607769462,0.6973431604520568
J_1607769556,0.00035333171905878465
J_1607769481,0.23767922965458504
J_1607769496,0.00027698343940582766
J_3145224302,0.0005113587466766104
J_11135425044,0.16807572014585923
J_1607769486,0.0018279619110693954
J_3161221484,0.0003169143765027335
J_1607769553,0.15200818997202994
J_1607769498,0.3450319916131998
J_6180281416,0.25487457979041317
J_1607769509,0.025841528529394066
J_3161221483,0.0001830098927674063
J_3145211066,0.003659409229878048
J_1607769641,0.0008350495905982177
J_1607769591,0.0013431475729435548
J_3161221478,0.1259273969373562
J_1607769512,0.18639673148396155
J_10091869210,0.4186477407448174
J_1607769558,0.0015157469184759551
J_3440447377,0.008440452785157643
J_1607769548,0.0029293652188593917
J_1607769615,0.005688801172237791
J_3161221480,9.468987778968291e-05
J_3145224301,0.002018206372601181
J_6455785762,0.00031423467489145255
J_11043757396,0.2405099394844003
J_6180281427,0.00043147262239093335
J_1607769579,0.00020771792060167907
J_3161221482,0.1441976667415131
J_10091869192,0.5951059349340747
J_11118277881,0.11728536591286796
J_1607769588,0.8598427347421937
J_5389481767,0.0894881284299983
J_6521889000,0.020719912481671484
J_1607769617,0.00012171094589371685
J_1607778457,0.18023867983108607
J_6536297170,0.00025578337990393
J_1607769618,0.0085083142904512
J_6521888996,0.003107862474287024
J_3145211065,0.022147751775781935
J_3161221622,0.0006982195961605586
J_1607769656,0.7414995643893969
J_3161221610,0.00115486331711437
J_3161221616,0.001499641724556155
J_1607769657,0.13551166152754526
J_3145263746,0.0015657061632172412
J_4226297089,0.0006351444541364516
J_1607769659,0.0005799203247636095
J_6970652832,0.00022868965505881537
J_10173217315,0.35883601669312093
J_6970652833,0.21108895107823605
J_1607769693,0.014450279269492937
J_1607769741,0.0007004632552143194
J_6970652836,0.2333409478027019
J_1607769697,0.2491311143698144
J_3161221410,0.0005762421077723346
J_3161221408,0.0005320848716483044
J_1607769713,0.341486845886571
J_3161221407,0.0002926242231108119
J_3161221405,0.0016037646676429706
J_3161221499,0.00019381102265353812
J_1607769728,0.2768881742507073
J_1607769756,0.00046731275064587386
J_1607769747,0.00217917639813085
J_3161221518,0.00040876273545207566
J_2598853062,0.0006210263726253845
J_7180957751,0.0018686311079268163
J_3870459132,0.00014438150027902346
J_1607769745,0.0007783432949050574
J_10091742595,0.00033831412999916496
J_3161221404,0.18381959625103514
J_3161221385,0.0008399454928059967
J_6518562673,0.0012391424195668799
J_5273044600,0.0005808394994389032
J_1607769749,0.03300657809109582
J_1607769754,0.00041123110421815604
J_7180957750,0.35356129798280744
J_2598853046,0.00023018667726722018
J_1607769751,0.3290537977553458
J_3161221380,0.00016935638174261108
J_2598853069,0.0017604207505611286
J_2598853073,0.1726406792035071
J_3161221524,0.001344442820852857
J_10091881971,0.4576614535590483
J_6521881372,0.0002693423525069532
J_1607769758,0.10243139713676577
J_1607769782,0.00038514742782662354
J_3161221453,0.3921381146828714
J_3161221450,0.003293468506942255
J_1607769768,0.0012976612536392583
J_1607769770,0.0011035247499496586
J_2598853068,0.19683504626443013
J_1607769799,0.0005359839245709491
J_10091819719,0.2644467991898957
J_1607769785,0.0004690466792624729
J_1607769774,0.4854119299692205
J_13286973327,0.00304894097883975
J_3161221512,0.00026084729632436357
J_1607769827,0.22620758651897857
J_3161221454,0.12043940128911378
J_1607769803,0.28333033514045586
J_1607769806,0.004570061131584087
J_1607769808,0.36017275845254515
J_3870459133,0.0003735130661630605
J_3870459130,0.001416734763261084
J_1607769848,0.002401112737692825
J_1607769880,0.001300247193276343
J_1607769838,0.35829170783918324
J_3145242478,0.001566107330715124
J_3161221396,0.00048281040525979075
J_5919768681,0.00013643059150767402
J_1607769985,0.005696255857342198
J_1607769870,0.0007864345108250919
J_1607769900,0.004523506617268817
J_3870459138,0.5558937156102491
J_1607769873,0.0013602608193613623
J_3870459135,0.08675403238610524
J_1607769876,0.2094581440501415
J_6531873239,0.0009649325580377543
J_10091779023,0.4223084819253497
J_1607769906,0.0015272975243225647
J_1607769962,0.005520603868742025
J_1607769972,0.0003508626451339569
J_1607769919,0.0006319318702587556
J_6532581191,0.2793841809270885
J_1607769949,0.10702534070250429
J_1607769977,0.0003038574151859653
J_3161220994,0.0027776476073242008
J_3145242476,0.00039959719196991193
J_1607769953,0.00013420233663564765
J_1607769990,0.08653164529027123
J_1607770009,0.00027859923569621713
J_1607770025,0.00021449282442144368
J_6194045127,0.210257060910298
J_1607769975,0.00016673044566968998
J_3145242473,0.12285689279781016
J_3145242460,0.0014926282092481372
J_3145242470,0.422815455704256
J_1607769982,0.001447470956668226
J_3145242466,0.3518954042591351
J_3145242461,0.18278406947760772
J_3145242459,0.002221222088965385
J_3145242471,0.0004781225019180989
J_6532581189,0.0003187112313259422
J_3145242454,0.0005504409672612165
J_1607770011,0.4323730149645183
J_1607770031,0.002038363402900026
J_6532581207,0.28311178567105955
J_1607770094,0.0007192199621213037
J_1607770054,0.002796455834541555
J_1607770067,0.00881581379314817
J_3145242479,0.0008992019593300441
J_1607770131,0.0004401061986866513
J_1607770095,0.0006057207321768772
J_3145242464,0.00021909053662099495
J_1607770135,0.0006940825580851708
J_13236633211,0.24201740896782306
J_3145242463,0.0007392446051980601
J_1607770138,0.2467629438791389
J_1607770109,0.19367463518490757
J_1607770099,0.15089861298051277
J_1607770141,0.00017373420256311807
J_1607770163,0.0007904883597060324
J_13236634162,7.813937224843645e-05
J_1607770165,0.0004647534564683676
J_6536270028,0.0008567752429267014
J_1607770173,0.0014279206358486665
J_3145242467,0.0008488819951287961
J_1607770177,0.0010351229520680237
J_3145242450,0.009999142780647244
J_1607770194,0.0005684277477231668
J_11118271872,0.2770607578386736
J_1607770171,0.507648862300995
J_1607770198,0.00033747491657327365
J_11118271873,0.2971789878792162
J_3274194150,8.154219548557047e-05
J_3161220991,0.0006083342831834877
J_1607770195,0.5554729322941743
J_1607770226,0.16244587368510793
J_1607770229,0.0003193336867693043
J_3161220993,0.055203953361583215
J_1607770243,0.4137555819197134
J_1607770237,0.0011077127749413364
J_1607770266,0.00041990954292716746
J_10091779066,0.07255645651832351
J_1607770248,0.0007222099086212413
J_1607770269,0.00045851417134624474
J_6530053745,0.05951358513066404
J_6194145854,0.00027631762193733935
J_1607770273,0.18566158518109802
J_6530053743,0.08259905412188225
J_6530053742,0.00034922447756652916
J_1607770307,0.0003780898061068961
J_10091779049,0.27778571609228425
J_10091779048,0.23284389001320704
J_6142325316,0.00012476399448818005
J_1608973468,0.0003113399409998789
J_12067305544,0.11186852901951654
J_1614295014,0.0004650900919161218
J_1617743335,0.0004057815823536094
J_6518562603,0.000429950825844839
J_1614298011,0.0002737355639499902
J_1837005170,0.0008708345921620257
J_2598853082,0.00032337125817603934
J_11964440742,0.08661352504961188
J_3149542156,0.0049720064722476726
J_3158788643,0.002727856290357791
J_1653906433,0.0006358041992818094
J_2389125034,0.2041422165325434
J_2407745357,0.0013898790724622657
J_1653906436,0.0024353790848889814
J_11977577698,0.0004111541874871364
J_11260122965,0.10254731721246775
J_10153692798,0.001534200012869702
J_1666061323,0.0009189203401271864
J_1666061343,0.001601768284504115
J_11029463824,0.0006903965428382444
J_1723790725,0.0006013196334205217
J_1723790753,0.00039783375248328575
J_10282796511,0.7438836031225431
J_1723795924,0.1062461907532122
J_1723827217,0.008514361211593493
J_1723827219,0.0004704886319143232
J_11964724284,0.0011582965549363222
J_12451306639,0.00317300458662678
J_3902518302,0.0005360998179013181
J_1759942773,0.0014100287509950507
J_6454708692,0.0006027824080679155
J_1759942777,0.7008899752195701
J_10295532214,0.0004420786272694387
J_1759942779,0.010618907258711157
J_3801695511,0.0032764112667802462
J_7265565025,0.00026185462984256434
J_7265495342,0.0021103664796895635
J_1759977212,0.33994394117712745
J_1761893917,0.0013254543280805044
J_11493493810,0.023425032052057492
J_1761893918,0.00030781359207213306
J_1761893926,0.0009968519711124081
J_1761893929,0.0014215183529617508
J_1761893936,0.2660369628982362
J_1761893959,0.0052044878058459774
J_1770490835,0.0008453016321962856
J_4032342309,0.0023430838381543364
J_1770490843,0.15937108860488705
J_4032342306,0.042295136863275566
J_1770490841,0.0016345282927236933
J_1770490847,0.1292580092101612
J_4032342300,0.21460175478529026
J_1770490851,0.006587429490166218
J_4032342297,0.0014246352940814366
J_1837285037,0.0198062712928689
J_2017924103,0.0015032868626650364
J_6141797367,0.0004605362954709819
J_2017924114,0.0012518670356972124
J_6141797368,0.18863649587068673
J_2058556050,0.000675735346613819
J_12638260402,0.00030577170643842684
J_13076886164,0.0017373229514791274
J_2110371293,0.0010698688940509898
J_11260122968,0.20889491769919735
J_3761074303,0.00035884586698180557
J_2192012628,0.0013003803848287176
J_10017788794,0.26341819634756714
J_2227895720,0.00035366426171847546
J_2227895747,0.0003812052014802055
J_2227895763,0.00039113900235427117
J_2227895750,0.5346002165579472
J_2227895764,0.00440183763104613
J_2227895751,0.14649652898616658
J_2227895768,0.00017327617123449673
J_2227895762,0.0041252614302428586
J_2227895778,0.0006168949771337792
J_7433184710,0.00020124209275125437
J_10989480409,0.2678715412109715
J_2227895781,0.1926270076648652
J_10055294863,0.3526356129238655
J_12103707830,0.000611923193291137
J_2228056098,0.0004937544571767882
J_4127956369,0.00012712341700179644
J_10053692248,0.00017933419048782033
J_2228056108,0.0004579922702903073
J_2228090602,0.3659915483174227
J_4127956339,0.46000542244520953
J_2228090562,0.0003852696153416036
J_3157768120,0.004059789178227808
J_2228090568,0.00025039275233913635
J_2228090569,0.0008508085755274397
J_10053692232,0.004117685205329296
J_10011229956,0.24821024838655323
J_2228090573,0.000489439590112116
J_2228090579,0.29833573516879625
J_2228090581,0.0011288836764167815
J_2228090585,0.00026426840456282097
J_2228090589,0.0005474062847416781
J_2228090583,0.9933968957739711
J_2228090587,0.0002658146800541545
J_2228090591,0.0008154937183507746
J_6504533924,0.00018299310338247164
J_2228090593,0.00017124825565229725
J_2228090600,0.50286927727411
J_2228090598,0.3497156775092236
J_10053692222,0.0005168213695548316
J_2228090606,0.00047199678784821595
J_2228090607,0.000821132154262438
J_10053692226,0.2700095611339503
J_2228090609,0.473233516626644
J_10055294840,0.24322385205993288
J_2228090611,0.0002079899915213622
J_2228090613,0.5434300123552174
J_2228090615,0.0004047363642918807
J_2228165491,0.0031507357056305145
J_2228165495,0.18556891803717276
J_2228165511,0.002550899534359443
J_3872381587,0.05772966961024547
J_2228165513,0.0005617307367051229
J_2228165509,0.0006231651261462671
J_6528479930,0.00019605855711693658
J_3872381597,0.0003547078608501147
J_13763665672,0.0003340119828231073
J_2228165526,1.5908560268845235
J_5389468689,0.0008660238595441027
J_2472183067,0.0011149377912543009
J_2228165561,0.0012701988550755767
J_2228165568,0.0007891386016937177
J_5389468678,0.6454284116236186
J_2228165569,0.005908952369094972
J_2228165570,0.0023833543807638136
J_2228165610,0.0005494729884703383
J_2228165572,0.00027342318364476624
J_2228165681,0.3434132622247244
J_2228165574,0.0009560252685951648
J_2228165685,0.000480886753201269
J_2228165576,0.00016470658495858442
J_2228165611,0.44534835538993456
J_2228165578,0.0003509055308121207
J_2228165613,0.0005380527986458985
J_2228165580,0.5614649138884878
J_2228165612,0.2971474072686955
J_2228165582,0.000198590284356809
J_2228165709,0.0034660861193339188
J_2228165583,0.0002686439853399718
J_10053692314,0.00156763408672002
J_2228165584,0.00037922786825892016
J_10053692313,0.14564351116583452
J_2228165586,0.23202866481592083
J_13271958378,0.37783803174447694
J_2228165588,0.00019174134460053617
J_2228165663,0.0003741948198018122
J_2228165590,0.2552346122118737
J_2228165660,0.19634054319463093
J_2228165592,0.000140355345441354
J_2228165651,0.0002671215622167525
J_2228165594,0.0002873444151154297
J_2228165647,0.27677017494774836
J_2228165596,0.3872324480248546
J_2228165641,0.0003950399307258759
J_2228165598,0.2569196319018297
J_2228165637,0.0001398221017293786
J_2228165629,0.0001503586107113544
J_2228165603,0.0003552022062866023
J_2228165711,0.1994659475216926
J_2228165605,0.25863873008237487
J_2228165606,0.4783659212839966
J_2228165616,0.00042462911619116936
J_2228165620,0.0008881618057274131
J_2228165607,0.00014342496935329174
J_2228165676,0.6456255419063835
J_2228165608,0.02057502627840551
J_2228165678,0.00019375842299638324
J_2228165679,0.011503151680295615
J_2228165621,0.00026831554055329416
J_10053692346,0.000318064661459912
J_2228165617,0.0006442066622436944
J_2228165618,0.0004835260623242975
J_2228165652,0.48003523461092645
J_2228165650,0.0002795689707239169
J_2228165690,0.22968039100798326
J_2228165622,0.4408812827936727
J_2228165623,0.00033952603978480494
J_2228165694,0.0009805226535746971
J_2228165627,0.00024157582086468
J_2228165625,0.0006642601748549382
J_2228165673,0.0020069411974197133
J_10053692290,0.3739718056126091
J_2228165699,0.00311566830684399
J_2228165631,0.04482710971594101
J_9189234379,0.6260414469673038
J_2228165721,0.0007779075991794733
J_2228165645,0.002624202947134211
J_2228165633,0.7244636579411063
J_9189234374,0.00042375085374376945
J_11024825388,0.0017458832624604004
J_2228165649,0.00043222328432622324
J_10053692327,0.31998089366577726
J_10053692328,0.4016251777231551
J_2228165654,0.00021286467921297902
J_10055294851,0.0007467044890324204
J_10053692498,0.21067085703945237
J_9189234373,0.0006919573312119334
J_2228165667,0.0012613239753022443
J_2228165662,0.09249943861819931
J_9189234391,0.0004786462759875122
J_9189234367,0.00044955825918016276
J_9189234377,0.001754416802362664
J_7462465973,0.0005979626600001694
J_2228165701,0.0017524824729367816
J_2228165687,0.5521196333148504
J_2228165737,0.0007035685032001576
J_2228165715,0.0004953587003178657
J_2228165713,0.000337466920743091
J_2228165691,0.0005632943501936229
J_2228165695,0.0004867029970956023
J_2228165716,0.00045282835728979547
J_2228165723,0.0003081855659693395
J_2228165697,0.39954896229719566
J_10053692415,0.0004248498729403277
J_10068104333,0.0022369460534903012
J_6458368052,0.00020471248857224726
J_2228165725,0.000588258975288658
J_2228165703,0.5123376165273621
J_10055294879,0.16232266511438057
J_10053692463,0.26231418624589087
J_10055294872,0.0015009190308427147
J_11393475290,0.000548978364349887
J_7462465974,0.0004275687948112413
J_2228165719,0.0020567619683585065
J_10055294883,0.0005318575197460401
J_9189234362,0.0006745838764481763
J_10055294871,0.00023023898623663924
J_9189234380,0.0018238185244534616
J_2228165798,0.0006156528659333942
J_11250365509,0.14070279580478065
J_2228165748,0.09541193805842486
J_2228165809,0.0001655626118903739
J_2228165759,0.31835492568637475
J_2228165817,0.002269482819513397
J_2228165777,0.11340902430335155
J_10053692483,0.0003502743554322834
J_10053692470,0.0004774570020645511
J_10113326454,0.045014090363262906
J_10055273094,0.32678040936623526
J_2228165803,0.00030923495547015284
J_11393422460,0.0006282512924630733
J_10055294854,0.21561869498015443
J_2228165807,0.17570593587186625
J_2228165808,0.0010970289617903387
J_2228165827,0.36980392266298223
J_2228165810,0.0010673967875274588
J_2228165829,0.3911080812170404
J_2228165812,0.0008267950878828909
J_13800870761,0.0014958754698649519
J_2228165823,0.00036507034645611147
J_7466025071,0.368335233618237
J_10861610893,0.14172296959559497
J_10861610891,0.0003995258058468907
J_10112969702,0.001601424050707081
J_2228165833,0.000235743222158533
J_2228165836,0.13447126647440238
J_7462465969,0.0004497907210143079
J_10053692298,0.00047092760303620344
J_7467773326,0.0006266455507657862
J_2228165846,0.4087574343892109
J_2228165850,0.0005762922927474034
J_12093036053,0.0002496653811675623
J_7462465966,0.0005700502870021521
J_2228165854,0.00043496094997208436
J_7466025064,0.49753416360740743
J_2228165852,0.0002178863703548798
J_7466025062,0.2466413225699945
J_11387441958,0.2396349158106892
J_2228165856,0.11860230399045632
J_11168780086,0.00036203066475404386
J_2228225773,0.2989870736716992
J_2228225774,0.45842188345673485
J_11168780092,0.24013791532653214
J_10068956865,0.0005121872539966929
J_7089555210,0.0008617135491710397
J_2228225787,0.0002807307109732781
J_5281243702,0.0007206727948359229
J_2228225790,0.0007216817139038248
J_2228225795,0.18430404443367826
J_6528479946,7.527535233888733e-05
J_2228225800,0.12456968955414842
J_2228225794,0.00089196303111194
J_6528479941,0.0003559176812859488
J_6528479943,0.20396874187783642
J_2228225797,0.0016370272572623643
J_2228225811,0.00027391047262030616
J_7485520890,0.0009731482046665787
J_7089555207,0.20784165809691021
J_2228225806,0.002894514075210793
J_2228225817,0.0017411553004504814
J_2228225808,0.29571055540230623
J_7485482927,0.00542408577421899
J_2228225818,0.0006684590698138814
J_7485482926,0.0002430469629468349
J_2228225823,0.2935588074858189
J_10156714468,0.057733028673477536
J_2228225821,0.00011641940616498519
J_7485482938,0.051005223136633686
J_2228225828,0.0027961473522344587
J_2228225822,0.0001382385857487346
J_2228225830,0.003348540529396889
J_10053692337,0.06416046765381639
J_2228225831,0.00027800815739606986
J_2228225824,8.028688513991371e-05
J_2228225832,0.00024391017882360717
J_2228225841,0.0006887975966059245
J_2228225827,0.28337054601410483
J_3740962129,0.0015068077320115807
J_2228225829,0.00034837911597136734
J_2228225833,0.2250609746165652
J_2228225837,0.428606785952302
J_2228225835,0.0008529758775577417
J_10173339067,0.5534900185148295
J_2228225838,0.9507204816710448
J_7485482935,0.07298387251560255
J_10055294843,0.000250604105912167
J_10055294845,0.0034919782442787107
J_2228225840,0.03041080459624386
J_2228225844,0.0008029432353099336
J_10055294830,0.0008549455555335083
J_2228225846,0.0005921497144023016
J_2228225842,0.00021117068383732528
J_10055294842,0.00046853270726561415
J_2228225843,0.0003006129457748502
J_2228225847,0.0010201922303688991
J_2228225859,0.02386003399095518
J_2228225845,0.0011344637348614578
J_10055294831,0.3729207683392129
J_2228225850,0.0027981248547475144
J_2228225857,0.0034312046286622817
J_2228225848,0.0022159957874710876
J_2228225860,0.0016594407006431057
J_2228225849,0.0002009437005497871
J_2228225864,0.00043278763339353924
J_2228225851,0.07464088625514732
J_2228225867,0.29508094095529275
J_10053692269,0.00012698438370059188
J_10108362746,0.4739705982969654
J_2228225870,0.0005090096519927936
J_2228225853,0.2679874156471098
J_10053692349,0.00032584605113203163
J_2228225856,0.002922404927811731
J_2228225858,0.0004896596829042208
J_2228225875,0.03263348330213946
J_3740962134,0.39058104281209083
J_2228225862,1.004157136384722
J_10053692309,0.0003326734798842965
J_2228225861,0.0004342158197165867
J_10053692345,0.0002720258737059367
J_2228225868,0.00040795590399807105
J_2228225863,0.04940086318678864
J_10053692347,0.21999149000397517
J_10053692310,0.0002216739534724821
J_2228225865,0.7153700992232883
J_10112911693,0.00041512894099465813
J_10053692344,0.0007764738602459437
J_2228225872,0.07559210549344497
J_2228225883,0.00036508359580881454
J_2228225869,0.4134324622476076
J_11853667890,0.0014275455677959688
J_3740962135,0.00040915131241849294
J_2228225871,0.0002786687823090076
J_10053692339,0.0003949059371504138
J_2228225874,0.3771257250347948
J_10053692312,0.00028049734239630103
J_10053692284,0.0002705413572242943
J_2228225876,0.7431720497489619
J_2228225881,0.0013853803149915266
J_2228225882,0.00022878680388978772
J_10053692326,0.0014635909977247644
J_2228225879,0.001172740002814982
J_10055294835,0.39147981113945035
J_2228225880,0.0004179347703438551
J_2228225885,0.0013732458830224006
J_2228225888,0.0031215361199420327
J_2228225884,0.00044056680944997383
J_2228225886,0.40064520560416844
J_2228225891,8.480752449720491e-05
J_2228225887,0.001242082900189061
J_10053692325,0.0009122637416313773
J_2228225892,0.032314390225830734
J_10053692318,0.0005048945214868801
J_10053692317,0.3633460749243028
J_10053692305,0.33299864547260205
J_2228225900,0.43055665294155016
J_2228225896,0.36359324965443035
J_10055294826,0.42151518087395873
J_2228225893,0.00010031262687521471
J_2228225895,0.0001759320867373551
J_2228225906,0.27915095798556944
J_2228225899,6.369721206977575e-05
J_10055294828,0.0001120311843927665
J_2228225908,0.0007634227937002598
J_2228225898,0.0005951176195765993
J_2228225904,0.0005852689399467271
J_10053692324,0.0006654604789990228
J_10053692275,0.0004751490609529896
J_2228225902,0.00041287562971127915
J_2228225911,0.43864687450765655
J_2228225913,0.4840262211137071
J_2228225905,0.0011614260748676435
J_2228225907,0.0003255424296381395
J_2228225914,0.824144805162839
J_2228225909,0.5120282800369037
J_10055294827,0.0010064973608538623
J_2228225910,0.00030306419572641367
J_2228225915,0.0005993661501781595
J_2228225916,0.19562307982862767
J_2228225917,0.15125803693927617
J_2228244385,0.0002771725289529102
J_10055294833,0.00024893195473390845
J_2228244393,0.00029367640520818085
J_3740962137,0.5416672358837443
J_2228244387,0.4894761040448416
J_2228244413,0.0010340849800744285
J_2228244389,0.2206481646230357
J_10053692316,0.0003001872344247803
J_2228244392,0.0003487493438059776
J_2228244394,8.341709055533376e-05
J_10055294832,0.000255225319037707
J_2228244396,0.2850334611763222
J_10173332509,0.2521579439552862
J_2228244395,0.5293036316957209
J_2228244427,0.009619934442587618
J_2228244398,0.00036315241563369353
J_10053692315,0.00021380834052218162
J_2228244400,0.0012018940765919236
J_2228244399,9.89719218694584e-05
J_2228244429,0.0008100297771471568
J_2228244401,0.05546243687641711
J_2228244405,0.0005933385079662524
J_2228244432,0.00012347953401696359
J_2228244403,0.5345589402801753
J_2228244435,0.0010232554344834716
J_2228244406,0.0005453626936068555
J_2228244410,0.0003748944786897634
J_2228244437,0.0001582616571899203
J_2228244439,0.0008759106466054257
J_2228244416,0.3506045280167285
J_2228244422,0.0003904129949851069
J_2228244418,0.00047783681815961095
J_2228244447,0.0005512954328058923
J_2228244425,0.21976064680792914
J_2228244441,0.0005257603401224427
J_3740962138,0.003794483008257912
J_10055294839,0.0001908505229945759
J_10055294836,0.3810909164449578
J_2228244436,0.3041722078882398
J_2228244453,0.0012377734773360517
J_10182251529,0.00034589405246554966
J_2228244445,0.33506599469727794
J_2228244449,0.00023687919601624223
J_2228244457,0.00031393089260817647
J_10055294838,0.0017099747819192903
J_2228279432,0.001813298034728737
J_2228279434,0.00014665550252902844
J_2228279452,0.0005439087568164476
J_3157766035,0.0030105247901338235
J_10848088920,0.8179993981729707
J_10848088936,0.0024028960072600765
J_10848088924,0.0006642840813931376
J_2228279438,0.0950640903340181
J_13247352955,0.00047248146620652815
J_2228279447,0.001319841994664264
J_2228279462,0.0007591706223999717
J_2228279454,0.0002454887519122808
J_5670134215,0.0018125584518355314
J_2228279456,0.11743146888719463
J_10017291944,0.0006593857834124307
J_2228279458,7.523391016371646e-05
J_2228279466,0.16755251534202747
J_2228279472,0.000506579365959086
J_2228279469,0.0014672692564978353
J_7262741012,0.001029821038499609
J_3157768076,0.0008179692123116055
J_10760556148,0.0008861982762275418
J_7462476187,0.0001672869313609056
J_6180430333,0.11396787234997761
J_2228279475,0.21100642610192002
J_10011200049,0.0011053975995767623
J_7462476185,0.00039821871117736677
J_12183476369,0.00016163319461666868
J_2228279506,0.0028106033991331584
J_2228279519,0.2410425458201715
J_2228279509,0.84280359100698
J_2228279510,0.07778734067527734
J_10017830169,1.0977641633089377
J_2228279515,0.5184776222317362
J_2228279517,0.0006686544028998242
J_10578812824,0.0005462012489975873
J_10564790414,0.7115910369784952
J_2327191314,0.00015274808669618427
J_2327191235,0.0005303462962900589
J_6528488896,0.17073454247002046
J_6141696097,0.4098457241560091
J_2327191275,0.0006913810916186474
J_3870649402,0.00028097001084193864
J_3870649449,0.0006741215625506991
J_2327191283,0.22130395949395884
J_13154631635,0.35107372721398333
J_2327191286,0.00021875232629080466
J_3870649445,0.00020219061284291402
J_3870649450,0.0009564268458776682
J_13154631508,0.0011475054326277577
J_3870649444,0.0009613088381047128
J_3870651457,0.3775663205730069
J_3870649427,0.0015857733535758775
J_2327191379,0.12435760417948431
J_3157767888,0.0013509386822734067
J_7262814958,0.000334919778682723
J_7271119109,0.0001981226258767544
J_2327191342,0.00040986800885188214
J_3157766047,0.5605047830606134
J_3157766051,0.22757702575754313
J_3157767930,0.3519931536569849
J_2327191345,0.2703809216376528
J_11184899003,0.0011224027940042998
J_7262828185,0.2496239303683234
J_2327191354,0.002685479528314306
J_3872399897,0.04651075186367199
J_10017803031,0.007488922395773441
J_10017803032,0.0002558856054066618
J_7263195949,0.0029003991723690285
J_3157767883,0.00023414051492211992
J_10862291784,0.0011113093358909969
J_3870649426,0.00014527653147972209
J_7263195957,0.0004929770887376921
J_7263195954,0.000897117756634277
J_2327191412,0.14176851264810292
J_10017819534,0.00031385035497284594
J_2327191420,0.0013255896439716259
J_7266000930,0.35815029257800624
J_2327191432,0.00020723282518305436
J_2327191443,0.0004161872923024836
J_2327191435,0.33969204655358376
J_10862291795,0.28122084675999387
J_2327191465,0.011661720436695567
J_2327191476,0.0007715500876679093
J_2327191473,0.5111225959503566
J_2327191487,0.0002159831183997827
J_3157766045,0.001733466382082466
J_2385133857,0.0002495398735771723
J_12196449734,0.0010905959515600699
J_10118500634,0.5136777376279428
J_12129307874,0.14142500542991285
J_6130226927,0.0007231025393612097
J_2387173529,0.0062876012939309485
J_2387173530,0.1581859096230753
J_2407763129,0.03975722816981167
J_11977577699,0.0023518416220863606
J_2406084997,0.12163202146518656
J_3298857094,0.00031514685021529686
J_2406839229,0.0006351170253688802
J_2406839238,0.049724461320631554
J_2406839235,0.00010626678632931084
J_11395354030,0.14366517544381607
J_11395354034,0.014854053919564379
J_3145242494,0.23125556098628838
J_10091869191,0.00013090772297774496
J_3161226947,0.00033860086260562245
J_2407745349,0.0015503879440125635
J_3287849051,0.12439673720732601
J_11374930009,0.2507832679298635
J_10081671286,0.0004633360893551048
J_2407764622,0.00012892586665324703
J_6531845897,0.32701105536750813
J_6531845895,0.22814049082064342
J_2414639343,0.010898909496879175
J_2415950870,0.6931969443531797
J_10153788538,0.0006562706675495828
J_2471287780,0.010617862591606544
J_12683580002,0.003263388858643574
J_2472174963,0.054860422955904015
J_11868224435,0.0010907095557001006
J_10053692369,0.0010806164528920452
J_8239947099,0.00045915806855584333
J_2509423123,0.2196002787551139
J_12273334035,0.0023807418769809584
J_2509423121,0.41685158622420687
J_4105324822,0.00042941831143968154
J_2509423122,0.00047406755864666983
J_3740373535,0.0017287958328935451
J_12196449735,0.000515602361882873
J_11886138314,0.00048232142666162434
J_2510395005,0.39599217675623294
J_6182653341,0.004510919751715694
J_10156444538,0.000489160933960293
J_6150697573,0.03817591072416644
J_2512552676,0.07987445882439939
J_7089555213,0.00019883716995056452
J_2571434008,0.0006979104922345754
J_6137597661,0.10206864372304363
J_4761188839,0.0475542183764126
J_2598853033,0.0008111043798810665
J_2598853037,0.1840095372951214
J_2598853042,0.05070876811867563
J_2598853039,0.00019324787325448003
J_2598853041,0.0004459934359366275
J_2598853044,0.4706940876615454
J_2598853054,0.0005488221253599282
J_2598853058,0.26142509454585455
J_2598853056,0.030649990295452106
J_2598853060,0.00016242264434379862
J_2598853071,0.0004477498502092726
J_7479071341,0.37974487331214135
J_3870459131,0.0001402597224593857
J_2598853079,0.13753115984312905
J_2700228999,0.00026094702376205345
J_6417408793,0.0037854594799475966
J_2700232506,0.3557810231976605
J_3352564079,0.0017430845195509975
J_11896408351,0.43595714651951906
J_10043935989,0.0022452946846734903
J_2746550985,0.0002518731264545043
J_6532555481,0.032527019568486255
J_13234527246,0.0066792281725538355
J_12000459730,0.8957077010326275
J_3143852515,0.00035814276195235374
J_3145130518,0.3299145567007451
J_3145130516,0.15683611047735818
J_3145130515,0.0010678627480454892
J_3145130511,0.002006857489591935
J_3145130512,0.00044315477053311726
J_3145130528,0.002222747459011613
J_3145158629,0.009371711868223187
J_6528488886,0.002913032649698662
J_3145130517,0.00013604711171690405
J_5395545365,0.21104925553443377
J_5395545364,0.001341695773731286
J_6022021522,0.04276049050945599
J_3145158632,0.00033805173683512473
J_3145158633,0.0007295904284425214
J_10296405837,0.3987936752329048
J_3145158631,0.0016807261773124451
J_11493846392,0.0007607816204204149
J_3145158642,0.22410004690540525
J_3145211064,0.0002693095417147985
J_10149320982,0.04303066260916869
J_3145211069,0.0004636886913924539
J_3145211070,0.0011382259256991596
J_3145211071,0.0006173187364574086
J_3145211072,0.5122581558314533
J_3145211073,0.0001967793365738445
J_3145211083,0.001415526430226057
J_3161221634,0.00183709275539022
J_3145211093,0.0005227007215698876
J_3145211084,0.001192178201475505
J_3145211092,0.06587000328106195
J_10750098000,0.38123734173999624
J_6518562626,0.0057780448351687315
J_7483936983,0.2705535393641164
J_11135425045,0.0008564233524829017
J_3145224312,0.0010275363102290572
J_12317304331,0.001002830118278823
J_3145224303,0.00036821979911009085
J_3161221491,0.17181064070334048
J_3161221497,0.2304642052179199
J_3145224309,0.00029699513957944375
J_7483936980,0.0002054589789750887
J_3145224311,0.3156380551775059
J_10758516067,0.00022727459918185088
J_6455785761,0.13170087952198217
J_10091869174,0.2594725855281394
J_3145242451,0.17123032166737637
J_3145242458,0.0012316752349917804
J_3145242455,0.24399700464357926
J_3161221004,7.484405422486752e-05
J_10091779029,0.000917639865914922
J_3161221371,0.0001068004987964724
J_3145242462,0.0010803441501351686
J_12804002686,0.0009392665266341649
J_3161220996,0.0005508691148272499
J_3161221447,0.0005461351314586458
J_3145246993,0.16291996018493915
J_3145242489,0.0002271135708337317
J_6532555483,0.40084340653722056
J_10718419309,0.5360359502381092
J_3145242490,0.0004248134310862711
J_3145242491,0.0002940960881062432
J_3161221467,0.3071060009494823
J_7483939489,0.00048109702019966637
J_6518562644,0.19632737019527463
J_3145242492,0.47562252050988485
J_6518562642,0.00045033084509967
J_3145242495,0.0004293350621360964
J_10091869188,0.0002507034393026363
J_6144370187,0.12631543823259203
J_10091881957,0.0010558175277336449
J_6144370185,0.001367432171903471
J_3145242782,0.17465197059792809
J_11395331068,0.0004915689772402425
J_3145242785,0.2584613422984453
J_10765347889,0.0024037573411154456
J_3684937725,0.16282100509062958
J_3145246996,0.0001645201091795433
J_11118076292,0.06507193643213147
J_6536297167,0.0016760917016912552
J_3161221500,0.026307677228072725
J_3145246998,0.0014435611694546015
J_3145246999,0.0006771682753194879
J_6197059206,0.0017629959169855286
J_7483939487,0.01513614341024792
J_3145247003,0.000585131369798571
J_3145247010,0.16099174191641796
J_3145247006,0.0007072505056737407
J_3274194145,0.00049485250963661
J_13233969029,0.000383960592663467
J_3145247011,0.0004500801391516369
J_3274194132,0.00042579725926565143
J_3274194143,0.17584608969146376
J_3274194141,0.002393609025128631
J_3274194134,0.0006615593708881157
J_10091779112,0.0007734755660968454
J_6454677790,0.0002470041163349209
J_3145247021,0.00010108355429759739
J_7483956796,0.0009975050283637147
J_3145263748,0.00023974924035649795
J_10754922722,0.00043666696551977855
J_3145263752,0.0011211455880144358
J_3145263759,0.0001328655485609829
J_6458219360,0.001748482602525134
J_3145263755,0.0009516692744294059
J_3145263758,0.0006487177609023224
J_3145263757,0.48101532878844455
J_6137715299,0.16540879551850338
J_10732609126,0.2689370497023907
J_11395330937,0.0007111571640641219
J_10732609125,0.5691994632890425
J_5389375119,0.00014407715279752092
J_5389375724,0.00016142227988728995
J_5389375722,0.00036261554618800275
J_3149541679,0.0017263245896940926
J_6130890173,0.5732311103848576
J_13410465158,0.0005896700105288321
J_3149541683,0.0005132896191160678
J_10081671261,0.0014311707120680537
J_5389382766,0.4313475820143635
J_3149541688,0.3222047442659632
J_3149541696,0.3634418781731666
J_3149541706,0.33342972314923097
J_3149541705,0.0007896638284495266
J_10081671278,0.18624774959534138
J_3149541704,0.25719016407471146
J_3149541707,0.03199020002917275
J_10081671274,0.0005562625940996834
J_3149541708,0.00011713609933359118
J_10081671276,0.015492076176920657
J_10081671275,0.0009243174776677563
J_3149541710,0.360789353171924
J_10081671277,0.00011724002320756718
J_3149541715,0.06515466968523062
J_3149541714,0.00030521142284311984
J_10081671268,0.1636101526983308
J_11431862920,0.00016348591698594743
J_3149541716,0.2526859540479303
J_3149542135,0.00013476534019093254
J_3149542133,0.9185322711375491
J_3149542132,0.04186545590966436
J_3158788637,0.0023319734707886257
J_3158788638,0.0007994596608142601
J_3149542134,0.0005369889249634708
J_3149542136,0.15518328792207892
J_3158788639,0.0005141551780795299
J_3158788641,0.00016751048879105464
J_3149542141,0.0010671955604751697
J_3149542142,0.23124226142197657
J_9355274668,0.01590651037088733
J_9840710126,0.0005369745282895484
J_3158788131,0.0005099895517309753
J_3149542146,0.0010497015660130922
J_3158788114,0.0013201590909250754
J_3149542148,0.005253275162339472
J_3158788648,0.0005440775891820012
J_3149542150,0.00033473973922569516
J_13164836647,0.726044302013858
J_6143995415,0.0006241896252441066
J_3149542154,0.0007707217881413391
J_7265869848,0.23752696829080477
J_3149542157,0.0001766134844037731
J_5389407313,0.003109026471438692
J_7265869857,0.20243379499724706
J_3157765986,0.00018797186070597429
J_10017309028,0.0025780726368537805
J_3157765991,0.00044159774596702357
J_10017281790,0.34245129787619005
J_3157766015,0.6170017651892692
J_3157765992,0.0054942687095042445
J_9548788622,0.0011097716410727319
J_3157767934,0.25666914570879495
J_3157765995,0.005067261886415871
J_11009720297,0.0001750941862140183
J_10839297828,0.0058548187153817325
J_3157766001,0.00044723996291982525
J_3157766011,0.0008865017645221414
J_7262828194,0.0006448039210090112
J_3157767947,0.06965740252137395
J_3872399890,0.2532425670385978
J_3157766002,0.0009418492317591892
J_3157766003,0.001069123211817718
J_3157767949,0.000574889102097999
J_7262741007,0.39978610598861386
J_3157766005,0.0003185317125302887
J_3157767953,0.001171467383067513
J_3157767954,0.3043575717224635
J_3157766008,0.2485153775523075
J_3157766006,0.0005581095063798125
J_5318012615,0.31451703886392074
J_3157766007,0.0009251237034559809
J_13177003081,0.0008733760386219333
J_3872399885,0.0022373896245728654
J_10017822988,0.000510289268491645
J_6457633877,0.2271219160915784
J_3157766020,0.1822361185408321
J_3157766013,0.14836472172489001
J_10017280805,0.0009452246456581128
J_7262740997,0.1025174192026037
J_7183761881,8.646651052223101e-05
J_3157766023,0.0011195675158257852
J_3157766021,0.0012692014027515025
J_7262754747,0.00037978602489840025
J_3157768062,0.0007267821737802776
J_10017829039,0.2996516866230336
J_7180399468,0.0001236505073335116
J_3157766030,0.16025198174402952
J_3157767940,0.0004917241994773939
J_3157766038,0.00012834859885224972
J_13155014801,0.0015911381487295206
J_3872399896,0.00021235226338655385
J_3872399895,0.22436388609731137
J_3157766042,0.09198953003149624
J_6182548658,0.000775996622198986
J_3157766052,0.4050108897775817
J_7262814968,0.034673559639040785
J_9189251443,0.6270447377298848
J_3157766046,0.00036898897446947364
J_7271119112,0.4131082294383754
J_3872399898,0.06749438609249703
J_9189251453,0.00023793021254208153
J_3157766048,0.0031233340153307104
J_7262758270,0.0014985159583104962
J_3157766056,0.0009023075154205416
J_7271119108,0.0003897994398330468
J_3157766057,0.0007992215442619678
J_9189251451,0.03737775999371038
J_3157767865,0.00029540437093945746
J_3157767922,0.0017009740138887966
J_3157767867,0.10552866884107627
J_7262814978,0.0015791569039147906
J_3157767877,0.12336148599522692
J_3157767880,0.3679147872261121
J_3157767887,0.15610275985458053
J_6196894554,0.0001738872585426687
J_10862291793,0.15353887226384763
J_3157767894,1.3164441724273424
J_3157767895,0.06618297298198303
J_7262828190,0.0004714056609488925
J_7262828187,0.00017553015732021078
J_7262828189,0.0007218407506956714
J_3157767901,0.18072378100150474
J_3157767904,0.0004411292504823035
J_3157767903,0.0002643954780065615
J_6455863328,0.29221861921601144
J_7262814977,0.002127299536879176
J_3157767909,0.12430243265217525
J_10862291802,0.2795515600225152
J_10017841615,0.0004676220274304462
J_3157767925,0.1048962465597044
J_3157767916,0.37720573595825685
J_3157767929,0.001957280069486429
J_7262814984,0.001870086585956362
J_9189251456,0.0008944753458946556
J_3157767936,0.0010671091752741282
J_6167253721,0.0008532258321456036
J_3157767945,0.000985261022337645
J_3157767943,0.001251131449239657
J_3157767939,0.4413741965506153
J_3157767942,0.0007604946907991989
J_6182548660,0.1870558244850699
J_7262758271,0.00048647613977500186
J_3157767944,0.0036707755793501965
J_7271119123,0.13920997971211027
J_7262741005,0.0002750367920493056
J_3157767948,0.1052033271548196
J_3157768070,0.0007340652588832741
J_3157768086,0.36130421640930527
J_6456996820,0.005165106195227953
J_3157767957,0.0035163459626486953
J_3872399887,0.00013533276514547175
J_3157767958,0.0004021890575751492
J_10017832747,0.003299044144381563
J_7271119117,0.21983440612035343
J_3157768078,0.1482795936718158
J_3157768102,0.000219848313997216
J_3157768081,0.0009884073221460485
J_10839323623,0.0005411073953801169
J_3157768084,0.024606400042792975
J_10011214590,0.06521838653353851
J_10010409780,0.00016727468561492857
J_11021790357,0.0037021212158160643
J_7271119125,0.6812965208561571
J_10839323622,0.00046513028157710854
J_11009735737,0.3576983342991251
J_3157768111,0.00039672817160265033
J_3157768116,0.2522287463286096
J_3157768113,0.05246644561869367
J_3157768115,0.005687252372129352
J_3157768119,0.2626830991015497
J_3158788098,0.00011710937901218837
J_3158788159,0.3799381717395225
J_13415111718,0.0004854053557404703
J_3158788102,0.4619003282279593
J_3158788565,0.001900387082665584
J_10153862365,8.251549110551614e-05
J_5389402807,0.0002875683514580133
J_3158788105,0.00012136359709444384
J_3158788145,0.15880740892051312
J_3158788662,0.11502033972198476
J_13415111434,0.06406743543260623
J_3158788107,0.0011960656720644567
J_3158788108,0.33367563930726274
J_7432244830,0.0001865620080515107
J_5388494832,0.0005154585364032387
J_3158788608,0.0002886501377473108
J_3158788144,0.0008004009857052897
J_13410902781,0.08463445358465953
J_3158788110,0.0004168142008150083
J_7432244839,0.10055470614789062
J_3158788140,0.0008627160190959153
J_3158788112,0.00031804480660556356
J_3158788116,0.1456386277413296
J_3158788113,0.0011457646913951764
J_3158788118,0.0005408927270688277
J_11385670151,0.26143014773633616
J_3158788117,0.43543430064669497
J_3158788119,0.0008790790618064641
J_3158788124,0.2891304517233708
J_4579649727,0.0003446495341489223
J_3158788129,0.7235777809327282
J_3158788132,0.1659557777866104
J_10153868766,0.0004995365331557955
J_10153868767,0.08651484591279301
J_3158788612,0.0001163899544581678
J_3158788141,0.34192681036979766
J_3158788142,0.000295741867350779
J_3158788571,0.19159767387414708
J_3158788147,0.0002789108810612143
J_13415111722,0.0021542129377151785
J_3158788148,0.00018640394092183613
J_13410901736,0.3521843007095359
J_3158788577,0.00045028374612117466
J_13415111278,0.4050156670972908
J_3158788153,0.0018515835621963118
J_3158790012,0.3186706865812565
J_3158788155,0.004553155456952392
J_3158788585,0.0005082378963100493
J_3158788583,0.0005547739740128817
J_13415111721,0.0005729441335859796
J_3158788561,0.0019113048917187227
J_13410901899,0.00010657413681266443
J_7429952388,0.0006090809566628282
J_13415111723,0.009081515078147206
J_10153862358,0.0009182816828835472
J_3158788580,0.000393538472680697
J_13415111443,0.0011800202222465362
J_3158788581,0.38638742999259745
J_13415110922,0.00033660342250679603
J_3158788611,0.07715875498801752
J_3158788629,0.0013191695050305402
J_3158788615,0.253194733403049
J_3158788616,0.0005532668925026396
J_3158788620,0.313484001960148
J_7432244836,0.0007871008843931872
J_3158788621,0.13086225290362358
J_3158788632,0.5085090833400899
J_3158788635,0.16064958802172766
J_3158788636,0.00043233166748808313
J_3158788640,0.0012823066507579716
J_3158788642,0.14321763205470706
J_7265869852,0.0038939147251916893
J_3158788655,0.42004850025892215
J_6143995412,0.0057687772989036
J_10153757207,0.0005478894446805001
J_6504305287,0.000862267119181316
J_3158790013,0.0004435816233629071
J_3161118525,0.14604575077759732
J_12183448059,0.0032299046867023916
J_6131076159,0.0005739427629136158
J_3161220987,0.2843124813585328
J_3161220988,0.000295148167442048
J_3161220989,0.00045752695550685824
J_10091779040,0.3025718866891379
J_6532581210,0.11564157094510329
J_6532581187,0.4602252762392417
J_3161221008,0.7181005022524668
J_10091779026,0.00011813697568340745
J_6531873240,0.38905753712664615
J_10091881961,0.14171177954130199
J_3161221391,0.0011485922063577576
J_6137715298,0.02604370762804164
J_10091881949,0.12114714335697557
J_3161221401,0.00018591984103822219
J_3161221399,0.20521936983648117
J_3161221397,0.26380972824917354
J_3161221400,0.0003759590368107881
J_3161221402,0.28519795414179255
J_3161221406,0.0010906062611554797
J_3161221409,0.09765583084844408
J_3161221412,0.1912050526895744
J_3161221444,0.0007715625745856538
J_3161221446,0.10575730258297178
J_3161221456,0.10877409730780012
J_3161221458,0.0018414429372132289
J_3161221463,0.17573318008109073
J_10722786969,0.17180712268729315
J_12420152381,0.00019127046318685124
J_3161221464,0.11250016060839012
J_10091881950,0.0014372339390549323
J_10091869189,0.0025063238765330306
J_3161221472,0.6117803236668808
J_10091869215,0.0005991922247899119
J_6504451152,0.0006072373805254892
J_3161221474,0.0008405977778774701
J_3161221475,0.2541760521563871
J_10091869194,0.17604200390638564
J_3161221479,0.7959619209540294
J_10091869196,0.5156990133595771
J_3161221481,0.1764733934909969
J_4406882474,0.0014107288938607697
J_4406882475,0.22639681875457132
J_3161221485,0.004680778458187009
J_10115661739,0.0007555645686501989
J_3161221493,0.0009131674747135155
J_3161221495,0.0006749981461911102
J_3161221504,0.008834063643464597
J_6518562672,0.0022716441689411477
J_3161221515,0.4143958279901668
J_5273044599,0.0003188104807581877
J_3161221534,0.001063987614399906
J_10091819723,0.0003214981837297992
J_3161221537,0.016089134082942623
J_6536297180,0.322802812652857
J_3161221543,0.001299894628077611
J_3161221545,0.047493238201005275
J_3161221548,0.00035991718873414514
J_9189234523,0.0003586047113898479
J_3352564078,0.0036879911097494862
J_3161221560,0.13570990368829292
J_9189234522,0.0004487130546134651
J_13089335255,0.00019218166441392113
J_10091819732,0.00040663803740186575
J_6536297176,0.6117944557218019
J_10153698610,0.189880170172678
J_3161221574,0.32229735510801394
J_3161221577,0.0013912551821930355
J_3161221580,0.1122474869455739
J_3161221578,0.00033178723335983195
J_11384871866,0.000515547893917821
J_6518859298,0.0006381794649061336
J_11240810727,0.8322941522546901
J_11240810732,0.004054761692048184
J_3161221596,0.00043793599745087236
J_3161221600,0.0005341781119358768
J_3161221601,0.0016757259398930016
J_3161221605,0.0014226402774614917
J_10153730467,0.0004631653621888919
J_12317304332,0.000318206267339802
J_3161221623,0.0003359110568606005
J_3161221627,0.0008032254537947843
J_3161226945,0.0004966582477355523
J_10091819735,0.00012247343186886695
J_3161226946,0.2025208540204771
J_10091819737,0.434422051520841
J_3161226948,0.21618811970818289
J_13233969028,0.0004196790635539295
J_3274194135,0.09246364707605442
J_3274194139,0.0002693511733422314
J_3274194138,0.11106557851832369
J_3274194140,0.2365623160047939
J_3274194142,0.000362581266300054
J_13234206353,0.09594505439644996
J_6536270023,0.0003680738672667044
J_3274194144,0.0007086660052945051
J_11001017022,0.02078572154826196
J_3274194148,0.008267144068032174
J_12067305543,0.00025006024830781835
J_10153868987,0.0006039948022845691
J_3313560920,0.0042319359620648705
J_3313560932,0.00036923014202495653
J_3313560926,0.002483346143327323
J_3313560930,0.4365519656506447
J_3352564070,0.00022919195567989664
J_3352564069,0.199381408808052
J_3352564071,0.09875776887817547
J_3352564075,0.3802362435998296
J_3352564074,0.1314819697066464
J_3352564073,0.5911639668828913
J_7087369203,0.001163688088257976
J_3352564077,0.0005565742514956691
J_9801217768,0.003073934203277278
J_3352564081,0.0010384585123935932
J_3352564085,0.0005124983498430631
J_3352564084,0.30504005921339394
J_3352564086,0.336188932441907
J_3399067454,0.0006568006715085098
J_12451306640,0.27015829988431955
J_3399683411,0.0014144078777330116
J_6454722371,0.032130208351289415
J_3399683420,0.37272869870196934
J_3399683426,0.33113536551100436
J_3399683413,0.1473309827929511
J_3684965843,0.007355666121375636
J_10862212870,0.0006807810790645617
J_3399683429,0.0006634866343065722
J_3399683425,0.0857294345791627
J_10848036381,0.0002955299760477194
J_6311451942,0.22463516706457823
J_6311451945,0.0001999549766677258
J_10848036380,0.0003525183154309594
J_3399683430,0.00698075790482843
J_6017833816,0.011307105161296101
J_3399683434,0.0005680097166950237
J_3399683438,0.19563705803162082
J_3399683435,0.2536761719165674
J_3399683437,0.0008098123641515793
J_3399683440,0.0011818573992700369
J_10862212875,0.0015540396881210449
J_6884484757,0.16637070495298892
J_3399683445,0.3056453036469814
J_3870649423,0.0005303064663996214
J_3870649421,0.00034369330439648973
J_3404911222,0.0004796572784443938
J_3404911223,0.23676203678528457
J_10053692471,0.08348811339028288
J_6518193647,0.00027313830682973737
J_10091869209,0.0011935233408113372
J_3452278573,0.0030090133650656635
J_3507448200,0.008461717032172165
J_6518562625,0.004802897682983389
J_3507448207,0.02853516418019804
J_6518562624,0.001381030903826209
J_3524797475,0.09055021720439811
J_10053692243,0.0904618869308143
J_3534983838,0.538513808605366
J_11493493806,0.2730178257775697
J_10091779056,0.22200746202864435
J_7103571994,0.5221039400714705
J_3684965833,0.0011848886695803834
J_3716332299,0.004125750526520202
J_3740373536,0.8668968351512704
J_7232644745,0.0007846549723926305
J_11493846394,0.0003258654561128681
J_3740957819,0.11195316435504937
J_7089555211,0.0009481152985679243
J_3740957822,0.15551103785923656
J_10873245758,0.0008907707349886944
J_7485482934,0.00021764302401428506
J_11853667889,0.00020127450081482783
J_3740962136,0.0002310667398355907
J_10053692322,0.00037555636827096064
J_10001551961,0.000865260934072916
J_12625978130,0.0019028295797341133
J_3740962150,0.0002412574161533523
J_3740962149,0.0020600208495668193
J_13377650798,0.3138077385602608
J_13377650797,0.17982229393636248
J_12512015943,0.0007353821650934713
J_3801692781,0.0005101664452247935
J_6022021528,0.00015231158506707438
J_7200329607,0.47626473676965736
J_9797919703,0.0005288946979975689
J_3801695507,0.0006851711281413186
J_11892969976,0.3620220977417742
J_3805003790,0.0003686255801902657
J_13748051109,0.0005361796026148262
J_10091779114,0.0009466791857184537
J_3870459134,0.2998292045626598
J_12479825528,0.0008210584583561791
J_3870459137,0.11889134154815731
J_3870459136,0.00033914271094995533
J_3870649401,0.14630994310765824
J_6528488897,0.0016962356343513908
J_3870649405,0.16051126255907172
J_10862212885,0.00022302850765507282
J_10068662143,0.007268023636420716
J_3870649409,0.0009092882788110846
J_3870649412,0.00039936734527027345
J_3870649410,0.17727651271525854
J_7263195931,0.0004363243748049942
J_10862212877,0.00021560894737963847
J_10862212879,0.0023745785172731054
J_3870649414,0.1915749724836938
J_3870649419,0.2278725739557033
J_13153402744,0.0021906625876149197
J_6528488899,0.00024109420044142013
J_13153403013,0.4759237186894122
J_7263294812,0.0751115502585049
J_3870649428,0.5928291658353916
J_3870649430,0.0004112775638503224
J_13153403011,0.00020912755578111902
J_10017800626,0.2679466429680707
J_3870649439,0.00074759339757524
J_3870649431,0.0003560217328221164
J_6137518201,0.376043126103459
J_3870649433,0.00041166694705424155
J_11395690290,0.0009472297029266523
J_3870649434,0.00207659384320157
J_7263318206,0.0009455392703394523
J_6137518205,0.0001943153001700806
J_3870649451,0.264797936519592
J_10862180930,0.3031639298660891
J_6528482677,0.0010518610705589969
J_3870651467,0.2137707839448891
J_3870651466,0.00047488434779973933
J_3870651468,0.0010511337906748582
J_3870651472,0.0005829871065573291
J_3872381588,0.0009540883191052128
J_3872381594,0.2930600242054579
J_3872381589,0.10095016138738505
J_3872381592,0.0002374284351915284
J_6528479932,0.0008066836483013994
J_3872381593,0.40573422989676683
J_5389468687,0.0002800597052633103
J_5389468685,0.44339512126056296
J_3872381598,0.48898979914869695
J_5389468692,0.040895130465899154
J_5389468688,0.0011030577094279933
J_3872399886,1.4151187879381393
J_3872399889,0.19121898039510582
J_11155935124,0.000310279151390222
J_7262828191,0.11623091180766573
J_3872399900,0.0004410778953036717
J_6454765746,0.006220104488218695
J_3931954080,0.049419523358061726
J_6518066871,0.2294045934624149
J_4016425323,0.05022422327274642
J_7265999752,1.0145180880541054
J_4016425333,0.00016487308374374897
J_7266012702,0.0015026123151536848
J_6142949400,0.0004566962956791659
J_4016425345,0.00638988918973288
J_4032342086,0.002036671350980391
J_11098695097,0.00025073476863336395
J_7331215088,0.18855195822979734
J_4032342087,0.0005622089310591229
J_4032342293,0.0009457343690947651
J_4032342289,0.005096836088752387
J_6131812598,0.08995973684526955
J_4032342292,0.1201239804138089
J_4032342304,0.0004305034632813715
J_4032342295,0.18403993375551653
J_4032342305,0.001137538558525608
J_4032342298,0.39994127068304003
J_4032342303,0.0012524881041856512
J_4032342301,0.8612525279736674
J_10855370147,0.3555816790586987
J_10053692246,0.3796243527256194
J_4127956349,0.0002157583134744215
J_7466025069,0.13749524930382712
J_10053692245,0.0040150508962986916
J_4206360256,0.0010139348323400994
J_4267702357,0.15939419448350908
J_4267702358,0.00022938752818154693
J_11017412096,0.0005755993340708154
J_11017447792,0.0004729866607557496
J_4282466478,0.002419723489343158
J_11021742662,1.8423946439897185
J_4282466482,0.0020780546488092543
J_4308356558,0.3027113226431612
J_4308356557,0.0005896022383609732
J_12143810274,0.0016280039213504135
J_10123822801,0.0021996718461145507
J_12143810275,0.00019640937755435297
J_10151269730,0.000609686624514742
J_4692270063,0.5005875077118953
J_10123822802,0.0006006296040774928
J_4761188837,0.00033235521950232414
J_11964724285,0.000915209441194695
J_11896408352,0.008471317173747234
J_4803681190,0.00024672750406445367
J_4803681191,0.07037944166459699
J_4803681193,0.00138958679398922
J_4803681192,0.0006093414176056705
J_4803681195,0.0023065228418946908
J_4803681194,0.001215090321247843
J_12174885781,0.0005531410013406956
J_12000459729,0.0014121064895463002
J_4845178134,0.12994436834461343
J_4918188101,0.00038042837056149125
J_5067333236,0.020967514517149077
J_5292923939,0.000770398512356359
J_5318012731,0.0005376579321949616
J_7271119122,0.0001940691518051622
J_5388479540,0.0010507475037734085
J_5388494831,0.0740859901014925
J_5388808659,0.16890348483367895
J_5389375118,0.29543481505144403
J_5389375120,0.0011765718342598185
J_5389437909,0.0009638525428114343
J_5389437908,0.4308811143225406
J_5389437911,0.0020524420306835497
J_5389437913,0.0021527419267118883
J_11918065896,0.0005217889623908842
J_5389437912,0.0012083693522804712
J_5389437914,0.24314448661390659
J_5389437915,0.6196303371768931
J_5389437918,0.19133033464374857
J_5389437919,0.0014464969065256872
J_5389437920,0.22465239459293837
J_5389437921,0.00030301238285436363
J_5389437922,0.0006896492907013605
J_10284348020,0.016328438859024266
J_7485482932,0.0002921166148179658
J_5389451382,0.15415223683985085
J_5389451383,0.001097900827146556
J_5389451384,0.3253511969315643
J_5389451386,0.00023383097681329808
J_7433184730,0.00038210109319970173
J_5389468686,0.31423984817841133
J_5389468690,0.002848226120652323
J_6456978972,0.00039701050129485485
J_5389468691,0.31103561532989166
J_5389481764,0.00023005895936946714
J_6521888997,0.0004553596003739658
J_6528482663,0.4333835860544497
J_11029039774,0.2991396776679866
J_5395545366,0.0007352022582699055
J_5395545368,0.00015790067012915135
J_6528488891,0.00028221262464311794
J_5395545370,0.3392173743452909
J_10017787284,0.0008027553423032782
J_6528482644,0.046126097422083706
J_6528482676,0.0003346841333831491
J_6528482683,0.34899147333677705
J_6528482681,0.49456538727586236
J_5395545376,0.0010938313337323722
J_6528482684,0.2462345307718891
J_6528482685,0.0008388629416993665
J_6528651596,0.25140298879413026
J_6141797373,0.0012715928372858689
J_5586382485,0.41019493524787126
J_11017415671,0.00026855803924919245
J_5670134214,0.042143446865938065
J_7272375518,0.2388216524258183
J_11494201269,0.0005289453807589011
J_6017833806,0.004963789336317393
J_6017833807,0.0008385473470725806
J_6017833813,0.0008790113784164894
J_6022021521,0.0008354197496822023
J_6024722728,0.4495464011603663
J_12196459950,0.0002651703453184977
J_10123822800,0.0011263666985699568
J_6130890174,0.0005843391066889963
J_13410464926,0.00025710092642707526
J_12067305554,0.11575210521715433
J_6131812595,0.00026265719387537
J_6455354944,0.0028097023581770356
J_7265869856,0.10611389977625307
J_7265869861,0.01033142092154966
J_11476594021,0.0007741351230500902
J_6536640227,0.44553448764521836
J_6137518202,0.28290105090117135
J_7263195951,0.0002550845203537928
J_13154631389,0.002250498849962661
J_10017795702,0.2389216690031735
J_6137525100,0.0870888105429465
J_10282769895,0.00021054561590763883
J_6462712325,0.0012423078559735186
J_6457586280,0.13553874356172468
J_11029462813,0.0007787001563655184
J_6141797366,0.00037579663011642916
J_6141797369,0.00026131740851274187
J_6528272254,0.14063844828084668
J_6528272256,0.29650258044304706
J_6141797371,0.001018153668309423
J_6528272231,0.30807771829466535
J_6528272255,0.5050925261354928
J_10091882021,0.5011356174795965
J_6455354949,0.0018880398374859937
J_10211128784,0.44690508008411345
J_6144301681,0.00041653687726746013
J_6144370186,9.231909831279139e-05
J_10091869186,0.0004900222322104334
J_10091869185,0.15008557071874642
J_6147077953,0.15393253277189864
J_10153741990,0.4116173059664766
J_13287054979,0.00016842949225904513
J_7262754752,0.0009118690135050369
J_6167907607,0.0004192282995913783
J_7265869862,0.29871257438494053
J_6180281415,0.0007663452869891113
J_6180281422,0.0005790572881338951
J_10091869201,0.31278235245584735
J_12143810272,0.0003444751072269217
J_6180281423,0.0005550938196555248
J_11012071068,0.000418892229624143
J_6182548659,0.5795164575938521
J_7262754751,0.018782158488985706
J_6182653336,0.001284614416360274
J_6182653337,0.015777511726832883
J_6182653340,0.0005480879831600958
J_6182653338,0.001332501860019145
J_7479619961,0.21584234239958902
J_6505307831,0.740303458715499
J_10091779111,0.0001767183894266389
J_10091779110,0.0019196088215045239
J_6194145860,0.17251995245785806
J_6816483970,0.0005892688614657371
J_6195370681,0.002441244294271582
J_6195370682,0.11244002315325159
J_7436576266,0.0014281609622414657
J_6196963388,0.0005680369455481291
J_6518562648,0.00020458134135239867
J_6197010275,0.10151514845113989
J_6197010280,0.0005715013197201296
J_6197010282,0.15017560524400353
J_6197013593,0.18552001135086177
J_6197013595,0.0003640180072767079
J_7265999779,0.5787455310779038
J_6277741600,0.00024606509661977523
J_6277741601,0.0007565395650959525
J_6518066873,0.0006888213330782626
J_6278093122,0.051257499665869725
J_6311451943,0.38457416240228565
J_6311451944,0.1442983463602195
J_6528476366,0.0012298547337684276
J_6518562602,0.00038265620750523813
J_6454722370,0.19656601589775777
J_6528476362,0.0007652452697516411
J_13161779354,0.8797260528789653
J_6454765747,0.0006708523445954659
J_6454953344,0.15972691075608753
J_6454953345,0.0005403221189925993
J_6518066888,0.18502637632678876
J_6454963596,0.001375431968573844
J_10091819721,0.0014539917562971486
J_6455354941,0.0005867651304584723
J_6455354943,0.0997949326427978
J_7331215092,0.04712202289551008
J_6455354942,0.0007280568385186212
J_6455354946,0.0017648445912062023
J_10153757205,0.5227920523193592
J_6455354948,0.000852591298751995
J_7265795057,0.23180027798229533
J_6455826798,0.5411916265653745
J_7262814983,0.00010745030286668896
J_6457586279,0.0006360268314051175
J_10153730469,0.19062161648306247
J_9189234411,0.19085954799699748
J_9189234412,0.0003613654893202789
J_6458219354,0.0003213369951092591
J_6458219355,0.151394924972051
J_6458219356,0.8514019435636418
J_6458219359,7.885234622691942e-05
J_9189234333,0.32372117823352725
J_10108584106,0.0002156846399759541
J_9189234363,0.12845506706193138
J_6458919467,0.0002883583635932618
J_6458919469,0.12042648039182409
J_6458919470,0.00010748625510371592
J_6518859328,0.0007632565838649031
J_6458919472,0.00023416270347739306
J_6518859329,0.1877968676319745
J_11015232648,0.17284494439288708
J_10156430844,0.5294941900172359
J_6458919474,0.0009044135632351038
J_6462712324,0.006361412180853878
J_6463503332,0.001558329381265887
J_6463503334,0.0027216143173288544
J_13153402587,0.0005031096851724134
J_6463503335,0.3068317598594796
J_7263195973,0.26685973893436227
J_13153402596,0.0005953760715932707
J_6497456105,0.24943455720391353
J_6497456107,0.00023245830217533809
J_6518859323,0.9298391409614002
J_6497456108,0.26024931373274096
J_10091816491,0.0008516241061143837
J_6504353324,0.00028959094953507215
J_6505307816,0.0006620588885192994
J_6518562651,0.1254006776534341
J_6505307830,0.0007750108643806361
J_11015232212,0.0006901571270282066
J_10091779082,0.12187523023027133
J_6518066870,0.0011570345704417645
J_6518066872,0.000480535329858808
J_11121516717,0.0007703734273209027
J_10091779059,0.00010454247784400479
J_6518066889,0.0008181798752931538
J_6518193640,0.0012084943534646322
J_6518562622,0.2125344679329092
J_11896408350,0.0004687723558742639
J_6518562628,0.0002514721942164298
J_6518562630,0.000984229342186233
J_6518562631,0.24175490133310934
J_9507626534,0.00011651473388761672
J_9189234416,0.0007080224344177585
J_6518562633,0.00029442330734175744
J_6518562636,0.0012982669504020274
J_6518562635,0.0006688833367229964
J_6518562638,0.0006288188564059287
J_6518562637,0.0006016282938781787
J_6518562640,0.23608780504181046
J_6518562639,0.00042721346961110577
J_10091881953,0.5465467399802351
J_6518562641,0.2231043629590438
J_10091881954,0.0005412312271689924
J_6518562645,0.34682510842926106
J_6518562646,0.42918677375623526
J_6518562656,0.18991447271903353
J_11395504173,0.0006426046699472927
J_11395504170,0.43178632352324486
J_6518562659,0.2898456278066071
J_6518562660,0.008948158960777053
J_6518562662,0.0017118437239250527
J_6518562665,0.0008246932911043335
J_6518562668,0.11219051931771849
J_6518571087,0.09108628778741934
J_6518859288,0.0006794949782138782
J_6518859290,0.00030780218644791226
J_6518859292,0.000156546749739751
J_11015242077,0.15734444714431692
J_6518859300,0.0014167871847461631
J_13629810032,0.0008439972735217801
J_6518859303,0.0013478179687333
J_6518859304,0.15658525824428426
J_10839341172,0.09266578666562925
J_6518859324,0.1900188080828429
J_6518859326,0.3970262283752965
J_12183986631,0.02135389540765017
J_6518859333,1.077246442599056
J_6521881369,0.1517303209990529
J_6521888994,0.2605686430439178
J_6521889009,0.20782078973314
J_9938546097,0.0001937985223723508
J_6521889005,0.001454396192527118
J_7479071349,0.3687014989826277
J_7479071350,0.009111835214568492
J_10091816515,0.0009955283725132952
J_7180957749,0.0013648398118297767
J_6528272228,0.19187608755796234
J_6528272230,0.3194702805792224
J_7193382654,0.8194107173281965
J_7193382652,0.059706058186799894
J_6528476359,0.3616659272949148
J_6528476360,0.0018184298443647206
J_6528476361,0.19562304593853774
J_7485482940,0.002247175955528779
J_6528476363,0.0003620249694503271
J_11493846393,0.0004834973483423377
J_6528479928,0.00022086473946667683
J_6528479933,0.2188317995598745
J_6528479934,0.0005175935988047434
J_11017150431,0.0006123774321732991
J_6528479942,0.0007079140779898404
J_10055273097,0.00042985775043907683
J_6528479945,0.26272767738917524
J_6528482646,0.0003079746413540306
J_6528482648,0.0008364591259984879
J_6528482651,0.1681792156980372
J_6528482647,0.1759211435142389
J_10153692802,0.27977201073953667
J_6528482667,0.00035857945750581024
J_6528482654,0.00026236424327319717
J_7270994832,0.23365281719032854
J_10862180936,0.0023662178092326873
J_6528482657,0.33994177433348083
J_10862180935,0.2611692113352283
J_6528482662,0.08757794015017006
J_10153692800,0.0008768868984690148
J_6528482664,0.09429859371163264
J_6528482668,0.0008610475287986663
J_6528482671,0.30612774523287467
J_6528482673,0.0010096515407711517
J_6528482672,0.0006906739961641424
J_10225316065,0.0027699268829140798
J_7263294816,0.0005362506147884776
J_6528482679,0.000651775517911066
J_6528482680,0.29527467367785903
J_6528482682,0.000976438196510557
J_6528482686,0.4897527074706915
J_6528482689,0.0006875768379179871
J_6528482688,0.391345575873267
J_6528482690,0.0002610888671016142
J_7433184726,0.00014072530174480063
J_6528482732,0.3034901443221563
J_6528482737,0.0003923637677788604
J_6528488890,0.1159518460589029
J_7263195935,0.0008209112140438165
J_6528488898,0.34271845388495253
J_6528651589,0.0004281698300357059
J_12198513583,0.028911367309072265
J_6528651591,0.0009488815860443606
J_6528651594,0.29172823122245034
J_6528651595,0.00147913118748911
J_6529626696,0.00040241656553466175
J_6816483973,0.19958534278039908
J_6531845894,0.0005617446053066497
J_13410465225,0.00026037471321688633
J_10081671279,0.19185647096888145
J_6531873238,0.05098411293426475
J_10091779025,1.120964718575101
J_6531946685,0.000768363223369
J_7103571995,0.0015228398821148167
J_6531946686,0.0006186079875174128
J_10091779052,1.9306117876320408
J_6532555480,0.001259626961728809
J_6532581186,0.04842426299017975
J_6532581188,0.0023398630928934024
J_6532581190,0.000354802329400219
J_6532581192,0.1856833139300265
J_6532581206,0.6132623333646089
J_6532581208,0.0006204249863708621
J_6536270022,0.19239683448337133
J_13236633122,0.0007973381325084843
J_6536297169,0.567768520602438
J_6536297172,0.0010804660064781995
J_6536297174,0.0018024496391446316
J_6536297175,0.0003108743207214683
J_6536297177,0.26762267081153507
J_6536297179,0.0004388650254559538
J_6811970537,0.002412055128689669
J_6811970538,0.0012046635397473982
J_10151254226,0.0007571845277165905
J_8243049245,0.0004529721517754283
J_6816483966,0.08066016109337719
J_10091779045,0.0001199997219883706
J_6816483971,0.4481160431252188
J_6816483974,0.0711950893339653
J_6884484756,0.6080250418729385
J_11374930012,0.19088367035000614
J_10153868759,0.4129705097487337
J_6970466611,0.00042636912317309733
J_6970466614,0.11357977613414101
J_6970652831,0.3923171012233613
J_6970652835,0.593589037705379
J_7087369199,0.00032853889750949106
J_7089555205,0.33893098980345077
J_7089555208,0.3589467439890145
J_7089555209,0.5518389972340815
J_7089555218,0.8228330093368615
J_10989243384,0.35283295762797107
J_7089555232,0.0003854766337837681
J_11140936035,0.22945184880969394
J_10862180929,0.001611924330997007
J_10017315153,0.2605668673862058
J_7262754746,0.0016455780968351772
J_10017820270,0.00033145229632860573
J_7193382651,0.07809951109543162
J_7193382653,0.0007971517260590104
J_7232644749,0.143377212451284
J_7239125899,0.0011347705973286956
J_7242939320,0.020926194465088907
J_7262648410,0.00022154842139010842
J_13153402487,0.0017843110512579558
J_7262741006,0.30274806690288375
J_7262741008,0.0005572519614289613
J_7262741010,0.1403501790711722
J_10011186264,0.21966228767128146
J_10017820271,0.0004988058304877405
J_10017829040,0.0002967003935139222
J_7262754750,0.0003386992138590007
J_7262758269,0.051497058645200385
J_7262814960,0.2504228684574718
J_7262814963,0.0004234588865938831
J_7262814973,0.1429210555384216
J_7262814975,0.0025196043802145373
J_7262814976,0.8389726564278059
J_10862291797,0.0016867200029072836
J_7262828188,0.575035013683687
J_7262828192,0.0008203613063722748
J_10862180927,0.9407296626034573
J_10862212888,0.0006012020184395777
J_7263195932,0.20233029608871222
J_7263195945,0.39020265856460773
J_13271862507,0.00026176639351664313
J_7263195958,0.34887273682776443
J_7263195961,0.11780930824930445
J_10017825317,0.21819661055803818
J_7263195962,0.11712468663819825
J_13153402477,0.001217863901455613
J_7263195976,0.009133051832729843
J_7265495338,0.0058413228580096324
J_7265565024,0.08933911256563895
J_7429952385,0.12745960928395164
J_7265869859,0.00048821758559532147
J_7265869858,0.0006081551871150233
J_7265869860,0.0004189646648826326
J_7279246833,9.927290024386694e-05
J_7266012700,0.0009720902223230869
J_7265999769,0.00017452874588856691
J_9189251440,0.000989132391903728
J_7266012697,0.2466749361403467
J_7271119103,0.18267221079051246
J_7271119110,0.3607836603083958
J_7271119111,0.0006410911447847864
J_11009866078,0.0003901544765549807
J_12404669477,0.0009410191633579427
J_7272375521,0.09034292411431548
J_11494185467,0.00030306235462531543
J_7429952389,0.007164259624859071
J_7429952390,0.0745095020801836
J_7429952391,0.0005765384847553645
J_10153862361,0.3133709079753591
J_7429952393,0.1510930210136823
J_7429952399,0.0026295620875385756
J_7432244829,0.28228940371335975
J_7432244831,0.17716411764865755
J_7432244835,0.00045486866104420997
J_7432244837,0.00047463076494421846
J_7432244838,0.3303949086415251
J_7433184709,0.21280309777998208
J_7433184724,0.0011394263147314811
J_7433184728,2.481190015109611
J_11868224434,0.0006540480456495462
J_10055273110,0.23613999928094037
J_7433184737,0.0007976090863950127
J_7433184740,0.0007514162083111377
J_7433184739,0.5510768442300646
J_7433184742,0.0010888093267517576
J_7433184741,0.0015996116021464843
J_10053682412,0.0002086168996388803
J_10168942233,0.0004549292021605454
J_10053692259,0.7067375404683763
J_10112969704,0.0009502861452734272
J_7462465975,0.7561432698896713
J_7462465976,0.09614017153595888
J_7462476186,0.062209077354128055
J_7462476190,0.0022932457597237502
J_13272033827,0.0010855323263355857
J_13303119843,0.0005894807077015598
J_9189251463,0.00011647471483065223
J_7462886729,0.5637586252246518
J_11866145880,0.004056275504853385
J_7462980194,0.6956279357003963
J_7462980200,0.003813183836764279
J_11866145879,0.003405171815136288
J_7462980201,0.0007261339371776618
J_10156545616,0.0009349596618379071
J_10053682408,0.0021513153741564792
J_7466025067,0.0004325560470811141
J_7466025068,0.0003498163407478654
J_10861610900,0.00039180501487072456
J_10861610892,8.258360248438862e-05
J_10053692242,0.00023443763319189992
J_7467773327,0.0019258304374733433
J_7478257545,0.36660088278789077
J_7479071344,0.0004047662076090189
J_7479071346,0.3390748927921555
J_7479071348,0.0001966216051034869
J_10091816502,0.322586817585503
J_10091816505,0.28712503281609175
J_9938546098,0.00051708324577034
J_7479619960,0.5255707604971778
J_7483936975,0.000775692049017792
J_7483936976,0.001864013693425615
J_7483936978,0.0010467165862792947
J_10091869168,0.6815952210189645
J_10091869170,0.4374685726336212
J_7483936977,0.0001614321431093437
J_10091869167,0.0007888778325567769
J_10997018488,0.0002590257836823876
J_7483939490,0.00011206739055868519
J_7483956795,0.08097673192071757
J_10091779020,0.0012053597350967303
J_7483956797,1.2711914400631144
J_7485482931,0.34426633743697127
J_11017412094,0.22603548686101335
J_7485482937,0.0008175136580189726
J_7488258453,0.16863803162396046
J_7488258454,0.0008576354339513788
J_7488258457,0.0004724243794607565
J_7488258471,0.0010964768797866002
J_7488258455,0.2568278939729607
J_7488258456,0.0009243739201207315
J_7488258464,0.0007593272499901488
J_7488258458,0.0007600932178316562
J_13304404065,0.15517978155360543
J_10151254220,0.22446081419938219
J_8243049246,0.011338701189230957
J_10151247916,0.0006272059391505626
J_10151254219,0.001381225878947488
J_9189234332,0.0007531328086647947
J_10055294875,0.0029075240904647653
J_9189234366,0.31728617013168
J_9189234375,0.24195802822765305
J_9189234376,0.00029219103058802974
J_9189234381,0.1564223121619999
J_9189234382,0.0006417996783693191
J_10055273091,0.0001925313480428169
J_9189234388,0.0002874355391278052
J_10055273086,0.0012409201103087415
J_10055273083,0.00037914245202289265
J_10113604315,0.25336495004651105
J_13132528815,0.0013729967100740857
J_13132528816,0.3257585213813207
J_9189234403,0.00047276115382926853
J_12317304330,0.3807943052713968
J_9189234521,0.6007401397514314
J_13161758374,0.0006476744592214316
J_9189251442,2.500639815512733
J_11012071071,0.0009502718883676306
J_9189251446,0.0006273987101550295
J_13155014840,0.00023838712650422447
J_13155014841,0.0003236007139510921
J_9189251461,0.000844392570049325
J_10861553302,0.011332218574064714
J_10861610890,0.0010014903258737512
J_10861610889,0.18023073852130772
J_9507626535,0.1995501388024937
J_9784566821,0.0004354567658771488
J_9813619345,0.0046399361098985
J_9918817333,0.0011163390407031466
J_9919151357,0.0008994561419295702
J_9919151365,0.13861113062057953
J_10153681624,0.006706555855355585
J_10010409782,0.21769018521931366
J_11395697025,0.5277195835810021
J_10010426226,0.0010259397281440414
J_10011186265,0.3182034371655865
J_10011200053,0.0017848237621697482
J_10011219066,0.35322249458095334
J_10011214593,0.00022847877697265842
J_10011219068,0.6867143506781117
J_10017280806,0.14094468834517163
J_10017291945,0.6256852389142686
J_10017291946,0.375714400843054
J_10017291947,1.0057255453283809
J_10017309029,0.13257928844544237
J_10017315154,0.00024868052513081626
J_10017779911,0.09770506120703563
J_10017787286,0.003330966489622849
J_10017788795,0.00020638498518059823
J_13161720242,0.000906715969252273
J_10017800627,0.001419137628341547
J_11012044851,0.12763922472746228
J_10017819535,0.0005962227214245964
J_13153402517,0.0006494995029367108
J_10053682406,0.0005985623179929035
J_10053682407,0.3521507728304263
J_10053682409,0.4004702298330686
J_10053682413,0.5511491071637032
J_10053682416,0.000404594739289252
J_10053692223,0.0010825343076063178
J_10053692224,0.02114586303763533
J_10053692233,0.004469726693931618
J_10053692244,0.0004565531598396195
J_10053692249,0.258232886221372
J_10053692260,0.00021783822035268975
J_10053692268,0.34090340873763564
J_10053692270,0.3954084435820148
J_10053692273,0.817457991346094
J_10053692272,0.0016275264573867828
J_10053692274,0.0003454754742861561
J_10053692276,0.0007225064126741722
J_10053692278,0.0006096744218600397
J_10053692282,1.0286863827759458
J_10053692281,0.000641328299099643
J_10053692283,0.00033919783677976463
J_10053692285,0.5007080256528117
J_10053692287,0.00041952170221707
J_10053692295,0.0010887576912766018
J_10053692306,0.00019363102901862785
J_10053692320,0.5079234293415322
J_10053692319,0.26050417688036687
J_10053692321,0.00040370359928406985
J_10053692323,0.0002680504439664556
J_10053692333,0.0005998686321447467
J_10053692334,0.00047212067631863415
J_10053692376,0.0006920637754635401
J_10053692406,0.00043819156921405625
J_10053692411,0.3023015223569816
J_10146445187,0.0003042167086705426
J_10053692469,0.23373709492158073
J_10055294878,0.2171811806636156
J_10053692440,0.00018075551700634073
J_10053692441,0.10737744512722872
J_10068104332,0.002330393473823097
J_10053692464,0.000981500580791944
J_10053692466,0.00023750943333517737
J_10053692468,0.33017543622111484
J_13800870758,0.0011037676607267843
J_10053692478,0.06316796090678312
J_11379178604,0.0001575034846693328
J_11379178603,0.001026820447752498
J_12683854164,0.00019993008686367672
J_10055273063,0.0031137946011850965
J_10113853575,0.1031220047248905
J_10108338629,0.0007045524449080107
J_10055273064,0.0002569842711176518
J_10055273088,0.17050386320119412
J_10113853571,0.000910674788243059
J_10055273079,0.00029248308582405024
J_10055273065,0.3239142933745659
J_10055273089,0.000522828731462928
J_10055273081,0.0013368928840755219
J_10055273070,0.12174125765541764
J_10055273073,0.0005788657177855217
J_10055273084,0.0008851208885943037
J_10115756511,0.0010468111304563791
J_10055273074,0.0005220778724077796
J_10055273085,0.5856610805947083
J_10055273075,0.23605040105270503
J_10055273078,0.0005359710267702937
J_10055273080,0.00022179072727473943
J_10055273082,0.000534137214528918
J_13132839320,0.4946475902041742
J_10055273093,0.044689979035011373
J_10055273095,0.0008011918254879675
J_10055273096,0.09625103017153158
J_10055273100,0.0009243991069445828
J_10980132313,0.00020332298579862259
J_10055294846,0.0037501874775682058
J_10055294848,0.3337875911057162
J_10055294857,0.5588665314518121
J_10055294847,0.3537355735629205
J_10055294849,0.0007819523718500621
J_10199133458,0.32325998154156466
J_10055294858,0.3100615069385611
J_10055294860,0.00045742567672826145
J_12183357600,0.00040077061451776664
J_10055294864,0.9195068977474249
J_10055294873,0.0005245928643625979
J_10864010665,0.0013992061987906737
J_10147235149,0.0004400329244238263
J_10055294882,0.4874015039220746
J_10199133459,0.1595641840376502
J_10081671263,0.43443160586369817
J_10081671273,0.0003288495626571596
J_10091742589,0.0001697205238386455
J_10091742598,0.14298271280791283
J_10091779021,0.28186734532130625
J_10091779024,0.0006536964924363982
J_11393300165,0.20245281717118147
J_10091779042,0.0004541564754273218
J_10091779047,0.3236285640887553
J_13232851760,0.0006125695588253498
J_10091779055,0.11140433780919304
J_10091779057,0.0007412699250742776
J_10091779058,0.37017853888416924
J_10091779061,0.7324921918458198
J_10091779067,0.00015449648309954892
J_10091779069,0.2048623348761744
J_10091779108,0.23744643413970262
J_10091779115,0.0007618776905132989
J_10091819722,0.6974429937935198
J_10091819724,0.4501391635482205
J_10091819725,0.2261219674553577
J_10091819726,0.0007510998311762672
J_10091819727,0.00030933610222349525
J_10091819728,0.6025587042642461
J_10091819729,0.09298302126350574
J_10091819730,0.2649774361165875
J_10091819731,1.493318834777733
J_10091819734,0.5463847915272139
J_10091819736,0.34300272982429825
J_10091819738,0.00035896287735659763
J_10091869169,0.00041138743580120663
J_10091869172,0.00023077252458371503
J_10091869171,0.000789762982355503
J_11118096574,0.28899129754579767
J_10091869173,0.39780230624028745
J_10091869175,0.000803876225472279
J_10091869180,0.16145596384480604
J_10091869190,0.4874886582839094
J_10091869193,0.0006244354098524558
J_10091869195,0.0002167382703706042
J_10091869197,0.0004865480810761356
J_10153704404,0.3311918867276263
J_10091881951,0.45143701016303495
J_12167709212,0.00016854035869427367
J_10091881958,0.0008171126707763905
J_10091881962,0.000607449072741489
J_10091881963,0.16057667998425015
J_10091881972,0.0007106357112300555
J_10095107480,0.554067203588098
J_10095107486,2.500619650865443
J_13272002966,0.14160124233906668
J_10123822803,0.09611245490641178
J_12638260408,0.0023176796046633736
J_10149320983,0.6001174273770676
J_10151247656,0.5118633174925254
J_10151254218,0.40840025647466494
J_10151254227,0.6108573796852308
J_10151254221,0.00018990014924810648
J_10151254223,0.010231674564670841
J_10151254228,0.27071152215160715
J_10151269732,0.3222352737755931
J_10151269731,0.2370951542634415
J_10151269733,0.0008310726696115442
J_10578867705,0.0004892853101303619
J_10153681627,0.20591797618278934
J_10153681628,0.0005751318000854996
J_10153692799,0.00023623700726076898
J_10153692801,0.0004554957458629628
J_10153692803,0.5702718356377489
J_10153698611,0.0008247580638576039
J_10153704402,0.0001758026333000384
J_10153704401,0.2096220353659268
J_10153704403,0.34139414879263547
J_11383108325,0.0010898988450699176
J_10153719248,0.005079646016153289
J_10153719250,0.09178025748932188
J_10153719252,0.0004015843715071016
J_10153730468,0.09046182404025933
J_10153741988,0.4111896485589753
J_10153741989,0.0007306061682816853
J_10153741992,0.0006222131076436318
J_10153812606,0.22379311662415668
J_11395501126,0.3997684470628129
J_10153862346,0.28071730176840864
J_10153862359,0.0014900817867314002
J_13410902898,0.0009784462536851467
J_10153862364,0.5875594994660036
J_13415111714,0.0848964718164827
J_10153868760,0.0007548441862264368
J_10153868762,0.07061775023525123
J_10153868765,0.36361037871440727
J_10153868989,0.3163697374378745
J_10153868983,0.00031873014984624585
J_10153868988,0.00024362837361460764
J_10153868984,0.0792064480550557
J_10153868985,0.338086009953968
J_10153868990,0.0005059975571913266
J_10156176138,0.41718831094148673
J_10156549917,0.5309248901896986
J_13748051108,0.3522748936227174
J_10284348036,0.2510910579041104
J_11017150565,0.0013998183296467822
J_10578812823,0.04054547146149416
J_10765347890,0.00040144938557464796
J_11964440743,0.0002332861940804159
J_11586889050,0.03138183142964567
J_10839297829,0.00025778109071151095
J_10839323613,0.46502889911806755
J_11009735738,0.0003339368210505364
J_10839323624,0.3813501180996373
J_10839345922,0.3865449820478645
J_10848088918,0.0003088535900049943
J_10848088919,0.8206660312029891
J_10848088923,0.08999020921111367
J_10848088921,0.0006284927520576848
J_10848088922,0.35240285142691163
J_10848088925,1.0020270456998206
J_10848125532,0.1532316413171208
J_10848125535,0.07653024163433396
J_10848125534,0.0002522381475780512
J_10848125536,0.001019788063824617
J_10848125538,0.257451890870145
J_10861612629,0.001912750508067879
J_10861612628,0.39126210263360717
J_10861612636,0.00017360775072282995
J_10861612631,0.0001781128527768194
J_10861612630,0.00030955632120415686
J_10861612635,0.41875788058192914
J_10861612632,0.000318560343941924
J_10862180931,0.00016754163642208268
J_10862180937,0.0003967990070777418
J_10862212867,0.39876993999416116
J_10862212869,0.0007885341312269984
J_10862212874,0.7933207458218877
J_10862212876,0.0014317077024271867
J_10862212878,0.4899030318981308
J_10862212880,0.0008152041216872348
J_10862212889,0.35650997240583093
J_10862291788,0.7948700553502922
J_10862291789,0.00014342602227114228
J_13153403014,0.5087619338388277
J_10862291800,0.0002586105276046227
J_10862291801,0.001172078738986733
J_10989243385,0.0006135562481447008
J_10989480410,0.0012247781781906748
J_10991333276,0.13632827900019046
J_11001017023,0.5106623118433242
J_11006990856,0.0007785391913395547
J_11009720298,0.2524273353575015
J_11009866079,0.6028046348000912
J_11012063565,0.0005623023676770153
J_11012071069,0.4002734732553711
J_11012071072,0.0007229969153794063
J_11015232208,0.0004981605034598055
J_11015242078,1.2373494337834854
J_11017150568,0.051404918513372776
J_11017412095,0.0009551299477813207
J_11017412097,0.3410367495939036
J_11017447793,0.44849733047365886
J_11024825391,0.13175732160880665
J_11135410552,0.0007986539155109967
J_11140936036,0.188416530781721
J_11168780090,0.3258429193652734
J_11176643974,0.0005532162708865204
J_13232852380,0.0005259579858931634
J_11892824101,0.0014496535549238063
J_11374930007,0.0006746579222515261
J_11374930008,0.011302085736773963
J_11374930010,0.00329280369452585
J_11374930011,0.0008543800627188916
J_11379178605,0.22239348211503332
J_11384871867,0.3463611529600511
J_11393475296,0.03866048296780775
J_11395330938,0.4124227157382052
J_11395354031,0.22371968912585583
J_11395354033,0.5157386967472577
J_11395354035,0.00035944297937346077
J_11395457762,0.0011547720985438101
J_11395504175,0.0008913467398826401
J_11395492567,0.24071477132426114
J_11395504172,0.0007148349069092407
J_11395492568,0.0004420323809274982
J_11395504176,0.791138388642906
J_11395504169,0.11148288777331979
J_11395690291,0.410946941556676
J_11493846453,0.0002320789944958239
J_11494185466,0.15960172171206785
J_11494185468,0.1342614729965036
J_11586889052,0.001011165815750244
J_11866145878,0.0021635047730476325
J_11866145881,0.0011162011884350777
J_13075406637,0.0003940151451889822
J_11892824102,0.08163648128621857
J_11918065894,0.0010030433308403151
J_11918065895,0.8321475215080218
J_11918065897,0.6777539659036312
J_12709621387,0.00024320946119745518
J_12709621386,0.49072916660434224
J_12229787183,0.0007407114964267123
J_12186005568,0.0002783744349687004
J_12143810273,0.0012625830280005438
J_12167738409,0.00011746508124395781
J_12167851610,0.08746207386313584
J_12174885780,0.0205994484502095
J_12183448061,0.0009304850133837241
J_12186005569,0.08086013490814715
J_12198513586,0.0015095958417488153
J_12240947260,2.1005511288974246
J_12420152382,0.6697931748694761
J_13333360560,0.7275515863950168
J_12451306642,0.0005711162165929807
J_13232620049,0.00023199568504119652
J_12484161554,0.00060175193284203
J_12638260412,0.004615399099168692
J_13132528818,0.000695768125377227
J_13136284902,0.45295024788103766
J_13153402488,0.44181173181801875
J_13153403012,0.28602370758483064
J_13154631507,0.5806426780525841
J_13154631634,0.000461153375706395
J_13155015396,0.4050985070486187
J_13164836648,0.0010054308906201639
J_13232620050,0.29426165721501985
J_13233885347,0.20309086264216206
J_13234206351,0.0005265477591152653
J_13234527245,0.7566984264021246
J_13234528306,0.6249419846059396
J_13236633210,0.000997111013065776
J_13247352956,0.8995344559726484
J_13286973328,0.18304482456266039
J_13287054982,0.40050570812476993
J_13304404064,0.0010750131819299805
J_13377650796,0.0002876294813503044
J_13410464925,0.6189212199620822
J_13410465226,0.531868393808338
J_13410465941,0.4132351038798441
J_13410901732,0.00035297169764519757
J_13415110921,0.8011659345012929
J_13415111275,0.0005242544773754042
J_13415111431,0.8335341090399107
J_13415111716,0.0008191779795828288
J_13629810033,0.7208782458204256
J_13748635891,0.0002450776704360783
Outfall_1,0.0020133673707859226
