<?xml version="1.0" encoding="utf-8" ?>
<kml xmlns="http://www.opengis.net/kml/2.2">
<Document id="root_doc">
<Schema name="telemetric_weather_station" id="telemetric_weather_station">
	<SimpleField name="OBJECTID" type="float"></SimpleField>
	<SimpleField name="KGISCode" type="string"></SimpleField>
	<SimpleField name="KGISTM_Weather_StationID" type="float"></SimpleField>
	<SimpleField name="DepartmentCode" type="string"></SimpleField>
	<SimpleField name="TM_Weather_StationName" type="string"></SimpleField>
	<SimpleField name="KGISVillageID" type="float"></SimpleField>
	<SimpleField name="KGISWardID" type="float"></SimpleField>
</Schema>
<Folder><name>telemetric_weather_station</name>
  <Placemark>
	<ExtendedData><SchemaData schemaUrl="#telemetric_weather_station">
		<SimpleData name="OBJECTID">76</SimpleData>
		<SimpleData name="KGISCode">29579055836203900000RDDMCPUSCRTWS0001</SimpleData>
		<SimpleData name="KGISTM_Weather_StationID">1</SimpleData>
		<SimpleData name="DepartmentCode">1</SimpleData>
		<SimpleData name="TM_Weather_StationName">Chincholi</SimpleData>
		<SimpleData name="KGISVillageID">2739</SimpleData>
	</SchemaData></ExtendedData>
      <Point><coordinates>77.4199999999106,17.4635870004009</coordinates></Point>
  </Placemark>
  <Placemark>
	<ExtendedData><SchemaData schemaUrl="#telemetric_weather_station">
		<SimpleData name="OBJECTID">69</SimpleData>
		<SimpleData name="KGISCode">29579055818032060000RDDMCPUSCRTWS0001</SimpleData>
		<SimpleData name="KGISTM_Weather_StationID">10</SimpleData>
		<SimpleData name="DepartmentCode">10</SimpleData>
		<SimpleData name="TM_Weather_StationName">Afzalpur</SimpleData>
		<SimpleData name="KGISVillageID">2534</SimpleData>
	</SchemaData></ExtendedData>
      <Point><coordinates>76.3607710004367,17.1978710000027</coordinates></Point>
  </Placemark>
  <Placemark>
	<ExtendedData><SchemaData schemaUrl="#telemetric_weather_station">
		<SimpleData name="OBJECTID">523</SimpleData>
		<SimpleData name="KGISCode">29575055626175320000RDDMCPUSCRTWS0001</SimpleData>
		<SimpleData name="KGISTM_Weather_StationID">100</SimpleData>
		<SimpleData name="DepartmentCode">100</SimpleData>
		<SimpleData name="TM_Weather_StationName">Bantval</SimpleData>
		<SimpleData name="KGISVillageID">25274</SimpleData>
	</SchemaData></ExtendedData>
      <Point><coordinates>75.0400681099304,12.9013214482766</coordinates></Point>
  </Placemark>
  <Placemark>
	<ExtendedData><SchemaData schemaUrl="#telemetric_weather_station">
		<SimpleData name="OBJECTID">8</SimpleData>
		<SimpleData name="KGISCode">29555054355973600000RDDMCPUSCRTWS0001</SimpleData>
		<SimpleData name="KGISTM_Weather_StationID">101</SimpleData>
		<SimpleData name="DepartmentCode">101</SimpleData>
		<SimpleData name="TM_Weather_StationName">Raibagh</SimpleData>
		<SimpleData name="KGISVillageID">206</SimpleData>
	</SchemaData></ExtendedData>
      <Point><coordinates>74.7773279995352,16.4881500003388</coordinates></Point>
  </Placemark>
  <Placemark>
	<ExtendedData><SchemaData schemaUrl="#telemetric_weather_station">
		<SimpleData name="OBJECTID">198</SimpleData>
		<SimpleData name="KGISCode">29563054836032300000RDDMCPUSCRTWS0001</SimpleData>
		<SimpleData name="KGISTM_Weather_StationID">102</SimpleData>
		<SimpleData name="DepartmentCode">102</SimpleData>
		<SimpleData name="TM_Weather_StationName">Sirsi</SimpleData>
		<SimpleData name="KGISVillageID">6910</SimpleData>
	</SchemaData></ExtendedData>
      <Point><coordinates>74.8255105908272,14.6214358953994</coordinates></Point>
  </Placemark>
  <Placemark>
	<ExtendedData><SchemaData schemaUrl="#telemetric_weather_station">
		<SimpleData name="OBJECTID">644</SimpleData>
		<SimpleData name="KGISCode">29575055618031810000RDDMCPUSCRTWS0001</SimpleData>
		<SimpleData name="KGISTM_Weather_StationID">103</SimpleData>
		<SimpleData name="DepartmentCode">103</SimpleData>
		<SimpleData name="TM_Weather_StationName">Mangalore</SimpleData>
		<SimpleData name="KGISVillageID">30536</SimpleData>
	</SchemaData></ExtendedData>
      <Point><coordinates>74.838932338292,12.8588809189001</coordinates></Point>
  </Placemark>
  <Placemark>
	<ExtendedData><SchemaData schemaUrl="#telemetric_weather_station">
		<SimpleData name="OBJECTID">23</SimpleData>
		<SimpleData name="KGISCode">29555054408030360000RDDMCPUSCRTWS0001</SimpleData>
		<SimpleData name="KGISTM_Weather_StationID">104</SimpleData>
		<SimpleData name="DepartmentCode">104</SimpleData>
		<SimpleData name="TM_Weather_StationName">Bailahongal</SimpleData>
		<SimpleData name="KGISVillageID">748</SimpleData>
	</SchemaData></ExtendedData>
      <Point><coordinates>74.8592960004589,15.8152510000325</coordinates></Point>
  </Placemark>
  <Placemark>
	<ExtendedData><SchemaData schemaUrl="#telemetric_weather_station">
		<SimpleData name="OBJECTID">207</SimpleData>
		<SimpleData name="KGISCode">29563054868030970000RDDMCPUSCRTWS0001</SimpleData>
		<SimpleData name="KGISTM_Weather_StationID">105</SimpleData>
		<SimpleData name="DepartmentCode">105</SimpleData>
		<SimpleData name="TM_Weather_StationName">Kondli</SimpleData>
		<SimpleData name="KGISVillageID">7217</SimpleData>
	</SchemaData></ExtendedData>
      <Point><coordinates>74.8958979614159,14.3450657921121</coordinates></Point>
  </Placemark>
  <Placemark>
	<ExtendedData><SchemaData schemaUrl="#telemetric_weather_station">
		<SimpleData name="OBJECTID">181</SimpleData>
		<SimpleData name="KGISCode">29562054766024710000RDDMCPUSCRTWS0001</SimpleData>
		<SimpleData name="KGISTM_Weather_StationID">106</SimpleData>
		<SimpleData name="DepartmentCode">106</SimpleData>
		<SimpleData name="TM_Weather_StationName">Kalgatagi</SimpleData>
		<SimpleData name="KGISVillageID">6123</SimpleData>
	</SchemaData></ExtendedData>
      <Point><coordinates>74.9740959996196,15.1823209995513</coordinates></Point>
  </Placemark>
  <Placemark>
	<ExtendedData><SchemaData schemaUrl="#telemetric_weather_station">
		<SimpleData name="OBJECTID">333</SimpleData>
		<SimpleData name="KGISCode">29569055248031420000RDDMCPUSCRTWS0001</SimpleData>
		<SimpleData name="KGISTM_Weather_StationID">107</SimpleData>
		<SimpleData name="DepartmentCode">107</SimpleData>
		<SimpleData name="TM_Weather_StationName">Karkala</SimpleData>
		<SimpleData name="KGISVillageID">12271</SimpleData>
	</SchemaData></ExtendedData>
      <Point><coordinates>74.9965149743324,13.2145216045771</coordinates></Point>
  </Placemark>
  <Placemark>
	<ExtendedData><SchemaData schemaUrl="#telemetric_weather_station">
		<SimpleData name="OBJECTID">438</SimpleData>
		<SimpleData name="KGISCode">29572055428031620000RDDMCPUSCRTWS0001</SimpleData>
		<SimpleData name="KGISTM_Weather_StationID">108</SimpleData>
		<SimpleData name="DepartmentCode">108</SimpleData>
		<SimpleData name="TM_Weather_StationName">Ksndmc Campus-SPT</SimpleData>
		<SimpleData name="KGISVillageID">19141</SimpleData>
	</SchemaData></ExtendedData>
      <Point><coordinates>77.5604761825223,13.0944689052615</coordinates></Point>
  </Placemark>
  <Placemark>
	<ExtendedData><SchemaData schemaUrl="#telemetric_weather_station">
		<SimpleData name="OBJECTID">258</SimpleData>
		<SimpleData name="KGISCode">29566055056055790000RDDMCPUSCRTWS0001</SimpleData>
		<SimpleData name="KGISTM_Weather_StationID">109</SimpleData>
		<SimpleData name="DepartmentCode">109</SimpleData>
		<SimpleData name="TM_Weather_StationName">Ingaldhal</SimpleData>
		<SimpleData name="KGISVillageID">8993</SimpleData>
	</SchemaData></ExtendedData>
      <Point><coordinates>76.4460475787187,14.1956899660731</coordinates></Point>
  </Placemark>
  <Placemark>
	<ExtendedData><SchemaData schemaUrl="#telemetric_weather_station">
		<SimpleData name="OBJECTID">54</SimpleData>
		<SimpleData name="KGISCode">29557054515993040000RDDMCPUSCRTWS0001</SimpleData>
		<SimpleData name="KGISTM_Weather_StationID">11</SimpleData>
		<SimpleData name="DepartmentCode">11</SimpleData>
		<SimpleData name="TM_Weather_StationName">Almel</SimpleData>
		<SimpleData name="KGISVillageID">1941</SimpleData>
	</SchemaData></ExtendedData>
      <Point><coordinates>76.2205549998019,17.0911810000248</coordinates></Point>
  </Placemark>
  <Placemark>
	<ExtendedData><SchemaData schemaUrl="#telemetric_weather_station">
		<SimpleData name="OBJECTID">194</SimpleData>
		<SimpleData name="KGISCode">29563054828030930000RDDMCPUSCRTWS0001</SimpleData>
		<SimpleData name="KGISTM_Weather_StationID">110</SimpleData>
		<SimpleData name="DepartmentCode">110</SimpleData>
		<SimpleData name="TM_Weather_StationName">Mundgod</SimpleData>
		<SimpleData name="KGISVillageID">6684</SimpleData>
	</SchemaData></ExtendedData>
      <Point><coordinates>75.0330099980242,14.9739053267397</coordinates></Point>
  </Placemark>
  <Placemark>
	<ExtendedData><SchemaData schemaUrl="#telemetric_weather_station">
		<SimpleData name="OBJECTID">295</SimpleData>
		<SimpleData name="KGISCode">29568055158031310000RDDMCPUSCRTWS0001</SimpleData>
		<SimpleData name="KGISTM_Weather_StationID">111</SimpleData>
		<SimpleData name="DepartmentCode">111</SimpleData>
		<SimpleData name="TM_Weather_StationName">Sagara</SimpleData>
		<SimpleData name="KGISVillageID">10696</SimpleData>
	</SchemaData></ExtendedData>
      <Point><coordinates>75.029440999909,14.1665660001762</coordinates></Point>
  </Placemark>
  <Placemark>
	<ExtendedData><SchemaData schemaUrl="#telemetric_weather_station">
		<SimpleData name="OBJECTID">6</SimpleData>
		<SimpleData name="KGISCode">29555054345973000000RDDMCPUSCRTWS0001</SimpleData>
		<SimpleData name="KGISTM_Weather_StationID">112</SimpleData>
		<SimpleData name="DepartmentCode">112</SimpleData>
		<SimpleData name="TM_Weather_StationName">Athni</SimpleData>
		<SimpleData name="KGISVillageID">137</SimpleData>
	</SchemaData></ExtendedData>
      <Point><coordinates>75.0652919999189,16.7307720003631</coordinates></Point>
  </Placemark>
  <Placemark>
	<ExtendedData><SchemaData schemaUrl="#telemetric_weather_station">
		<SimpleData name="OBJECTID">580</SimpleData>
		<SimpleData name="KGISCode">29562054756023790000RDDMCPUSCRTWS0001</SimpleData>
		<SimpleData name="KGISTM_Weather_StationID">113</SimpleData>
		<SimpleData name="DepartmentCode">113</SimpleData>
		<SimpleData name="TM_Weather_StationName">Hubli</SimpleData>
		<SimpleData name="KGISVillageID">27665</SimpleData>
	</SchemaData></ExtendedData>
      <Point><coordinates>75.1398490002841,15.3674680000202</coordinates></Point>
  </Placemark>
  <Placemark>
	<ExtendedData><SchemaData schemaUrl="#telemetric_weather_station">
		<SimpleData name="OBJECTID">336</SimpleData>
		<SimpleData name="KGISCode">29570055256089500000RDDMCPUSCRTWS0001</SimpleData>
		<SimpleData name="KGISTM_Weather_StationID">114</SimpleData>
		<SimpleData name="DepartmentCode">114</SimpleData>
		<SimpleData name="TM_Weather_StationName">Sringeri</SimpleData>
		<SimpleData name="KGISVillageID">12325</SimpleData>
	</SchemaData></ExtendedData>
      <Point><coordinates>75.2533179710645,13.4190998954861</coordinates></Point>
  </Placemark>
  <Placemark>
	<ExtendedData><SchemaData schemaUrl="#telemetric_weather_station">
		<SimpleData name="OBJECTID">172</SimpleData>
		<SimpleData name="KGISCode">29561054726021720000RDDMCPUSCRTWS0001</SimpleData>
		<SimpleData name="KGISTM_Weather_StationID">115</SimpleData>
		<SimpleData name="DepartmentCode">115</SimpleData>
		<SimpleData name="TM_Weather_StationName">Mundargi</SimpleData>
		<SimpleData name="KGISVillageID">5855</SimpleData>
	</SchemaData></ExtendedData>
      <Point><coordinates>75.8847499997137,15.2064060001627</coordinates></Point>
  </Placemark>
  <Placemark>
	<ExtendedData><SchemaData schemaUrl="#telemetric_weather_station">
		<SimpleData name="OBJECTID">339</SimpleData>
		<SimpleData name="KGISCode">29570055276090670000RDDMCPUSCRTWS0001</SimpleData>
		<SimpleData name="KGISTM_Weather_StationID">116</SimpleData>
		<SimpleData name="DepartmentCode">116</SimpleData>
		<SimpleData name="TM_Weather_StationName">Narasimharajapura</SimpleData>
		<SimpleData name="KGISVillageID">12421</SimpleData>
	</SchemaData></ExtendedData>
      <Point><coordinates>75.5421537589017,13.5936099974736</coordinates></Point>
  </Placemark>
  <Placemark>
	<ExtendedData><SchemaData schemaUrl="#telemetric_weather_station">
		<SimpleData name="OBJECTID">183</SimpleData>
		<SimpleData name="KGISCode">29562054776025200000RDDMCPUSCRTWS0001</SimpleData>
		<SimpleData name="KGISTM_Weather_StationID">117</SimpleData>
		<SimpleData name="DepartmentCode">117</SimpleData>
		<SimpleData name="TM_Weather_StationName">Kundgol</SimpleData>
		<SimpleData name="KGISVillageID">6188</SimpleData>
	</SchemaData></ExtendedData>
      <Point><coordinates>75.2488900003293,15.2532910003189</coordinates></Point>
  </Placemark>
  <Placemark>
	<ExtendedData><SchemaData schemaUrl="#telemetric_weather_station">
		<SimpleData name="OBJECTID">215</SimpleData>
		<SimpleData name="KGISCode">29564054908031020000RDDMCPUSCRTWS0001</SimpleData>
		<SimpleData name="KGISTM_Weather_StationID">118</SimpleData>
		<SimpleData name="DepartmentCode">118</SimpleData>
		<SimpleData name="TM_Weather_StationName">Savanur</SimpleData>
		<SimpleData name="KGISVillageID">7586</SimpleData>
	</SchemaData></ExtendedData>
      <Point><coordinates>75.3376709997063,14.9748950003436</coordinates></Point>
  </Placemark>
  <Placemark>
	<ExtendedData><SchemaData schemaUrl="#telemetric_weather_station">
		<SimpleData name="OBJECTID">526</SimpleData>
		<SimpleData name="KGISCode">29575055638031840000RDDMCPUSCRTWS0001</SimpleData>
		<SimpleData name="KGISTM_Weather_StationID">119</SimpleData>
		<SimpleData name="DepartmentCode">119</SimpleData>
		<SimpleData name="TM_Weather_StationName">Beltangadi</SimpleData>
		<SimpleData name="KGISVillageID">25353</SimpleData>
	</SchemaData></ExtendedData>
      <Point><coordinates>75.2824073038708,12.9846072056194</coordinates></Point>
  </Placemark>
  <Placemark>
	<ExtendedData><SchemaData schemaUrl="#telemetric_weather_station">
		<SimpleData name="OBJECTID">735</SimpleData>
		<SimpleData name="KGISCode">29574055598031770000RDDMCPUSCRTWS0001</SimpleData>
		<SimpleData name="KGISTM_Weather_StationID">12</SimpleData>
		<SimpleData name="DepartmentCode">12</SimpleData>
		<SimpleData name="TM_Weather_StationName">Holenarasipura</SimpleData>
		<SimpleData name="KGISVillageID">32511</SimpleData>
	</SchemaData></ExtendedData>
      <Point><coordinates>76.2444724243084,12.7880095078175</coordinates></Point>
  </Placemark>
  <Placemark>
	<ExtendedData><SchemaData schemaUrl="#telemetric_weather_station">
		<SimpleData name="OBJECTID">335</SimpleData>
		<SimpleData name="KGISCode">29569055236088500000RDDMCPUSCRTWS0001</SimpleData>
		<SimpleData name="KGISTM_Weather_StationID">120</SimpleData>
		<SimpleData name="DepartmentCode">120</SimpleData>
		<SimpleData name="TM_Weather_StationName">Udupi</SimpleData>
		<SimpleData name="KGISVillageID">12324</SimpleData>
	</SchemaData></ExtendedData>
      <Point><coordinates>74.7491275901626,13.3343284609408</coordinates></Point>
  </Placemark>
  <Placemark>
	<ExtendedData><SchemaData schemaUrl="#telemetric_weather_station">
		<SimpleData name="OBJECTID">303</SimpleData>
		<SimpleData name="KGISCode">29568055178031340000RDDMCPUSCRTWS0001</SimpleData>
		<SimpleData name="KGISTM_Weather_StationID">121</SimpleData>
		<SimpleData name="DepartmentCode">121</SimpleData>
		<SimpleData name="TM_Weather_StationName">Shikaripura</SimpleData>
		<SimpleData name="KGISVillageID">11100</SimpleData>
	</SchemaData></ExtendedData>
      <Point><coordinates>75.3517649998208,14.2741240001493</coordinates></Point>
  </Placemark>
  <Placemark>
	<ExtendedData><SchemaData schemaUrl="#telemetric_weather_station">
		<SimpleData name="OBJECTID">571</SimpleData>
		<SimpleData name="KGISCode">29556054435984360000RDDMCPUSCRTWS0001</SimpleData>
		<SimpleData name="KGISTM_Weather_StationID">122</SimpleData>
		<SimpleData name="DepartmentCode">122</SimpleData>
		<SimpleData name="TM_Weather_StationName">Jamkhandi</SimpleData>
		<SimpleData name="KGISVillageID">27365</SimpleData>
	</SchemaData></ExtendedData>
      <Point><coordinates>75.2915340004347,16.4990039997084</coordinates></Point>
  </Placemark>
  <Placemark>
	<ExtendedData><SchemaData schemaUrl="#telemetric_weather_station">
		<SimpleData name="OBJECTID">619</SimpleData>
		<SimpleData name="KGISCode">29584056086264690000RDDMCPUSCRTWS0001</SimpleData>
		<SimpleData name="KGISTM_Weather_StationID">123</SimpleData>
		<SimpleData name="DepartmentCode">123</SimpleData>
		<SimpleData name="TM_Weather_StationName">Kanakapura</SimpleData>
		<SimpleData name="KGISVillageID">29493</SimpleData>
	</SchemaData></ExtendedData>
      <Point><coordinates>77.4236149998913,12.5473220001058</coordinates></Point>
  </Placemark>
  <Placemark>
	<ExtendedData><SchemaData schemaUrl="#telemetric_weather_station">
		<SimpleData name="OBJECTID">114</SimpleData>
		<SimpleData name="KGISCode">29558054566000560000RDDMCPUSCRTWS0001</SimpleData>
		<SimpleData name="KGISTM_Weather_StationID">124</SimpleData>
		<SimpleData name="DepartmentCode">124</SimpleData>
		<SimpleData name="TM_Weather_StationName">Aurad</SimpleData>
		<SimpleData name="KGISVillageID">3992</SimpleData>
	</SchemaData></ExtendedData>
      <Point><coordinates>77.4158069998045,18.2513330000249</coordinates></Point>
  </Placemark>
  <Placemark>
	<ExtendedData><SchemaData schemaUrl="#telemetric_weather_station">
		<SimpleData name="OBJECTID">506</SimpleData>
		<SimpleData name="KGISCode">29574055576163950000RDDMCPUSCRTWS0001</SimpleData>
		<SimpleData name="KGISTM_Weather_StationID">125</SimpleData>
		<SimpleData name="DepartmentCode">125</SimpleData>
		<SimpleData name="TM_Weather_StationName">Alur</SimpleData>
		<SimpleData name="KGISVillageID">24118</SimpleData>
	</SchemaData></ExtendedData>
      <Point><coordinates>75.993655999669,12.9777009999941</coordinates></Point>
  </Placemark>
  <Placemark>
	<ExtendedData><SchemaData schemaUrl="#telemetric_weather_station">
		<SimpleData name="OBJECTID">448</SimpleData>
		<SimpleData name="KGISCode">29583056018032320000RDDMCPUSCRTWS0001</SimpleData>
		<SimpleData name="KGISTM_Weather_StationID">126</SimpleData>
		<SimpleData name="DepartmentCode">126</SimpleData>
		<SimpleData name="TM_Weather_StationName">Nelamangala</SimpleData>
		<SimpleData name="KGISVillageID">19807</SimpleData>
	</SchemaData></ExtendedData>
      <Point><coordinates>77.3966090004098,13.0964380002223</coordinates></Point>
  </Placemark>
  <Placemark>
	<ExtendedData><SchemaData schemaUrl="#telemetric_weather_station">
		<SimpleData name="OBJECTID">616</SimpleData>
		<SimpleData name="KGISCode">29583056038032350000RDDMCPUSCRTWS0001</SimpleData>
		<SimpleData name="KGISTM_Weather_StationID">127</SimpleData>
		<SimpleData name="DepartmentCode">127</SimpleData>
		<SimpleData name="TM_Weather_StationName">Devanahalli</SimpleData>
		<SimpleData name="KGISVillageID">29315</SimpleData>
	</SchemaData></ExtendedData>
      <Point><coordinates>77.7087950002355,13.2472510003243</coordinates></Point>
  </Placemark>
  <Placemark>
	<ExtendedData><SchemaData schemaUrl="#telemetric_weather_station">
		<SimpleData name="OBJECTID">652</SimpleData>
		<SimpleData name="KGISCode">29576055686180110000RDDMCPUSCRTWS0001</SimpleData>
		<SimpleData name="KGISTM_Weather_StationID">128</SimpleData>
		<SimpleData name="DepartmentCode">128</SimpleData>
		<SimpleData name="TM_Weather_StationName">Virajpet</SimpleData>
		<SimpleData name="KGISVillageID">30798</SimpleData>
	</SchemaData></ExtendedData>
      <Point><coordinates>75.8162562607357,12.2031610998247</coordinates></Point>
  </Placemark>
  <Placemark>
	<ExtendedData><SchemaData schemaUrl="#telemetric_weather_station">
		<SimpleData name="OBJECTID">381</SimpleData>
		<SimpleData name="KGISCode">29571055388031580000RDDMCPUSCRTWS0001</SimpleData>
		<SimpleData name="KGISTM_Weather_StationID">129</SimpleData>
		<SimpleData name="DepartmentCode">129</SimpleData>
		<SimpleData name="TM_Weather_StationName">Gubbi</SimpleData>
		<SimpleData name="KGISVillageID">15026</SimpleData>
	</SchemaData></ExtendedData>
      <Point><coordinates>76.9405849377441,13.3073740429325</coordinates></Point>
  </Placemark>
  <Placemark>
	<ExtendedData><SchemaData schemaUrl="#telemetric_weather_station">
		<SimpleData name="OBJECTID">500</SimpleData>
		<SimpleData name="KGISCode">29574055556156960000RDDMCPUSCRTWS0001</SimpleData>
		<SimpleData name="KGISTM_Weather_StationID">13</SimpleData>
		<SimpleData name="DepartmentCode">13</SimpleData>
		<SimpleData name="TM_Weather_StationName">Arasikere</SimpleData>
		<SimpleData name="KGISVillageID">23617</SimpleData>
	</SchemaData></ExtendedData>
      <Point><coordinates>76.2554799998519,13.3159270003738</coordinates></Point>
  </Placemark>
  <Placemark>
	<ExtendedData><SchemaData schemaUrl="#telemetric_weather_station">
		<SimpleData name="OBJECTID">62</SimpleData>
		<SimpleData name="KGISCode">29579055808032050000RDDMCPUSCRTWS0001</SimpleData>
		<SimpleData name="KGISTM_Weather_StationID">130</SimpleData>
		<SimpleData name="DepartmentCode">130</SimpleData>
		<SimpleData name="TM_Weather_StationName">Aland</SimpleData>
		<SimpleData name="KGISVillageID">2348</SimpleData>
	</SchemaData></ExtendedData>
      <Point><coordinates>76.5678579995348,17.5591279998801</coordinates></Point>
  </Placemark>
  <Placemark>
	<ExtendedData><SchemaData schemaUrl="#telemetric_weather_station">
		<SimpleData name="OBJECTID">313</SimpleData>
		<SimpleData name="KGISCode">29568055206083480000RDDMCPUSCRTWS0001</SimpleData>
		<SimpleData name="KGISTM_Weather_StationID">131</SimpleData>
		<SimpleData name="DepartmentCode">131</SimpleData>
		<SimpleData name="TM_Weather_StationName">Haranahalli</SimpleData>
		<SimpleData name="KGISVillageID">11656</SimpleData>
	</SchemaData></ExtendedData>
      <Point><coordinates>75.4597615063307,14.0441902032257</coordinates></Point>
  </Placemark>
  <Placemark>
	<ExtendedData><SchemaData schemaUrl="#telemetric_weather_station">
		<SimpleData name="OBJECTID">317</SimpleData>
		<SimpleData name="KGISCode">29568055206083120000RDDMCPUSCRTWS0001</SimpleData>
		<SimpleData name="KGISTM_Weather_StationID">132</SimpleData>
		<SimpleData name="DepartmentCode">132</SimpleData>
		<SimpleData name="TM_Weather_StationName">Kumsi</SimpleData>
		<SimpleData name="KGISVillageID">11807</SimpleData>
	</SchemaData></ExtendedData>
      <Point><coordinates>75.3998520574285,14.0513545302117</coordinates></Point>
  </Placemark>
  <Placemark>
	<ExtendedData><SchemaData schemaUrl="#telemetric_weather_station">
		<SimpleData name="OBJECTID">314</SimpleData>
		<SimpleData name="KGISCode">29568055206084590000RDDMCPUSCRTWS0001</SimpleData>
		<SimpleData name="KGISTM_Weather_StationID">133</SimpleData>
		<SimpleData name="DepartmentCode">133</SimpleData>
		<SimpleData name="TM_Weather_StationName">Holalur-2 (B Brilhalli)</SimpleData>
		<SimpleData name="KGISVillageID">11702</SimpleData>
	</SchemaData></ExtendedData>
      <Point><coordinates>75.6756585066754,13.9556428125545</coordinates></Point>
  </Placemark>
  <Placemark>
	<ExtendedData><SchemaData schemaUrl="#telemetric_weather_station">
		<SimpleData name="OBJECTID">297</SimpleData>
		<SimpleData name="KGISCode">29568055166074250000RDDMCPUSCRTWS0001</SimpleData>
		<SimpleData name="KGISTM_Weather_StationID">134</SimpleData>
		<SimpleData name="DepartmentCode">134</SimpleData>
		<SimpleData name="TM_Weather_StationName">Anavatti</SimpleData>
		<SimpleData name="KGISVillageID">10746</SimpleData>
	</SchemaData></ExtendedData>
      <Point><coordinates>75.1522847757186,14.5590839414399</coordinates></Point>
  </Placemark>
  <Placemark>
	<ExtendedData><SchemaData schemaUrl="#telemetric_weather_station">
		<SimpleData name="OBJECTID">708</SimpleData>
		<SimpleData name="KGISCode">29568055166073760000RDDMCPUSCRTWS0001</SimpleData>
		<SimpleData name="KGISTM_Weather_StationID">135</SimpleData>
		<SimpleData name="DepartmentCode">135</SimpleData>
		<SimpleData name="TM_Weather_StationName">Jade</SimpleData>
		<SimpleData name="KGISVillageID">31964</SimpleData>
	</SchemaData></ExtendedData>
      <Point><coordinates>75.0516529999748,14.5744299995724</coordinates></Point>
  </Placemark>
  <Placemark>
	<ExtendedData><SchemaData schemaUrl="#telemetric_weather_station">
		<SimpleData name="OBJECTID">589</SimpleData>
		<SimpleData name="KGISCode">29568055166075640000RDDMCPUSCRTWS0001</SimpleData>
		<SimpleData name="KGISTM_Weather_StationID">136</SimpleData>
		<SimpleData name="DepartmentCode">136</SimpleData>
		<SimpleData name="TM_Weather_StationName">Sorab</SimpleData>
		<SimpleData name="KGISVillageID">28085</SimpleData>
	</SchemaData></ExtendedData>
      <Point><coordinates>75.0977320004061,14.3800580001659</coordinates></Point>
  </Placemark>
  <Placemark>
	<ExtendedData><SchemaData schemaUrl="#telemetric_weather_station">
		<SimpleData name="OBJECTID">298</SimpleData>
		<SimpleData name="KGISCode">29568055166075260000RDDMCPUSCRTWS0001</SimpleData>
		<SimpleData name="KGISTM_Weather_StationID">137</SimpleData>
		<SimpleData name="DepartmentCode">137</SimpleData>
		<SimpleData name="TM_Weather_StationName">Chandragutti</SimpleData>
		<SimpleData name="KGISVillageID">10794</SimpleData>
	</SchemaData></ExtendedData>
      <Point><coordinates>74.9594774276463,14.4323297682508</coordinates></Point>
  </Placemark>
  <Placemark>
	<ExtendedData><SchemaData schemaUrl="#telemetric_weather_station">
		<SimpleData name="OBJECTID">309</SimpleData>
		<SimpleData name="KGISCode">29568055196080790000RDDMCPUSCRTWS0001</SimpleData>
		<SimpleData name="KGISTM_Weather_StationID">138</SimpleData>
		<SimpleData name="DepartmentCode">138</SimpleData>
		<SimpleData name="TM_Weather_StationName">Agrahara (Konanduru)</SimpleData>
		<SimpleData name="KGISVillageID">11424</SimpleData>
	</SchemaData></ExtendedData>
      <Point><coordinates>75.2510180002639,13.8057850003763</coordinates></Point>
  </Placemark>
  <Placemark>
	<ExtendedData><SchemaData schemaUrl="#telemetric_weather_station">
		<SimpleData name="OBJECTID">311</SimpleData>
		<SimpleData name="KGISCode">29568055196081730000RDDMCPUSCRTWS0001</SimpleData>
		<SimpleData name="KGISTM_Weather_StationID">139</SimpleData>
		<SimpleData name="DepartmentCode">139</SimpleData>
		<SimpleData name="TM_Weather_StationName">Mandagadde</SimpleData>
		<SimpleData name="KGISVillageID">11572</SimpleData>
	</SchemaData></ExtendedData>
      <Point><coordinates>75.4611710000827,13.7427619996887</coordinates></Point>
  </Placemark>
  <Placemark>
	<ExtendedData><SchemaData schemaUrl="#telemetric_weather_station">
		<SimpleData name="OBJECTID">264</SimpleData>
		<SimpleData name="KGISCode">29566055076058660000RDDMCPUSCRTWS0001</SimpleData>
		<SimpleData name="KGISTM_Weather_StationID">14</SimpleData>
		<SimpleData name="DepartmentCode">14</SimpleData>
		<SimpleData name="TM_Weather_StationName">Hosadurga</SimpleData>
		<SimpleData name="KGISVillageID">9263</SimpleData>
	</SchemaData></ExtendedData>
      <Point><coordinates>76.2813450003095,13.7968760002401</coordinates></Point>
  </Placemark>
  <Placemark>
	<ExtendedData><SchemaData schemaUrl="#telemetric_weather_station">
		<SimpleData name="OBJECTID">312</SimpleData>
		<SimpleData name="KGISCode">29568055196082390000RDDMCPUSCRTWS0001</SimpleData>
		<SimpleData name="KGISTM_Weather_StationID">140</SimpleData>
		<SimpleData name="DepartmentCode">140</SimpleData>
		<SimpleData name="TM_Weather_StationName">Malur</SimpleData>
		<SimpleData name="KGISVillageID">11627</SimpleData>
	</SchemaData></ExtendedData>
      <Point><coordinates>75.2766299995593,13.6571599996351</coordinates></Point>
  </Placemark>
  <Placemark>
	<ExtendedData><SchemaData schemaUrl="#telemetric_weather_station">
		<SimpleData name="OBJECTID">304</SimpleData>
		<SimpleData name="KGISCode">29568055176077030000RDDMCPUSCRTWS0001</SimpleData>
		<SimpleData name="KGISTM_Weather_StationID">141</SimpleData>
		<SimpleData name="DepartmentCode">141</SimpleData>
		<SimpleData name="TM_Weather_StationName">Talagunda (Togrsi)</SimpleData>
		<SimpleData name="KGISVillageID">11158</SimpleData>
	</SchemaData></ExtendedData>
      <Point><coordinates>75.2097875227172,14.452336578283</coordinates></Point>
  </Placemark>
  <Placemark>
	<ExtendedData><SchemaData schemaUrl="#telemetric_weather_station">
		<SimpleData name="OBJECTID">71</SimpleData>
		<SimpleData name="KGISCode">29579055826203030000RDDMCPUSCRTWS0001</SimpleData>
		<SimpleData name="KGISTM_Weather_StationID">142</SimpleData>
		<SimpleData name="DepartmentCode">142</SimpleData>
		<SimpleData name="TM_Weather_StationName">Farhatabad</SimpleData>
		<SimpleData name="KGISVillageID">2589</SimpleData>
	</SchemaData></ExtendedData>
      <Point><coordinates>76.7910877881961,17.1844600776089</coordinates></Point>
  </Placemark>
  <Placemark>
	<ExtendedData><SchemaData schemaUrl="#telemetric_weather_station">
		<SimpleData name="OBJECTID">88</SimpleData>
		<SimpleData name="KGISCode">29579055866208140000RDDMCPUSCRTWS0001</SimpleData>
		<SimpleData name="KGISTM_Weather_StationID">143</SimpleData>
		<SimpleData name="DepartmentCode">143</SimpleData>
		<SimpleData name="TM_Weather_StationName">Ijeri</SimpleData>
		<SimpleData name="KGISVillageID">3115</SimpleData>
	</SchemaData></ExtendedData>
      <Point><coordinates>76.6987579997797,16.9089330003926</coordinates></Point>
  </Placemark>
  <Placemark>
	<ExtendedData><SchemaData schemaUrl="#telemetric_weather_station">
		<SimpleData name="OBJECTID">403</SimpleData>
		<SimpleData name="KGISCode">29582055986238930000RDDMCPUSCRTWS0001</SimpleData>
		<SimpleData name="KGISTM_Weather_StationID">144</SimpleData>
		<SimpleData name="DepartmentCode">144</SimpleData>
		<SimpleData name="TM_Weather_StationName">Mittemari</SimpleData>
		<SimpleData name="KGISVillageID">16566</SimpleData>
	</SchemaData></ExtendedData>
      <Point><coordinates>77.8670779998297,13.6840230002441</coordinates></Point>
  </Placemark>
  <Placemark>
	<ExtendedData><SchemaData schemaUrl="#telemetric_weather_station">
		<SimpleData name="OBJECTID">404</SimpleData>
		<SimpleData name="KGISCode">29582055986239470000RDDMCPUSCRTWS0001</SimpleData>
		<SimpleData name="KGISTM_Weather_StationID">145</SimpleData>
		<SimpleData name="DepartmentCode">145</SimpleData>
		<SimpleData name="TM_Weather_StationName">Pathapalya</SimpleData>
		<SimpleData name="KGISVillageID">16611</SimpleData>
	</SchemaData></ExtendedData>
      <Point><coordinates>77.9466618012731,13.7554693239231</coordinates></Point>
  </Placemark>
  <Placemark>
	<ExtendedData><SchemaData schemaUrl="#telemetric_weather_station">
		<SimpleData name="OBJECTID">409</SimpleData>
		<SimpleData name="KGISCode">29582056008032310000RDDMCPUSCRTWS0001</SimpleData>
		<SimpleData name="KGISTM_Weather_StationID">146</SimpleData>
		<SimpleData name="DepartmentCode">146</SimpleData>
		<SimpleData name="TM_Weather_StationName">Chintamani</SimpleData>
		<SimpleData name="KGISVillageID">17069</SimpleData>
	</SchemaData></ExtendedData>
      <Point><coordinates>78.0551611968112,13.3986956849325</coordinates></Point>
  </Placemark>
  <Placemark>
	<ExtendedData><SchemaData schemaUrl="#telemetric_weather_station">
		<SimpleData name="OBJECTID">410</SimpleData>
		<SimpleData name="KGISCode">29582056006244190000RDDMCPUSCRTWS0001</SimpleData>
		<SimpleData name="KGISTM_Weather_StationID">147</SimpleData>
		<SimpleData name="DepartmentCode">147</SimpleData>
		<SimpleData name="TM_Weather_StationName">Irangapalli (Munganahalli)</SimpleData>
		<SimpleData name="KGISVillageID">17148</SimpleData>
	</SchemaData></ExtendedData>
      <Point><coordinates>78.1326388718865,13.5375285151708</coordinates></Point>
  </Placemark>
  <Placemark>
	<ExtendedData><SchemaData schemaUrl="#telemetric_weather_station">
		<SimpleData name="OBJECTID">411</SimpleData>
		<SimpleData name="KGISCode">29582056006244950000RDDMCPUSCRTWS0001</SimpleData>
		<SimpleData name="KGISTM_Weather_StationID">148</SimpleData>
		<SimpleData name="DepartmentCode">148</SimpleData>
		<SimpleData name="TM_Weather_StationName">Murugamale (Chelmakate)</SimpleData>
		<SimpleData name="KGISVillageID">17249</SimpleData>
	</SchemaData></ExtendedData>
      <Point><coordinates>78.1284459997315,13.436950000044</coordinates></Point>
  </Placemark>
  <Placemark>
	<ExtendedData><SchemaData schemaUrl="#telemetric_weather_station">
		<SimpleData name="OBJECTID">406</SimpleData>
		<SimpleData name="KGISCode">29582055996240340000RDDMCPUSCRTWS0001</SimpleData>
		<SimpleData name="KGISTM_Weather_StationID">149</SimpleData>
		<SimpleData name="DepartmentCode">149</SimpleData>
		<SimpleData name="TM_Weather_StationName">Sadli</SimpleData>
		<SimpleData name="KGISVillageID">16871</SimpleData>
	</SchemaData></ExtendedData>
      <Point><coordinates>77.8680608810412,13.6249506212122</coordinates></Point>
  </Placemark>
  <Placemark>
	<ExtendedData><SchemaData schemaUrl="#telemetric_weather_station">
		<SimpleData name="OBJECTID">248</SimpleData>
		<SimpleData name="KGISCode">29565055028031160000RDDMCPUSCRTWS0001</SimpleData>
		<SimpleData name="KGISTM_Weather_StationID">15</SimpleData>
		<SimpleData name="DepartmentCode">15</SimpleData>
		<SimpleData name="TM_Weather_StationName">Kudligi</SimpleData>
		<SimpleData name="KGISVillageID">8579</SimpleData>
	</SchemaData></ExtendedData>
      <Point><coordinates>76.3870320000103,14.9033770001878</coordinates></Point>
  </Placemark>
  <Placemark>
	<ExtendedData><SchemaData schemaUrl="#telemetric_weather_station">
		<SimpleData name="OBJECTID">641</SimpleData>
		<SimpleData name="KGISCode">29563054886038190000RDDMCPUSCRTWS0001</SimpleData>
		<SimpleData name="KGISTM_Weather_StationID">150</SimpleData>
		<SimpleData name="DepartmentCode">150</SimpleData>
		<SimpleData name="TM_Weather_StationName">Mavalli</SimpleData>
		<SimpleData name="KGISVillageID">30489</SimpleData>
	</SchemaData></ExtendedData>
      <Point><coordinates>74.4897421415317,14.0957541852394</coordinates></Point>
  </Placemark>
  <Placemark>
	<ExtendedData><SchemaData schemaUrl="#telemetric_weather_station">
		<SimpleData name="OBJECTID">210</SimpleData>
		<SimpleData name="KGISCode">29563054876037960000RDDMCPUSCRTWS0001</SimpleData>
		<SimpleData name="KGISTM_Weather_StationID">151</SimpleData>
		<SimpleData name="DepartmentCode">151</SimpleData>
		<SimpleData name="TM_Weather_StationName">Mavinakurva</SimpleData>
		<SimpleData name="KGISVillageID">7384</SimpleData>
	</SchemaData></ExtendedData>
      <Point><coordinates>74.515501581038,14.2593309608854</coordinates></Point>
  </Placemark>
  <Placemark>
	<ExtendedData><SchemaData schemaUrl="#telemetric_weather_station">
		<SimpleData name="OBJECTID">204</SimpleData>
		<SimpleData name="KGISCode">29563054856035040000RDDMCPUSCRTWS0001</SimpleData>
		<SimpleData name="KGISTM_Weather_StationID">152</SimpleData>
		<SimpleData name="DepartmentCode">152</SimpleData>
		<SimpleData name="TM_Weather_StationName">Kujahalli</SimpleData>
		<SimpleData name="KGISVillageID">7075</SimpleData>
	</SchemaData></ExtendedData>
      <Point><coordinates>74.5366046453944,14.4352156236279</coordinates></Point>
  </Placemark>
  <Placemark>
	<ExtendedData><SchemaData schemaUrl="#telemetric_weather_station">
		<SimpleData name="OBJECTID">638</SimpleData>
		<SimpleData name="KGISCode">29563054796026390000RDDMCPUSCRTWS0001</SimpleData>
		<SimpleData name="KGISTM_Weather_StationID">153</SimpleData>
		<SimpleData name="DepartmentCode">153</SimpleData>
		<SimpleData name="TM_Weather_StationName">Kyasalrock</SimpleData>
		<SimpleData name="KGISVillageID">30442</SimpleData>
	</SchemaData></ExtendedData>
      <Point><coordinates>74.3360810003823,15.3972490000124</coordinates></Point>
  </Placemark>
  <Placemark>
	<ExtendedData><SchemaData schemaUrl="#telemetric_weather_station">
		<SimpleData name="OBJECTID">209</SimpleData>
		<SimpleData name="KGISCode">29563054878030980000RDDMCPUSCRTWS0001</SimpleData>
		<SimpleData name="KGISTM_Weather_StationID">154</SimpleData>
		<SimpleData name="DepartmentCode">154</SimpleData>
		<SimpleData name="TM_Weather_StationName">Honnavar</SimpleData>
		<SimpleData name="KGISVillageID">7303</SimpleData>
	</SchemaData></ExtendedData>
      <Point><coordinates>74.4433039998679,14.2781370001478</coordinates></Point>
  </Placemark>
  <Placemark>
	<ExtendedData><SchemaData schemaUrl="#telemetric_weather_station">
		<SimpleData name="OBJECTID">590</SimpleData>
		<SimpleData name="KGISCode">29570055266089820000RDDMCPUSCRTWS0001</SimpleData>
		<SimpleData name="KGISTM_Weather_StationID">155</SimpleData>
		<SimpleData name="DepartmentCode">155</SimpleData>
		<SimpleData name="TM_Weather_StationName">Hariharapura</SimpleData>
		<SimpleData name="KGISVillageID">28171</SimpleData>
	</SchemaData></ExtendedData>
      <Point><coordinates>75.3029806699857,13.5214102502716</coordinates></Point>
  </Placemark>
  <Placemark>
	<ExtendedData><SchemaData schemaUrl="#telemetric_weather_station">
		<SimpleData name="OBJECTID">338</SimpleData>
		<SimpleData name="KGISCode">29570055266090240000RDDMCPUSCRTWS0001</SimpleData>
		<SimpleData name="KGISTM_Weather_StationID">156</SimpleData>
		<SimpleData name="DepartmentCode">156</SimpleData>
		<SimpleData name="TM_Weather_StationName">Megunda</SimpleData>
		<SimpleData name="KGISVillageID">12385</SimpleData>
	</SchemaData></ExtendedData>
      <Point><coordinates>75.3761584714457,13.4040730209465</coordinates></Point>
  </Placemark>
  <Placemark>
	<ExtendedData><SchemaData schemaUrl="#telemetric_weather_station">
		<SimpleData name="OBJECTID">643</SimpleData>
		<SimpleData name="KGISCode">29570055316098980000RDDMCPUSCRTWS0001</SimpleData>
		<SimpleData name="KGISTM_Weather_StationID">157</SimpleData>
		<SimpleData name="DepartmentCode">157</SimpleData>
		<SimpleData name="TM_Weather_StationName">Kalasa</SimpleData>
		<SimpleData name="KGISVillageID">30530</SimpleData>
	</SchemaData></ExtendedData>
      <Point><coordinates>75.3608070004163,13.2318440000786</coordinates></Point>
  </Placemark>
  <Placemark>
	<ExtendedData><SchemaData schemaUrl="#telemetric_weather_station">
		<SimpleData name="OBJECTID">665</SimpleData>
		<SimpleData name="KGISCode">29570055276090970000RDDMCPUSCRTWS0001</SimpleData>
		<SimpleData name="KGISTM_Weather_StationID">158</SimpleData>
		<SimpleData name="DepartmentCode">158</SimpleData>
		<SimpleData name="TM_Weather_StationName">Balehonur</SimpleData>
		<SimpleData name="KGISVillageID">31167</SimpleData>
	</SchemaData></ExtendedData>
      <Point><coordinates>75.4657550002187,13.3467729997514</coordinates></Point>
  </Placemark>
  <Placemark>
	<ExtendedData><SchemaData schemaUrl="#telemetric_weather_station">
		<SimpleData name="OBJECTID">348</SimpleData>
		<SimpleData name="KGISCode">29570055306098560000RDDMCPUSCRTWS0001</SimpleData>
		<SimpleData name="KGISTM_Weather_StationID">159</SimpleData>
		<SimpleData name="DepartmentCode">159</SimpleData>
		<SimpleData name="TM_Weather_StationName">Aldur</SimpleData>
		<SimpleData name="KGISVillageID">12959</SimpleData>
	</SchemaData></ExtendedData>
      <Point><coordinates>75.6568100001203,13.2442999997724</coordinates></Point>
  </Placemark>
  <Placemark>
	<ExtendedData><SchemaData schemaUrl="#telemetric_weather_station">
		<SimpleData name="OBJECTID">629</SimpleData>
		<SimpleData name="KGISCode">29574055606174220000RDDMCPUSCRTWS0001</SimpleData>
		<SimpleData name="KGISTM_Weather_StationID">16</SimpleData>
		<SimpleData name="DepartmentCode">16</SimpleData>
		<SimpleData name="TM_Weather_StationName">Shravanabelgola</SimpleData>
		<SimpleData name="KGISVillageID">29970</SimpleData>
	</SchemaData></ExtendedData>
      <Point><coordinates>76.4852929998038,12.854707999964</coordinates></Point>
  </Placemark>
  <Placemark>
	<ExtendedData><SchemaData schemaUrl="#telemetric_weather_station">
		<SimpleData name="OBJECTID">355</SimpleData>
		<SimpleData name="KGISCode">29570055306098290000RDDMCPUSCRTWS0001</SimpleData>
		<SimpleData name="KGISTM_Weather_StationID">160</SimpleData>
		<SimpleData name="DepartmentCode">160</SimpleData>
		<SimpleData name="TM_Weather_StationName">Vastare</SimpleData>
		<SimpleData name="KGISVillageID">13177</SimpleData>
	</SchemaData></ExtendedData>
      <Point><coordinates>75.7114959996444,13.2662829998531</coordinates></Point>
  </Placemark>
  <Placemark>
	<ExtendedData><SchemaData schemaUrl="#telemetric_weather_station">
		<SimpleData name="OBJECTID">592</SimpleData>
		<SimpleData name="KGISCode">29570055296094040000RDDMCPUSCRTWS0001</SimpleData>
		<SimpleData name="KGISTM_Weather_StationID">161</SimpleData>
		<SimpleData name="DepartmentCode">161</SimpleData>
		<SimpleData name="TM_Weather_StationName">Hirenallur</SimpleData>
		<SimpleData name="KGISVillageID">28220</SimpleData>
	</SchemaData></ExtendedData>
      <Point><coordinates>76.043223000215,13.6688620002778</coordinates></Point>
  </Placemark>
  <Placemark>
	<ExtendedData><SchemaData schemaUrl="#telemetric_weather_station">
		<SimpleData name="OBJECTID">347</SimpleData>
		<SimpleData name="KGISCode">29570055296094570000RDDMCPUSCRTWS0001</SimpleData>
		<SimpleData name="KGISTM_Weather_StationID">162</SimpleData>
		<SimpleData name="DepartmentCode">162</SimpleData>
		<SimpleData name="TM_Weather_StationName">Yagati</SimpleData>
		<SimpleData name="KGISVillageID">12931</SimpleData>
	</SchemaData></ExtendedData>
      <Point><coordinates>76.1502080000567,13.6122040002408</coordinates></Point>
  </Placemark>
  <Placemark>
	<ExtendedData><SchemaData schemaUrl="#telemetric_weather_station">
		<SimpleData name="OBJECTID">356</SimpleData>
		<SimpleData name="KGISCode">29570055316099280000RDDMCPUSCRTWS0001</SimpleData>
		<SimpleData name="KGISTM_Weather_StationID">163</SimpleData>
		<SimpleData name="DepartmentCode">163</SimpleData>
		<SimpleData name="TM_Weather_StationName">Banakal</SimpleData>
		<SimpleData name="KGISVillageID">13206</SimpleData>
	</SchemaData></ExtendedData>
      <Point><coordinates>75.5513221337638,13.1350389257657</coordinates></Point>
  </Placemark>
  <Placemark>
	<ExtendedData><SchemaData schemaUrl="#telemetric_weather_station">
		<SimpleData name="OBJECTID">664</SimpleData>
		<SimpleData name="KGISCode">29570055316100060000RDDMCPUSCRTWS0001</SimpleData>
		<SimpleData name="KGISTM_Weather_StationID">164</SimpleData>
		<SimpleData name="DepartmentCode">164</SimpleData>
		<SimpleData name="TM_Weather_StationName">Gonibeedu</SimpleData>
		<SimpleData name="KGISVillageID">31155</SimpleData>
	</SchemaData></ExtendedData>
      <Point><coordinates>75.701135999778,13.0826480000107</coordinates></Point>
  </Placemark>
  <Placemark>
	<ExtendedData><SchemaData schemaUrl="#telemetric_weather_station">
		<SimpleData name="OBJECTID">595</SimpleData>
		<SimpleData name="KGISCode">29570055316099220000RDDMCPUSCRTWS0001</SimpleData>
		<SimpleData name="KGISTM_Weather_StationID">165</SimpleData>
		<SimpleData name="DepartmentCode">165</SimpleData>
		<SimpleData name="TM_Weather_StationName">Javali</SimpleData>
		<SimpleData name="KGISVillageID">28269</SimpleData>
	</SchemaData></ExtendedData>
      <Point><coordinates>75.4836729655138,13.1701923656005</coordinates></Point>
  </Placemark>
  <Placemark>
	<ExtendedData><SchemaData schemaUrl="#telemetric_weather_station">
		<SimpleData name="OBJECTID">341</SimpleData>
		<SimpleData name="KGISCode">29570055286091880000RDDMCPUSCRTWS0001</SimpleData>
		<SimpleData name="KGISTM_Weather_StationID">166</SimpleData>
		<SimpleData name="DepartmentCode">166</SimpleData>
		<SimpleData name="TM_Weather_StationName">Amrutapura</SimpleData>
		<SimpleData name="KGISVillageID">12489</SimpleData>
	</SchemaData></ExtendedData>
      <Point><coordinates>75.8538590004582,13.7395150000648</coordinates></Point>
  </Placemark>
  <Placemark>
	<ExtendedData><SchemaData schemaUrl="#telemetric_weather_station">
		<SimpleData name="OBJECTID">736</SimpleData>
		<SimpleData name="KGISCode">29574055606170470000RDDMCPUSCRTWS0001</SimpleData>
		<SimpleData name="KGISTM_Weather_StationID">167</SimpleData>
		<SimpleData name="DepartmentCode">167</SimpleData>
		<SimpleData name="TM_Weather_StationName">Dandiganahalli</SimpleData>
		<SimpleData name="KGISVillageID">32514</SimpleData>
	</SchemaData></ExtendedData>
      <Point><coordinates>76.2826550004524,12.9665999999175</coordinates></Point>
  </Placemark>
  <Placemark>
	<ExtendedData><SchemaData schemaUrl="#telemetric_weather_station">
		<SimpleData name="OBJECTID">516</SimpleData>
		<SimpleData name="KGISCode">29574055606173340000RDDMCPUSCRTWS0001</SimpleData>
		<SimpleData name="KGISTM_Weather_StationID">168</SimpleData>
		<SimpleData name="DepartmentCode">168</SimpleData>
		<SimpleData name="TM_Weather_StationName">Hirisave</SimpleData>
		<SimpleData name="KGISVillageID">24958</SimpleData>
	</SchemaData></ExtendedData>
      <Point><coordinates>76.5778109996878,12.9498110001377</coordinates></Point>
  </Placemark>
  <Placemark>
	<ExtendedData><SchemaData schemaUrl="#telemetric_weather_station">
		<SimpleData name="OBJECTID">517</SimpleData>
		<SimpleData name="KGISCode">29574055606172690000RDDMCPUSCRTWS0001</SimpleData>
		<SimpleData name="KGISTM_Weather_StationID">169</SimpleData>
		<SimpleData name="DepartmentCode">169</SimpleData>
		<SimpleData name="TM_Weather_StationName">Nuggehalli</SimpleData>
		<SimpleData name="KGISVillageID">25073</SimpleData>
	</SchemaData></ExtendedData>
      <Point><coordinates>76.476729000156,13.0084529998296</coordinates></Point>
  </Placemark>
  <Placemark>
	<ExtendedData><SchemaData schemaUrl="#telemetric_weather_station">
		<SimpleData name="OBJECTID">691</SimpleData>
		<SimpleData name="KGISCode">29559054598030640000RDDMCPUSCRTWS0001</SimpleData>
		<SimpleData name="KGISTM_Weather_StationID">17</SimpleData>
		<SimpleData name="DepartmentCode">17</SimpleData>
		<SimpleData name="TM_Weather_StationName">Lingsugur</SimpleData>
		<SimpleData name="KGISVillageID">31817</SimpleData>
	</SchemaData></ExtendedData>
      <Point><coordinates>76.5224340004622,16.1560689999011</coordinates></Point>
  </Placemark>
  <Placemark>
	<ExtendedData><SchemaData schemaUrl="#telemetric_weather_station">
		<SimpleData name="OBJECTID">673</SimpleData>
		<SimpleData name="KGISCode">29574055608031780000RDDMCPUSCRTWS0001</SimpleData>
		<SimpleData name="KGISTM_Weather_StationID">170</SimpleData>
		<SimpleData name="DepartmentCode">170</SimpleData>
		<SimpleData name="TM_Weather_StationName">Channarayapatna</SimpleData>
		<SimpleData name="KGISVillageID">31332</SimpleData>
	</SchemaData></ExtendedData>
      <Point><coordinates>76.3895760000398,12.9024849997382</coordinates></Point>
  </Placemark>
  <Placemark>
	<ExtendedData><SchemaData schemaUrl="#telemetric_weather_station">
		<SimpleData name="OBJECTID">504</SimpleData>
		<SimpleData name="KGISCode">29574055566161940000RDDMCPUSCRTWS0001</SimpleData>
		<SimpleData name="KGISTM_Weather_StationID">171</SimpleData>
		<SimpleData name="DepartmentCode">171</SimpleData>
		<SimpleData name="TM_Weather_StationName">Shanthigrama</SimpleData>
		<SimpleData name="KGISVillageID">24044</SimpleData>
	</SchemaData></ExtendedData>
      <Point><coordinates>76.2178609997202,12.9846039997428</coordinates></Point>
  </Placemark>
  <Placemark>
	<ExtendedData><SchemaData schemaUrl="#telemetric_weather_station">
		<SimpleData name="OBJECTID">503</SimpleData>
		<SimpleData name="KGISCode">29574055566158920000RDDMCPUSCRTWS0001</SimpleData>
		<SimpleData name="KGISTM_Weather_StationID">172</SimpleData>
		<SimpleData name="DepartmentCode">172</SimpleData>
		<SimpleData name="TM_Weather_StationName">Salagame</SimpleData>
		<SimpleData name="KGISVillageID">23959</SimpleData>
	</SchemaData></ExtendedData>
      <Point><coordinates>76.0894670002222,13.0810290003533</coordinates></Point>
  </Placemark>
  <Placemark>
	<ExtendedData><SchemaData schemaUrl="#telemetric_weather_station">
		<SimpleData name="OBJECTID">189</SimpleData>
		<SimpleData name="KGISCode">29563054808030910000RDDMCPUSCRTWS0001</SimpleData>
		<SimpleData name="KGISTM_Weather_StationID">173</SimpleData>
		<SimpleData name="DepartmentCode">173</SimpleData>
		<SimpleData name="TM_Weather_StationName">Haliyal</SimpleData>
		<SimpleData name="KGISVillageID">6473</SimpleData>
	</SchemaData></ExtendedData>
      <Point><coordinates>74.7634339995432,15.3287159999989</coordinates></Point>
  </Placemark>
  <Placemark>
	<ExtendedData><SchemaData schemaUrl="#telemetric_weather_station">
		<SimpleData name="OBJECTID">190</SimpleData>
		<SimpleData name="KGISCode">29563054806028670000RDDMCPUSCRTWS0001</SimpleData>
		<SimpleData name="KGISTM_Weather_StationID">174</SimpleData>
		<SimpleData name="DepartmentCode">174</SimpleData>
		<SimpleData name="TM_Weather_StationName">Murkwad</SimpleData>
		<SimpleData name="KGISVillageID">6509</SimpleData>
	</SchemaData></ExtendedData>
      <Point><coordinates>74.8337190001119,15.2766540001388</coordinates></Point>
  </Placemark>
  <Placemark>
	<ExtendedData><SchemaData schemaUrl="#telemetric_weather_station">
		<SimpleData name="OBJECTID">191</SimpleData>
		<SimpleData name="KGISCode">29563054806028190000RDDMCPUSCRTWS0001</SimpleData>
		<SimpleData name="KGISTM_Weather_StationID">175</SimpleData>
		<SimpleData name="DepartmentCode">175</SimpleData>
		<SimpleData name="TM_Weather_StationName">Sambrani</SimpleData>
		<SimpleData name="KGISVillageID">6538</SimpleData>
	</SchemaData></ExtendedData>
      <Point><coordinates>74.7622830003096,15.2413620000014</coordinates></Point>
  </Placemark>
  <Placemark>
	<ExtendedData><SchemaData schemaUrl="#telemetric_weather_station">
		<SimpleData name="OBJECTID">663</SimpleData>
		<SimpleData name="KGISCode">29563054796027160000RDDMCPUSCRTWS0001</SimpleData>
		<SimpleData name="KGISTM_Weather_StationID">176</SimpleData>
		<SimpleData name="DepartmentCode">176</SimpleData>
		<SimpleData name="TM_Weather_StationName">Kumbarwada</SimpleData>
		<SimpleData name="KGISVillageID">31135</SimpleData>
	</SchemaData></ExtendedData>
      <Point><coordinates>74.4064649999696,15.1271810002051</coordinates></Point>
  </Placemark>
  <Placemark>
	<ExtendedData><SchemaData schemaUrl="#telemetric_weather_station">
		<SimpleData name="OBJECTID">187</SimpleData>
		<SimpleData name="KGISCode">29563054799696960000RDDMCPUSCRTWS0001</SimpleData>
		<SimpleData name="KGISTM_Weather_StationID">177</SimpleData>
		<SimpleData name="DepartmentCode">177</SimpleData>
		<SimpleData name="TM_Weather_StationName">Supa</SimpleData>
		<SimpleData name="KGISVillageID">6335</SimpleData>
	</SchemaData></ExtendedData>
      <Point><coordinates>74.5275830216388,15.2748636240391</coordinates></Point>
  </Placemark>
  <Placemark>
	<ExtendedData><SchemaData schemaUrl="#telemetric_weather_station">
		<SimpleData name="OBJECTID">326</SimpleData>
		<SimpleData name="KGISCode">29569055226086610000RDDMCPUSCRTWS0001</SimpleData>
		<SimpleData name="KGISTM_Weather_StationID">178</SimpleData>
		<SimpleData name="DepartmentCode">178</SimpleData>
		<SimpleData name="TM_Weather_StationName">Bynduru</SimpleData>
		<SimpleData name="KGISVillageID">12052</SimpleData>
	</SchemaData></ExtendedData>
      <Point><coordinates>74.6312340003776,13.8644529996749</coordinates></Point>
  </Placemark>
  <Placemark>
	<ExtendedData><SchemaData schemaUrl="#telemetric_weather_station">
		<SimpleData name="OBJECTID">507</SimpleData>
		<SimpleData name="KGISCode">29574055576164370000RDDMCPUSCRTWS0001</SimpleData>
		<SimpleData name="KGISTM_Weather_StationID">179</SimpleData>
		<SimpleData name="DepartmentCode">179</SimpleData>
		<SimpleData name="TM_Weather_StationName">Kundur</SimpleData>
		<SimpleData name="KGISVillageID">24191</SimpleData>
	</SchemaData></ExtendedData>
      <Point><coordinates>75.9730720000932,12.8622140002729</coordinates></Point>
  </Placemark>
  <Placemark>
	<ExtendedData><SchemaData schemaUrl="#telemetric_weather_station">
		<SimpleData name="OBJECTID">268</SimpleData>
		<SimpleData name="KGISCode">29566055086061400000RDDMCPUSCRTWS0001</SimpleData>
		<SimpleData name="KGISTM_Weather_StationID">18</SimpleData>
		<SimpleData name="DepartmentCode">18</SimpleData>
		<SimpleData name="TM_Weather_StationName">Hiriyur</SimpleData>
		<SimpleData name="KGISVillageID">9574</SimpleData>
	</SchemaData></ExtendedData>
      <Point><coordinates>76.6133770004341,13.9613630002745</coordinates></Point>
  </Placemark>
  <Placemark>
	<ExtendedData><SchemaData schemaUrl="#telemetric_weather_station">
		<SimpleData name="OBJECTID">511</SimpleData>
		<SimpleData name="KGISCode">29574055586166350000RDDMCPUSCRTWS0001</SimpleData>
		<SimpleData name="KGISTM_Weather_StationID">180</SimpleData>
		<SimpleData name="DepartmentCode">180</SimpleData>
		<SimpleData name="TM_Weather_StationName">Doddamagge</SimpleData>
		<SimpleData name="KGISVillageID">24440</SimpleData>
	</SchemaData></ExtendedData>
      <Point><coordinates>76.0842109997235,12.6912749998335</coordinates></Point>
  </Placemark>
  <Placemark>
	<ExtendedData><SchemaData schemaUrl="#telemetric_weather_station">
		<SimpleData name="OBJECTID">512</SimpleData>
		<SimpleData name="KGISCode">29574055586164960000RDDMCPUSCRTWS0001</SimpleData>
		<SimpleData name="KGISTM_Weather_StationID">181</SimpleData>
		<SimpleData name="DepartmentCode">181</SimpleData>
		<SimpleData name="TM_Weather_StationName">Mallipatna</SimpleData>
		<SimpleData name="KGISVillageID">24517</SimpleData>
	</SchemaData></ExtendedData>
      <Point><coordinates>75.9573548332117,12.7554067778099</coordinates></Point>
  </Placemark>
  <Placemark>
	<ExtendedData><SchemaData schemaUrl="#telemetric_weather_station">
		<SimpleData name="OBJECTID">513</SimpleData>
		<SimpleData name="KGISCode">29574055586167510000RDDMCPUSCRTWS0001</SimpleData>
		<SimpleData name="KGISTM_Weather_StationID">182</SimpleData>
		<SimpleData name="DepartmentCode">182</SimpleData>
		<SimpleData name="TM_Weather_StationName">Ramanathapura</SimpleData>
		<SimpleData name="KGISVillageID">24576</SimpleData>
	</SchemaData></ExtendedData>
      <Point><coordinates>76.0954729999151,12.6121970000767</coordinates></Point>
  </Placemark>
  <Placemark>
	<ExtendedData><SchemaData schemaUrl="#telemetric_weather_station">
		<SimpleData name="OBJECTID">299</SimpleData>
		<SimpleData name="KGISCode">29568055166074840000RDDMCPUSCRTWS0001</SimpleData>
		<SimpleData name="KGISTM_Weather_StationID">183</SimpleData>
		<SimpleData name="DepartmentCode">183</SimpleData>
		<SimpleData name="TM_Weather_StationName">Kuppagadde</SimpleData>
		<SimpleData name="KGISVillageID">10938</SimpleData>
	</SchemaData></ExtendedData>
      <Point><coordinates>75.1122369999576,14.4758450003903</coordinates></Point>
  </Placemark>
  <Placemark>
	<ExtendedData><SchemaData schemaUrl="#telemetric_weather_station">
		<SimpleData name="OBJECTID">655</SimpleData>
		<SimpleData name="KGISCode">29576055686180630000RDDMCPUSCRTWS0001</SimpleData>
		<SimpleData name="KGISTM_Weather_StationID">184</SimpleData>
		<SimpleData name="DepartmentCode">184</SimpleData>
		<SimpleData name="TM_Weather_StationName">Hudikeri</SimpleData>
		<SimpleData name="KGISVillageID">30835</SimpleData>
	</SchemaData></ExtendedData>
      <Point><coordinates>75.9424659854205,12.0824633960747</coordinates></Point>
  </Placemark>
  <Placemark>
	<ExtendedData><SchemaData schemaUrl="#telemetric_weather_station">
		<SimpleData name="OBJECTID">651</SimpleData>
		<SimpleData name="KGISCode">29576055686180310000RDDMCPUSCRTWS0001</SimpleData>
		<SimpleData name="KGISTM_Weather_StationID">185</SimpleData>
		<SimpleData name="DepartmentCode">185</SimpleData>
		<SimpleData name="TM_Weather_StationName">Ammatti</SimpleData>
		<SimpleData name="KGISVillageID">30784</SimpleData>
	</SchemaData></ExtendedData>
      <Point><coordinates>75.8573816006131,12.2377822505403</coordinates></Point>
  </Placemark>
  <Placemark>
	<ExtendedData><SchemaData schemaUrl="#telemetric_weather_station">
		<SimpleData name="OBJECTID">653</SimpleData>
		<SimpleData name="KGISCode">29576055686180870000RDDMCPUSCRTWS0001</SimpleData>
		<SimpleData name="KGISTM_Weather_StationID">186</SimpleData>
		<SimpleData name="DepartmentCode">186</SimpleData>
		<SimpleData name="TM_Weather_StationName">Balale</SimpleData>
		<SimpleData name="KGISVillageID">30813</SimpleData>
	</SchemaData></ExtendedData>
      <Point><coordinates>76.05062487068,12.1366255920578</coordinates></Point>
  </Placemark>
  <Placemark>
	<ExtendedData><SchemaData schemaUrl="#telemetric_weather_station">
		<SimpleData name="OBJECTID">657</SimpleData>
		<SimpleData name="KGISCode">29576055678031890000RDDMCPUSCRTWS0001</SimpleData>
		<SimpleData name="KGISTM_Weather_StationID">187</SimpleData>
		<SimpleData name="DepartmentCode">187</SimpleData>
		<SimpleData name="TM_Weather_StationName">Kushalanagara</SimpleData>
		<SimpleData name="KGISVillageID">30859</SimpleData>
	</SchemaData></ExtendedData>
      <Point><coordinates>75.9609528408344,12.454204927483</coordinates></Point>
  </Placemark>
  <Placemark>
	<ExtendedData><SchemaData schemaUrl="#telemetric_weather_station">
		<SimpleData name="OBJECTID">591</SimpleData>
		<SimpleData name="KGISCode">29570055286092490000RDDMCPUSCRTWS0001</SimpleData>
		<SimpleData name="KGISTM_Weather_StationID">188</SimpleData>
		<SimpleData name="DepartmentCode">188</SimpleData>
		<SimpleData name="TM_Weather_StationName">Shivani</SimpleData>
		<SimpleData name="KGISVillageID">28210</SimpleData>
	</SchemaData></ExtendedData>
      <Point><coordinates>76.032725999569,13.8166459997646</coordinates></Point>
  </Placemark>
  <Placemark>
	<ExtendedData><SchemaData schemaUrl="#telemetric_weather_station">
		<SimpleData name="OBJECTID">323</SimpleData>
		<SimpleData name="KGISCode">29568055216086280000RDDMCPUSCRTWS0001</SimpleData>
		<SimpleData name="KGISTM_Weather_StationID">189</SimpleData>
		<SimpleData name="DepartmentCode">189</SimpleData>
		<SimpleData name="TM_Weather_StationName">Bhadravathi-2 (Barandu)</SimpleData>
		<SimpleData name="KGISVillageID">11939</SimpleData>
	</SchemaData></ExtendedData>
      <Point><coordinates>75.7316114424602,13.7988172282993</coordinates></Point>
  </Placemark>
  <Placemark>
	<ExtendedData><SchemaData schemaUrl="#telemetric_weather_station">
		<SimpleData name="OBJECTID">360</SimpleData>
		<SimpleData name="KGISCode">29571055326102120000RDDMCPUSCRTWS0001</SimpleData>
		<SimpleData name="KGISTM_Weather_StationID">19</SimpleData>
		<SimpleData name="DepartmentCode">19</SimpleData>
		<SimpleData name="TM_Weather_StationName">Chikkanayakanahalli</SimpleData>
		<SimpleData name="KGISVillageID">13464</SimpleData>
	</SchemaData></ExtendedData>
      <Point><coordinates>76.6206509995582,13.4180220003464</coordinates></Point>
  </Placemark>
  <Placemark>
	<ExtendedData><SchemaData schemaUrl="#telemetric_weather_station">
		<SimpleData name="OBJECTID">324</SimpleData>
		<SimpleData name="KGISCode">29568055218031380000RDDMCPUSCRTWS0001</SimpleData>
		<SimpleData name="KGISTM_Weather_StationID">190</SimpleData>
		<SimpleData name="DepartmentCode">190</SimpleData>
		<SimpleData name="TM_Weather_StationName">Bhadravathi-1(Br Project)</SimpleData>
		<SimpleData name="KGISVillageID">11956</SimpleData>
	</SchemaData></ExtendedData>
      <Point><coordinates>75.7058379998715,13.8489900002652</coordinates></Point>
  </Placemark>
  <Placemark>
	<ExtendedData><SchemaData schemaUrl="#telemetric_weather_station">
		<SimpleData name="OBJECTID">325</SimpleData>
		<SimpleData name="KGISCode">29568055216085990000RDDMCPUSCRTWS0001</SimpleData>
		<SimpleData name="KGISTM_Weather_StationID">191</SimpleData>
		<SimpleData name="DepartmentCode">191</SimpleData>
		<SimpleData name="TM_Weather_StationName">Kudligere</SimpleData>
		<SimpleData name="KGISVillageID">12011</SimpleData>
	</SchemaData></ExtendedData>
      <Point><coordinates>75.7666020000631,13.918584999917</coordinates></Point>
  </Placemark>
  <Placemark>
	<ExtendedData><SchemaData schemaUrl="#telemetric_weather_station">
		<SimpleData name="OBJECTID">321</SimpleData>
		<SimpleData name="KGISCode">29568055216085220000RDDMCPUSCRTWS0001</SimpleData>
		<SimpleData name="KGISTM_Weather_StationID">192</SimpleData>
		<SimpleData name="DepartmentCode">192</SimpleData>
		<SimpleData name="TM_Weather_StationName">Holehonnur-2 (Marshetthihalli)</SimpleData>
		<SimpleData name="KGISVillageID">11867</SimpleData>
	</SchemaData></ExtendedData>
      <Point><coordinates>75.7425949999115,14.0581269995602</coordinates></Point>
  </Placemark>
  <Placemark>
	<ExtendedData><SchemaData schemaUrl="#telemetric_weather_station">
		<SimpleData name="OBJECTID">320</SimpleData>
		<SimpleData name="KGISCode">29568055216085190000RDDMCPUSCRTWS0001</SimpleData>
		<SimpleData name="KGISTM_Weather_StationID">193</SimpleData>
		<SimpleData name="DepartmentCode">193</SimpleData>
		<SimpleData name="TM_Weather_StationName">Holehonnur-3 (Anveri)</SimpleData>
		<SimpleData name="KGISVillageID">11864</SimpleData>
	</SchemaData></ExtendedData>
      <Point><coordinates>75.7794450001571,14.0819619999475</coordinates></Point>
  </Placemark>
  <Placemark>
	<ExtendedData><SchemaData schemaUrl="#telemetric_weather_station">
		<SimpleData name="OBJECTID">322</SimpleData>
		<SimpleData name="KGISCode">29568055216085460000RDDMCPUSCRTWS0001</SimpleData>
		<SimpleData name="KGISTM_Weather_StationID">194</SimpleData>
		<SimpleData name="DepartmentCode">194</SimpleData>
		<SimpleData name="TM_Weather_StationName">Holehonnur-1</SimpleData>
		<SimpleData name="KGISVillageID">11900</SimpleData>
	</SchemaData></ExtendedData>
      <Point><coordinates>75.6889339996653,13.9841580000632</coordinates></Point>
  </Placemark>
  <Placemark>
	<ExtendedData><SchemaData schemaUrl="#telemetric_weather_station">
		<SimpleData name="OBJECTID">709</SimpleData>
		<SimpleData name="KGISCode">29568055186079430000RDDMCPUSCRTWS0001</SimpleData>
		<SimpleData name="KGISTM_Weather_StationID">195</SimpleData>
		<SimpleData name="DepartmentCode">195</SimpleData>
		<SimpleData name="TM_Weather_StationName">Kerehalli (Rippanpet)</SimpleData>
		<SimpleData name="KGISVillageID">31977</SimpleData>
	</SchemaData></ExtendedData>
      <Point><coordinates>75.2657450003946,14.0007590000422</coordinates></Point>
  </Placemark>
  <Placemark>
	<ExtendedData><SchemaData schemaUrl="#telemetric_weather_station">
		<SimpleData name="OBJECTID">306</SimpleData>
		<SimpleData name="KGISCode">29568055186079970000RDDMCPUSCRTWS0001</SimpleData>
		<SimpleData name="KGISTM_Weather_StationID">196</SimpleData>
		<SimpleData name="DepartmentCode">196</SimpleData>
		<SimpleData name="TM_Weather_StationName">Huncha</SimpleData>
		<SimpleData name="KGISVillageID">11216</SimpleData>
	</SchemaData></ExtendedData>
      <Point><coordinates>75.2098080001125,13.8604950003468</coordinates></Point>
  </Placemark>
  <Placemark>
	<ExtendedData><SchemaData schemaUrl="#telemetric_weather_station">
		<SimpleData name="OBJECTID">293</SimpleData>
		<SimpleData name="KGISCode">29568055156071380000RDDMCPUSCRTWS0001</SimpleData>
		<SimpleData name="KGISTM_Weather_StationID">197</SimpleData>
		<SimpleData name="DepartmentCode">197</SimpleData>
		<SimpleData name="TM_Weather_StationName">Barangi (Kargal)</SimpleData>
		<SimpleData name="KGISVillageID">10636</SimpleData>
	</SchemaData></ExtendedData>
      <Point><coordinates>74.7444376258548,14.1965362557132</coordinates></Point>
  </Placemark>
  <Placemark>
	<ExtendedData><SchemaData schemaUrl="#telemetric_weather_station">
		<SimpleData name="OBJECTID">292</SimpleData>
		<SimpleData name="KGISCode">29568055156073240000RDDMCPUSCRTWS0001</SimpleData>
		<SimpleData name="KGISTM_Weather_StationID">198</SimpleData>
		<SimpleData name="DepartmentCode">198</SimpleData>
		<SimpleData name="TM_Weather_StationName">Avinahalli</SimpleData>
		<SimpleData name="KGISVillageID">10560</SimpleData>
	</SchemaData></ExtendedData>
      <Point><coordinates>75.0073970051764,14.0770170815541</coordinates></Point>
  </Placemark>
  <Placemark>
	<ExtendedData><SchemaData schemaUrl="#telemetric_weather_station">
		<SimpleData name="OBJECTID">296</SimpleData>
		<SimpleData name="KGISCode">29568055156071580000RDDMCPUSCRTWS0001</SimpleData>
		<SimpleData name="KGISTM_Weather_StationID">199</SimpleData>
		<SimpleData name="DepartmentCode">199</SimpleData>
		<SimpleData name="TM_Weather_StationName">Talaguppa</SimpleData>
		<SimpleData name="KGISVillageID">10743</SimpleData>
	</SchemaData></ExtendedData>
      <Point><coordinates>74.9127250002484,14.2132670003658</coordinates></Point>
  </Placemark>
  <Placemark>
	<ExtendedData><SchemaData schemaUrl="#telemetric_weather_station">
		<SimpleData name="OBJECTID">613</SimpleData>
		<SimpleData name="KGISCode">29572055458031630000RDDMCPUSCRTWS0001</SimpleData>
		<SimpleData name="KGISTM_Weather_StationID">2</SimpleData>
		<SimpleData name="DepartmentCode">2</SimpleData>
		<SimpleData name="TM_Weather_StationName">Anekal</SimpleData>
		<SimpleData name="KGISVillageID">29188</SimpleData>
	</SchemaData></ExtendedData>
      <Point><coordinates>77.6968669997971,12.7102039997771</coordinates></Point>
  </Placemark>
  <Placemark>
	<ExtendedData><SchemaData schemaUrl="#telemetric_weather_station">
		<SimpleData name="OBJECTID">509</SimpleData>
		<SimpleData name="KGISCode">29574055586165730000RDDMCPUSCRTWS0001</SimpleData>
		<SimpleData name="KGISTM_Weather_StationID">20</SimpleData>
		<SimpleData name="DepartmentCode">20</SimpleData>
		<SimpleData name="TM_Weather_StationName">Arkalgud</SimpleData>
		<SimpleData name="KGISVillageID">24299</SimpleData>
	</SchemaData></ExtendedData>
      <Point><coordinates>76.0575150001482,12.7632740000037</coordinates></Point>
  </Placemark>
  <Placemark>
	<ExtendedData><SchemaData schemaUrl="#telemetric_weather_station">
		<SimpleData name="OBJECTID">291</SimpleData>
		<SimpleData name="KGISCode">29568055156072930000RDDMCPUSCRTWS0001</SimpleData>
		<SimpleData name="KGISTM_Weather_StationID">200</SimpleData>
		<SimpleData name="DepartmentCode">200</SimpleData>
		<SimpleData name="TM_Weather_StationName">Anandapura</SimpleData>
		<SimpleData name="KGISVillageID">10556</SimpleData>
	</SchemaData></ExtendedData>
      <Point><coordinates>75.2140229997396,14.0725200001981</coordinates></Point>
  </Placemark>
  <Placemark>
	<ExtendedData><SchemaData schemaUrl="#telemetric_weather_station">
		<SimpleData name="OBJECTID">294</SimpleData>
		<SimpleData name="KGISCode">29568055156073520000RDDMCPUSCRTWS0001</SimpleData>
		<SimpleData name="KGISTM_Weather_StationID">201</SimpleData>
		<SimpleData name="DepartmentCode">201</SimpleData>
		<SimpleData name="TM_Weather_StationName">Karur (Tumri)</SimpleData>
		<SimpleData name="KGISVillageID">10669</SimpleData>
	</SchemaData></ExtendedData>
      <Point><coordinates>74.8524502110476,14.0351316601477</coordinates></Point>
  </Placemark>
  <Placemark>
	<ExtendedData><SchemaData schemaUrl="#telemetric_weather_station">
		<SimpleData name="OBJECTID">302</SimpleData>
		<SimpleData name="KGISCode">29568055176078170000RDDMCPUSCRTWS0001</SimpleData>
		<SimpleData name="KGISTM_Weather_StationID">202</SimpleData>
		<SimpleData name="DepartmentCode">202</SimpleData>
		<SimpleData name="TM_Weather_StationName">Hosur</SimpleData>
		<SimpleData name="KGISVillageID">11070</SimpleData>
	</SchemaData></ExtendedData>
      <Point><coordinates>75.4655946307514,14.2610551605984</coordinates></Point>
  </Placemark>
  <Placemark>
	<ExtendedData><SchemaData schemaUrl="#telemetric_weather_station">
		<SimpleData name="OBJECTID">305</SimpleData>
		<SimpleData name="KGISCode">29568055178031330000RDDMCPUSCRTWS0001</SimpleData>
		<SimpleData name="KGISTM_Weather_StationID">203</SimpleData>
		<SimpleData name="DepartmentCode">203</SimpleData>
		<SimpleData name="TM_Weather_StationName">Shiralakoppa (Udugani)</SimpleData>
		<SimpleData name="KGISVillageID">11191</SimpleData>
	</SchemaData></ExtendedData>
      <Point><coordinates>75.2526920000015,14.3798900003354</coordinates></Point>
  </Placemark>
  <Placemark>
	<ExtendedData><SchemaData schemaUrl="#telemetric_weather_station">
		<SimpleData name="OBJECTID">301</SimpleData>
		<SimpleData name="KGISCode">29568055176078440000RDDMCPUSCRTWS0001</SimpleData>
		<SimpleData name="KGISTM_Weather_StationID">204</SimpleData>
		<SimpleData name="DepartmentCode">204</SimpleData>
		<SimpleData name="TM_Weather_StationName">Anjanapura</SimpleData>
		<SimpleData name="KGISVillageID">11030</SimpleData>
	</SchemaData></ExtendedData>
      <Point><coordinates>75.3918242185139,14.1583117805568</coordinates></Point>
  </Placemark>
  <Placemark>
	<ExtendedData><SchemaData schemaUrl="#telemetric_weather_station">
		<SimpleData name="OBJECTID">319</SimpleData>
		<SimpleData name="KGISCode">29568055206085140000RDDMCPUSCRTWS0001</SimpleData>
		<SimpleData name="KGISTM_Weather_StationID">205</SimpleData>
		<SimpleData name="DepartmentCode">205</SimpleData>
		<SimpleData name="TM_Weather_StationName">Nidige-2  (Ummbalebyal)</SimpleData>
		<SimpleData name="KGISVillageID">11860</SimpleData>
	</SchemaData></ExtendedData>
      <Point><coordinates>75.5713212267816,13.7649905848337</coordinates></Point>
  </Placemark>
  <Placemark>
	<ExtendedData><SchemaData schemaUrl="#telemetric_weather_station">
		<SimpleData name="OBJECTID">61</SimpleData>
		<SimpleData name="KGISCode">29557054538030560000RDDMCPUSCRTWS0001</SimpleData>
		<SimpleData name="KGISTM_Weather_StationID">206</SimpleData>
		<SimpleData name="DepartmentCode">206</SimpleData>
		<SimpleData name="TM_Weather_StationName">Talikota</SimpleData>
		<SimpleData name="KGISVillageID">2345</SimpleData>
	</SchemaData></ExtendedData>
      <Point><coordinates>76.3117129999826,16.4716420000409</coordinates></Point>
  </Placemark>
  <Placemark>
	<ExtendedData><SchemaData schemaUrl="#telemetric_weather_station">
		<SimpleData name="OBJECTID">572</SimpleData>
		<SimpleData name="KGISCode">29557054535996760000RDDMCPUSCRTWS0001</SimpleData>
		<SimpleData name="KGISTM_Weather_StationID">207</SimpleData>
		<SimpleData name="DepartmentCode">207</SimpleData>
		<SimpleData name="TM_Weather_StationName">Nalatvad</SimpleData>
		<SimpleData name="KGISVillageID">27409</SimpleData>
	</SchemaData></ExtendedData>
      <Point><coordinates>76.2940060001266,16.2429020003325</coordinates></Point>
  </Placemark>
  <Placemark>
	<ExtendedData><SchemaData schemaUrl="#telemetric_weather_station">
		<SimpleData name="OBJECTID">55</SimpleData>
		<SimpleData name="KGISCode">29557054515994010000RDDMCPUSCRTWS0001</SimpleData>
		<SimpleData name="KGISTM_Weather_StationID">208</SimpleData>
		<SimpleData name="DepartmentCode">208</SimpleData>
		<SimpleData name="TM_Weather_StationName">Devar Hippargi</SimpleData>
		<SimpleData name="KGISVillageID">1992</SimpleData>
	</SchemaData></ExtendedData>
      <Point><coordinates>76.0658630001749,16.8146630003036</coordinates></Point>
  </Placemark>
  <Placemark>
	<ExtendedData><SchemaData schemaUrl="#telemetric_weather_station">
		<SimpleData name="OBJECTID">56</SimpleData>
		<SimpleData name="KGISCode">29557054518030530000RDDMCPUSCRTWS0001</SimpleData>
		<SimpleData name="KGISTM_Weather_StationID">209</SimpleData>
		<SimpleData name="DepartmentCode">209</SimpleData>
		<SimpleData name="TM_Weather_StationName">Sindgi</SimpleData>
		<SimpleData name="KGISVillageID">2072</SimpleData>
	</SchemaData></ExtendedData>
      <Point><coordinates>76.2368599999619,16.9160480003013</coordinates></Point>
  </Placemark>
  <Placemark>
	<ExtendedData><SchemaData schemaUrl="#telemetric_weather_station">
		<SimpleData name="OBJECTID">252</SimpleData>
		<SimpleData name="KGISCode">29566055046052490000RDDMCPUSCRTWS0001</SimpleData>
		<SimpleData name="KGISTM_Weather_StationID">21</SimpleData>
		<SimpleData name="DepartmentCode">21</SimpleData>
		<SimpleData name="TM_Weather_StationName">Naikanahatti</SimpleData>
		<SimpleData name="KGISVillageID">8747</SimpleData>
	</SchemaData></ExtendedData>
      <Point><coordinates>76.54517800034,14.4665099997091</coordinates></Point>
  </Placemark>
  <Placemark>
	<ExtendedData><SchemaData schemaUrl="#telemetric_weather_station">
		<SimpleData name="OBJECTID">178</SimpleData>
		<SimpleData name="KGISCode">29562054756024260000RDDMCPUSCRTWS0001</SimpleData>
		<SimpleData name="KGISTM_Weather_StationID">210</SimpleData>
		<SimpleData name="DepartmentCode">210</SimpleData>
		<SimpleData name="TM_Weather_StationName">Chabbi</SimpleData>
		<SimpleData name="KGISVillageID">6044</SimpleData>
	</SchemaData></ExtendedData>
      <Point><coordinates>75.1579050001656,15.2268959996727</coordinates></Point>
  </Placemark>
  <Placemark>
	<ExtendedData><SchemaData schemaUrl="#telemetric_weather_station">
		<SimpleData name="OBJECTID">179</SimpleData>
		<SimpleData name="KGISCode">29562054756023980000RDDMCPUSCRTWS0001</SimpleData>
		<SimpleData name="KGISTM_Weather_StationID">211</SimpleData>
		<SimpleData name="DepartmentCode">211</SimpleData>
		<SimpleData name="TM_Weather_StationName">Siraguppi</SimpleData>
		<SimpleData name="KGISVillageID">6089</SimpleData>
	</SchemaData></ExtendedData>
      <Point><coordinates>75.2792616802814,15.3591055930734</coordinates></Point>
  </Placemark>
  <Placemark>
	<ExtendedData><SchemaData schemaUrl="#telemetric_weather_station">
		<SimpleData name="OBJECTID">184</SimpleData>
		<SimpleData name="KGISCode">29562054776025670000RDDMCPUSCRTWS0001</SimpleData>
		<SimpleData name="KGISTM_Weather_StationID">212</SimpleData>
		<SimpleData name="DepartmentCode">212</SimpleData>
		<SimpleData name="TM_Weather_StationName">Samshi</SimpleData>
		<SimpleData name="KGISVillageID">6217</SimpleData>
	</SchemaData></ExtendedData>
      <Point><coordinates>75.3042529997155,15.2051920001663</coordinates></Point>
  </Placemark>
  <Placemark>
	<ExtendedData><SchemaData schemaUrl="#telemetric_weather_station">
		<SimpleData name="OBJECTID">176</SimpleData>
		<SimpleData name="KGISCode">29562054748030860000RDDMCPUSCRTWS0001</SimpleData>
		<SimpleData name="KGISTM_Weather_StationID">213</SimpleData>
		<SimpleData name="DepartmentCode">213</SimpleData>
		<SimpleData name="TM_Weather_StationName">Annigeri</SimpleData>
		<SimpleData name="KGISVillageID">5982</SimpleData>
	</SchemaData></ExtendedData>
      <Point><coordinates>75.4360020001441,15.4240950000066</coordinates></Point>
  </Placemark>
  <Placemark>
	<ExtendedData><SchemaData schemaUrl="#telemetric_weather_station">
		<SimpleData name="OBJECTID">177</SimpleData>
		<SimpleData name="KGISCode">29562054746023310000RDDMCPUSCRTWS0001</SimpleData>
		<SimpleData name="KGISTM_Weather_StationID">214</SimpleData>
		<SimpleData name="DepartmentCode">214</SimpleData>
		<SimpleData name="TM_Weather_StationName">Morab</SimpleData>
		<SimpleData name="KGISVillageID">6028</SimpleData>
	</SchemaData></ExtendedData>
      <Point><coordinates>75.1597379999341,15.5841999999981</coordinates></Point>
  </Placemark>
  <Placemark>
	<ExtendedData><SchemaData schemaUrl="#telemetric_weather_station">
		<SimpleData name="OBJECTID">582</SimpleData>
		<SimpleData name="KGISCode">29562054736022740000RDDMCPUSCRTWS0001</SimpleData>
		<SimpleData name="KGISTM_Weather_StationID">215</SimpleData>
		<SimpleData name="DepartmentCode">215</SimpleData>
		<SimpleData name="TM_Weather_StationName">Aminbhavi</SimpleData>
		<SimpleData name="KGISVillageID">27846</SimpleData>
	</SchemaData></ExtendedData>
      <Point><coordinates>75.045196859607,15.4921725790485</coordinates></Point>
  </Placemark>
  <Placemark>
	<ExtendedData><SchemaData schemaUrl="#telemetric_weather_station">
		<SimpleData name="OBJECTID">430</SimpleData>
		<SimpleData name="KGISCode">29581055936227970000RDDMCPUSCRTWS0001</SimpleData>
		<SimpleData name="KGISTM_Weather_StationID">216</SimpleData>
		<SimpleData name="DepartmentCode">216</SimpleData>
		<SimpleData name="TM_Weather_StationName">Kyasamballi</SimpleData>
		<SimpleData name="KGISVillageID">18522</SimpleData>
	</SchemaData></ExtendedData>
      <Point><coordinates>78.3489789995837,12.9536569995968</coordinates></Point>
  </Placemark>
  <Placemark>
	<ExtendedData><SchemaData schemaUrl="#telemetric_weather_station">
		<SimpleData name="OBJECTID">420</SimpleData>
		<SimpleData name="KGISCode">29581055916218810000RDDMCPUSCRTWS0001</SimpleData>
		<SimpleData name="KGISTM_Weather_StationID">217</SimpleData>
		<SimpleData name="DepartmentCode">217</SimpleData>
		<SimpleData name="TM_Weather_StationName">Vokkaleri</SimpleData>
		<SimpleData name="KGISVillageID">17824</SimpleData>
	</SchemaData></ExtendedData>
      <Point><coordinates>78.0367487902527,13.0704339227558</coordinates></Point>
  </Placemark>
  <Placemark>
	<ExtendedData><SchemaData schemaUrl="#telemetric_weather_station">
		<SimpleData name="OBJECTID">431</SimpleData>
		<SimpleData name="KGISCode">29581055946229350000RDDMCPUSCRTWS0001</SimpleData>
		<SimpleData name="KGISTM_Weather_StationID">218</SimpleData>
		<SimpleData name="DepartmentCode">218</SimpleData>
		<SimpleData name="TM_Weather_StationName">Avani</SimpleData>
		<SimpleData name="KGISVillageID">18612</SimpleData>
	</SchemaData></ExtendedData>
      <Point><coordinates>78.3290709998128,13.1053230004219</coordinates></Point>
  </Placemark>
  <Placemark>
	<ExtendedData><SchemaData schemaUrl="#telemetric_weather_station">
		<SimpleData name="OBJECTID">432</SimpleData>
		<SimpleData name="KGISCode">29581055946230800000RDDMCPUSCRTWS0001</SimpleData>
		<SimpleData name="KGISTM_Weather_StationID">219</SimpleData>
		<SimpleData name="DepartmentCode">219</SimpleData>
		<SimpleData name="TM_Weather_StationName">Byrakur</SimpleData>
		<SimpleData name="KGISVillageID">18683</SimpleData>
	</SchemaData></ExtendedData>
      <Point><coordinates>78.4934179995469,13.2380689999942</coordinates></Point>
  </Placemark>
  <Placemark>
	<ExtendedData><SchemaData schemaUrl="#telemetric_weather_station">
		<SimpleData name="OBJECTID">229</SimpleData>
		<SimpleData name="KGISCode">29565054968031080000RDDMCPUSCRTWS0001</SimpleData>
		<SimpleData name="KGISTM_Weather_StationID">22</SimpleData>
		<SimpleData name="DepartmentCode">22</SimpleData>
		<SimpleData name="TM_Weather_StationName">Hadagali</SimpleData>
		<SimpleData name="KGISVillageID">8137</SimpleData>
	</SchemaData></ExtendedData>
      <Point><coordinates>75.93219500013,15.0199570003966</coordinates></Point>
  </Placemark>
  <Placemark>
	<ExtendedData><SchemaData schemaUrl="#telemetric_weather_station">
		<SimpleData name="OBJECTID">433</SimpleData>
		<SimpleData name="KGISCode">29581055946228690000RDDMCPUSCRTWS0001</SimpleData>
		<SimpleData name="KGISTM_Weather_StationID">220</SimpleData>
		<SimpleData name="DepartmentCode">220</SimpleData>
		<SimpleData name="TM_Weather_StationName">Duggasandra</SimpleData>
		<SimpleData name="KGISVillageID">18748</SimpleData>
	</SchemaData></ExtendedData>
      <Point><coordinates>78.3651760000409,13.2346189998733</coordinates></Point>
  </Placemark>
  <Placemark>
	<ExtendedData><SchemaData schemaUrl="#telemetric_weather_station">
		<SimpleData name="OBJECTID">434</SimpleData>
		<SimpleData name="KGISCode">29581055946231750000RDDMCPUSCRTWS0001</SimpleData>
		<SimpleData name="KGISTM_Weather_StationID">221</SimpleData>
		<SimpleData name="DepartmentCode">221</SimpleData>
		<SimpleData name="TM_Weather_StationName">Tayalur</SimpleData>
		<SimpleData name="KGISVillageID">18879</SimpleData>
	</SchemaData></ExtendedData>
      <Point><coordinates>78.4279659999156,13.0597689997301</coordinates></Point>
  </Placemark>
  <Placemark>
	<ExtendedData><SchemaData schemaUrl="#telemetric_weather_station">
		<SimpleData name="OBJECTID">413</SimpleData>
		<SimpleData name="KGISCode">29581055906214980000RDDMCPUSCRTWS0001</SimpleData>
		<SimpleData name="KGISTM_Weather_StationID">222</SimpleData>
		<SimpleData name="DepartmentCode">222</SimpleData>
		<SimpleData name="TM_Weather_StationName">Nelavanki</SimpleData>
		<SimpleData name="KGISVillageID">17368</SimpleData>
	</SchemaData></ExtendedData>
      <Point><coordinates>78.2786359998773,13.4625770000436</coordinates></Point>
  </Placemark>
  <Placemark>
	<ExtendedData><SchemaData schemaUrl="#telemetric_weather_station">
		<SimpleData name="OBJECTID">414</SimpleData>
		<SimpleData name="KGISCode">29581055906214340000RDDMCPUSCRTWS0001</SimpleData>
		<SimpleData name="KGISTM_Weather_StationID">223</SimpleData>
		<SimpleData name="DepartmentCode">223</SimpleData>
		<SimpleData name="TM_Weather_StationName">Rayalpad</SimpleData>
		<SimpleData name="KGISVillageID">17409</SimpleData>
	</SchemaData></ExtendedData>
      <Point><coordinates>78.3383679999947,13.5334049996256</coordinates></Point>
  </Placemark>
  <Placemark>
	<ExtendedData><SchemaData schemaUrl="#telemetric_weather_station">
		<SimpleData name="OBJECTID">415</SimpleData>
		<SimpleData name="KGISCode">29581055906215970000RDDMCPUSCRTWS0001</SimpleData>
		<SimpleData name="KGISTM_Weather_StationID">224</SimpleData>
		<SimpleData name="DepartmentCode">224</SimpleData>
		<SimpleData name="TM_Weather_StationName">Ronur</SimpleData>
		<SimpleData name="KGISVillageID">17514</SimpleData>
	</SchemaData></ExtendedData>
      <Point><coordinates>78.2477990000765,13.3942719997669</coordinates></Point>
  </Placemark>
  <Placemark>
	<ExtendedData><SchemaData schemaUrl="#telemetric_weather_station">
		<SimpleData name="OBJECTID">412</SimpleData>
		<SimpleData name="KGISCode">29581055906216420000RDDMCPUSCRTWS0001</SimpleData>
		<SimpleData name="KGISTM_Weather_StationID">225</SimpleData>
		<SimpleData name="DepartmentCode">225</SimpleData>
		<SimpleData name="TM_Weather_StationName">Srinivasapura</SimpleData>
		<SimpleData name="KGISVillageID">17310</SimpleData>
	</SchemaData></ExtendedData>
      <Point><coordinates>78.2129659995581,13.3369550000113</coordinates></Point>
  </Placemark>
  <Placemark>
	<ExtendedData><SchemaData schemaUrl="#telemetric_weather_station">
		<SimpleData name="OBJECTID">416</SimpleData>
		<SimpleData name="KGISCode">29581055906217200000RDDMCPUSCRTWS0001</SimpleData>
		<SimpleData name="KGISTM_Weather_StationID">226</SimpleData>
		<SimpleData name="DepartmentCode">226</SimpleData>
		<SimpleData name="TM_Weather_StationName">Yaldur</SimpleData>
		<SimpleData name="KGISVillageID">17558</SimpleData>
	</SchemaData></ExtendedData>
      <Point><coordinates>78.2951669999653,13.2788199997041</coordinates></Point>
  </Placemark>
  <Placemark>
	<ExtendedData><SchemaData schemaUrl="#telemetric_weather_station">
		<SimpleData name="OBJECTID">331</SimpleData>
		<SimpleData name="KGISCode">29569055236087610000RDDMCPUSCRTWS0001</SimpleData>
		<SimpleData name="KGISTM_Weather_StationID">227</SimpleData>
		<SimpleData name="DepartmentCode">227</SimpleData>
		<SimpleData name="TM_Weather_StationName">Kota</SimpleData>
		<SimpleData name="KGISVillageID">12214</SimpleData>
	</SchemaData></ExtendedData>
      <Point><coordinates>74.7080350002874,13.5233260003921</coordinates></Point>
  </Placemark>
  <Placemark>
	<ExtendedData><SchemaData schemaUrl="#telemetric_weather_station">
		<SimpleData name="OBJECTID">718</SimpleData>
		<SimpleData name="KGISCode">29581055948032250000RDDMCPUSCRTWS0001</SimpleData>
		<SimpleData name="KGISTM_Weather_StationID">228</SimpleData>
		<SimpleData name="DepartmentCode">228</SimpleData>
		<SimpleData name="TM_Weather_StationName">Mulabagilu</SimpleData>
		<SimpleData name="KGISVillageID">32139</SimpleData>
	</SchemaData></ExtendedData>
      <Point><coordinates>78.3920419997277,13.1594969995885</coordinates></Point>
  </Placemark>
  <Placemark>
	<ExtendedData><SchemaData schemaUrl="#telemetric_weather_station">
		<SimpleData name="OBJECTID">658</SimpleData>
		<SimpleData name="KGISCode">29574055536150120000RDDMCPUSCRTWS0001</SimpleData>
		<SimpleData name="KGISTM_Weather_StationID">229</SimpleData>
		<SimpleData name="DepartmentCode">229</SimpleData>
		<SimpleData name="TM_Weather_StationName">Hettur</SimpleData>
		<SimpleData name="KGISVillageID">30880</SimpleData>
	</SchemaData></ExtendedData>
      <Point><coordinates>75.7854440001692,12.7935469998886</coordinates></Point>
  </Placemark>
  <Placemark>
	<ExtendedData><SchemaData schemaUrl="#telemetric_weather_station">
		<SimpleData name="OBJECTID">386</SimpleData>
		<SimpleData name="KGISCode">29571055406122450000RDDMCPUSCRTWS0001</SimpleData>
		<SimpleData name="KGISTM_Weather_StationID">23</SimpleData>
		<SimpleData name="DepartmentCode">23</SimpleData>
		<SimpleData name="TM_Weather_StationName">Turuvekere</SimpleData>
		<SimpleData name="KGISVillageID">15465</SimpleData>
	</SchemaData></ExtendedData>
      <Point><coordinates>76.666683999738,13.1631299996744</coordinates></Point>
  </Placemark>
  <Placemark>
	<ExtendedData><SchemaData schemaUrl="#telemetric_weather_station">
		<SimpleData name="OBJECTID">489</SimpleData>
		<SimpleData name="KGISCode">29574055538031710000RDDMCPUSCRTWS0001</SimpleData>
		<SimpleData name="KGISTM_Weather_StationID">230</SimpleData>
		<SimpleData name="DepartmentCode">230</SimpleData>
		<SimpleData name="TM_Weather_StationName">Sakaleshpura</SimpleData>
		<SimpleData name="KGISVillageID">22945</SimpleData>
	</SchemaData></ExtendedData>
      <Point><coordinates>75.786395999718,12.9427109999252</coordinates></Point>
  </Placemark>
  <Placemark>
	<ExtendedData><SchemaData schemaUrl="#telemetric_weather_station">
		<SimpleData name="OBJECTID">490</SimpleData>
		<SimpleData name="KGISCode">29574055536150660000RDDMCPUSCRTWS0001</SimpleData>
		<SimpleData name="KGISTM_Weather_StationID">231</SimpleData>
		<SimpleData name="DepartmentCode">231</SimpleData>
		<SimpleData name="TM_Weather_StationName">Yasalur</SimpleData>
		<SimpleData name="KGISVillageID">22986</SimpleData>
	</SchemaData></ExtendedData>
      <Point><coordinates>75.8580209998123,12.7791259997277</coordinates></Point>
  </Placemark>
  <Placemark>
	<ExtendedData><SchemaData schemaUrl="#telemetric_weather_station">
		<SimpleData name="OBJECTID">532</SimpleData>
		<SimpleData name="KGISCode">29575055656177800000RDDMCPUSCRTWS0001</SimpleData>
		<SimpleData name="KGISTM_Weather_StationID">232</SimpleData>
		<SimpleData name="DepartmentCode">232</SimpleData>
		<SimpleData name="TM_Weather_StationName">Panaje</SimpleData>
		<SimpleData name="KGISVillageID">25520</SimpleData>
	</SchemaData></ExtendedData>
      <Point><coordinates>75.4873870001187,12.6767489999978</coordinates></Point>
  </Placemark>
  <Placemark>
	<ExtendedData><SchemaData schemaUrl="#telemetric_weather_station">
		<SimpleData name="OBJECTID">527</SimpleData>
		<SimpleData name="KGISCode">29575055636176180000RDDMCPUSCRTWS0001</SimpleData>
		<SimpleData name="KGISTM_Weather_StationID">233</SimpleData>
		<SimpleData name="DepartmentCode">233</SimpleData>
		<SimpleData name="TM_Weather_StationName">Venur</SimpleData>
		<SimpleData name="KGISVillageID">25431</SimpleData>
	</SchemaData></ExtendedData>
      <Point><coordinates>75.1414969996097,13.0110309997954</coordinates></Point>
  </Placemark>
  <Placemark>
	<ExtendedData><SchemaData schemaUrl="#telemetric_weather_station">
		<SimpleData name="OBJECTID">699</SimpleData>
		<SimpleData name="KGISCode">29556054438030400000RDDMCPUSCRTWS0001</SimpleData>
		<SimpleData name="KGISTM_Weather_StationID">234</SimpleData>
		<SimpleData name="DepartmentCode">234</SimpleData>
		<SimpleData name="TM_Weather_StationName">Terdal</SimpleData>
		<SimpleData name="KGISVillageID">31875</SimpleData>
	</SchemaData></ExtendedData>
      <Point><coordinates>75.0490299997759,16.4932950000899</coordinates></Point>
  </Placemark>
  <Placemark>
	<ExtendedData><SchemaData schemaUrl="#telemetric_weather_station">
		<SimpleData name="OBJECTID">34</SimpleData>
		<SimpleData name="KGISCode">29556054455985720000RDDMCPUSCRTWS0001</SimpleData>
		<SimpleData name="KGISTM_Weather_StationID">235</SimpleData>
		<SimpleData name="DepartmentCode">235</SimpleData>
		<SimpleData name="TM_Weather_StationName">Mudhol</SimpleData>
		<SimpleData name="KGISVillageID">1244</SimpleData>
	</SchemaData></ExtendedData>
      <Point><coordinates>75.2846900000622,16.3364489999547</coordinates></Point>
  </Placemark>
  <Placemark>
	<ExtendedData><SchemaData schemaUrl="#telemetric_weather_station">
		<SimpleData name="OBJECTID">32</SimpleData>
		<SimpleData name="KGISCode">29556054445985410000RDDMCPUSCRTWS0001</SimpleData>
		<SimpleData name="KGISTM_Weather_StationID">236</SimpleData>
		<SimpleData name="DepartmentCode">236</SimpleData>
		<SimpleData name="TM_Weather_StationName">Anagawadi</SimpleData>
		<SimpleData name="KGISVillageID">1169</SimpleData>
	</SchemaData></ExtendedData>
      <Point><coordinates>75.6192779998049,16.238184000129</coordinates></Point>
  </Placemark>
  <Placemark>
	<ExtendedData><SchemaData schemaUrl="#telemetric_weather_station">
		<SimpleData name="OBJECTID">40</SimpleData>
		<SimpleData name="KGISCode">29556054475987740000RDDMCPUSCRTWS0001</SimpleData>
		<SimpleData name="KGISTM_Weather_StationID">237</SimpleData>
		<SimpleData name="DepartmentCode">237</SimpleData>
		<SimpleData name="TM_Weather_StationName">Kaladgi</SimpleData>
		<SimpleData name="KGISVillageID">1484</SimpleData>
	</SchemaData></ExtendedData>
      <Point><coordinates>75.50207299991,16.2098540002171</coordinates></Point>
  </Placemark>
  <Placemark>
	<ExtendedData><SchemaData schemaUrl="#telemetric_weather_station">
		<SimpleData name="OBJECTID">46</SimpleData>
		<SimpleData name="KGISCode">29556054485989670000RDDMCPUSCRTWS0001</SimpleData>
		<SimpleData name="KGISTM_Weather_StationID">238</SimpleData>
		<SimpleData name="DepartmentCode">238</SimpleData>
		<SimpleData name="TM_Weather_StationName">Karadi</SimpleData>
		<SimpleData name="KGISVillageID">1692</SimpleData>
	</SchemaData></ExtendedData>
      <Point><coordinates>76.2063940001027,16.0941670000766</coordinates></Point>
  </Placemark>
  <Placemark>
	<ExtendedData><SchemaData schemaUrl="#telemetric_weather_station">
		<SimpleData name="OBJECTID">690</SimpleData>
		<SimpleData name="KGISCode">29559054596004640000RDDMCPUSCRTWS0001</SimpleData>
		<SimpleData name="KGISTM_Weather_StationID">239</SimpleData>
		<SimpleData name="DepartmentCode">239</SimpleData>
		<SimpleData name="TM_Weather_StationName">Guragunta</SimpleData>
		<SimpleData name="KGISVillageID">31814</SimpleData>
	</SchemaData></ExtendedData>
      <Point><coordinates>76.6320730004477,16.2875649999004</coordinates></Point>
  </Placemark>
  <Placemark>
	<ExtendedData><SchemaData schemaUrl="#telemetric_weather_station">
		<SimpleData name="OBJECTID">624</SimpleData>
		<SimpleData name="KGISCode">29573055486141890000RDDMCPUSCRTWS0001</SimpleData>
		<SimpleData name="KGISTM_Weather_StationID">24</SimpleData>
		<SimpleData name="DepartmentCode">24</SimpleData>
		<SimpleData name="TM_Weather_StationName">Pandavapura</SimpleData>
		<SimpleData name="KGISVillageID">29579</SimpleData>
	</SchemaData></ExtendedData>
      <Point><coordinates>76.6744479995606,12.4972749998328</coordinates></Point>
  </Placemark>
  <Placemark>
	<ExtendedData><SchemaData schemaUrl="#telemetric_weather_station">
		<SimpleData name="OBJECTID">129</SimpleData>
		<SimpleData name="KGISCode">29559054606005490000RDDMCPUSCRTWS0001</SimpleData>
		<SimpleData name="KGISTM_Weather_StationID">240</SimpleData>
		<SimpleData name="DepartmentCode">240</SimpleData>
		<SimpleData name="TM_Weather_StationName">Jalhalli</SimpleData>
		<SimpleData name="KGISVillageID">4530</SimpleData>
	</SchemaData></ExtendedData>
      <Point><coordinates>76.781841999704,16.3626629996693</coordinates></Point>
  </Placemark>
  <Placemark>
	<ExtendedData><SchemaData schemaUrl="#telemetric_weather_station">
		<SimpleData name="OBJECTID">128</SimpleData>
		<SimpleData name="KGISCode">29559054606006970000RDDMCPUSCRTWS0001</SimpleData>
		<SimpleData name="KGISTM_Weather_StationID">241</SimpleData>
		<SimpleData name="DepartmentCode">241</SimpleData>
		<SimpleData name="TM_Weather_StationName">Arkera</SimpleData>
		<SimpleData name="KGISVillageID">4453</SimpleData>
	</SchemaData></ExtendedData>
      <Point><coordinates>76.9493129995671,16.2729690000567</coordinates></Point>
  </Placemark>
  <Placemark>
	<ExtendedData><SchemaData schemaUrl="#telemetric_weather_station">
		<SimpleData name="OBJECTID">688</SimpleData>
		<SimpleData name="KGISCode">29559054606006700000RDDMCPUSCRTWS0001</SimpleData>
		<SimpleData name="KGISTM_Weather_StationID">242</SimpleData>
		<SimpleData name="DepartmentCode">242</SimpleData>
		<SimpleData name="TM_Weather_StationName">Gabbur</SimpleData>
		<SimpleData name="KGISVillageID">31789</SimpleData>
	</SchemaData></ExtendedData>
      <Point><coordinates>77.1562039996643,16.3105699998395</coordinates></Point>
  </Placemark>
  <Placemark>
	<ExtendedData><SchemaData schemaUrl="#telemetric_weather_station">
		<SimpleData name="OBJECTID">133</SimpleData>
		<SimpleData name="KGISCode">29559054616008160000RDDMCPUSCRTWS0001</SimpleData>
		<SimpleData name="KGISTM_Weather_StationID">243</SimpleData>
		<SimpleData name="DepartmentCode">243</SimpleData>
		<SimpleData name="TM_Weather_StationName">Kalmala</SimpleData>
		<SimpleData name="KGISVillageID">4667</SimpleData>
	</SchemaData></ExtendedData>
      <Point><coordinates>77.206743999973,16.1971980003487</coordinates></Point>
  </Placemark>
  <Placemark>
	<ExtendedData><SchemaData schemaUrl="#telemetric_weather_station">
		<SimpleData name="OBJECTID">143</SimpleData>
		<SimpleData name="KGISCode">29559054626009670000RDDMCPUSCRTWS0001</SimpleData>
		<SimpleData name="KGISTM_Weather_StationID">244</SimpleData>
		<SimpleData name="DepartmentCode">244</SimpleData>
		<SimpleData name="TM_Weather_StationName">Sirwar</SimpleData>
		<SimpleData name="KGISVillageID">4892</SimpleData>
	</SchemaData></ExtendedData>
      <Point><coordinates>77.0218829998677,16.1765579998774</coordinates></Point>
  </Placemark>
  <Placemark>
	<ExtendedData><SchemaData schemaUrl="#telemetric_weather_station">
		<SimpleData name="OBJECTID">139</SimpleData>
		<SimpleData name="KGISCode">29559054626009410000RDDMCPUSCRTWS0001</SimpleData>
		<SimpleData name="KGISTM_Weather_StationID">245</SimpleData>
		<SimpleData name="DepartmentCode">245</SimpleData>
		<SimpleData name="TM_Weather_StationName">Kavital</SimpleData>
		<SimpleData name="KGISVillageID">4819</SimpleData>
	</SchemaData></ExtendedData>
      <Point><coordinates>76.7988810000292,16.1040919998006</coordinates></Point>
  </Placemark>
  <Placemark>
	<ExtendedData><SchemaData schemaUrl="#telemetric_weather_station">
		<SimpleData name="OBJECTID">146</SimpleData>
		<SimpleData name="KGISCode">29559054636010740000RDDMCPUSCRTWS0001</SimpleData>
		<SimpleData name="KGISTM_Weather_StationID">246</SimpleData>
		<SimpleData name="DepartmentCode">246</SimpleData>
		<SimpleData name="TM_Weather_StationName">Turvihal</SimpleData>
		<SimpleData name="KGISVillageID">4954</SimpleData>
	</SchemaData></ExtendedData>
      <Point><coordinates>76.5989159996867,15.7614069996063</coordinates></Point>
  </Placemark>
  <Placemark>
	<ExtendedData><SchemaData schemaUrl="#telemetric_weather_station">
		<SimpleData name="OBJECTID">693</SimpleData>
		<SimpleData name="KGISCode">29559054636010920000RDDMCPUSCRTWS0001</SimpleData>
		<SimpleData name="KGISTM_Weather_StationID">247</SimpleData>
		<SimpleData name="DepartmentCode">247</SimpleData>
		<SimpleData name="TM_Weather_StationName">Gungjanalli</SimpleData>
		<SimpleData name="KGISVillageID">31830</SimpleData>
	</SchemaData></ExtendedData>
      <Point><coordinates>76.6274269511518,15.7751478985909</coordinates></Point>
  </Placemark>
  <Placemark>
	<ExtendedData><SchemaData schemaUrl="#telemetric_weather_station">
		<SimpleData name="OBJECTID">695</SimpleData>
		<SimpleData name="KGISCode">29559054636012140000RDDMCPUSCRTWS0001</SimpleData>
		<SimpleData name="KGISTM_Weather_StationID">248</SimpleData>
		<SimpleData name="DepartmentCode">248</SimpleData>
		<SimpleData name="TM_Weather_StationName">Gorebal</SimpleData>
		<SimpleData name="KGISVillageID">31836</SimpleData>
	</SchemaData></ExtendedData>
      <Point><coordinates>76.7212079999911,15.6908760002885</coordinates></Point>
  </Placemark>
  <Placemark>
	<ExtendedData><SchemaData schemaUrl="#telemetric_weather_station">
		<SimpleData name="OBJECTID">145</SimpleData>
		<SimpleData name="KGISCode">29559054636012250000RDDMCPUSCRTWS0001</SimpleData>
		<SimpleData name="KGISTM_Weather_StationID">249</SimpleData>
		<SimpleData name="DepartmentCode">249</SimpleData>
		<SimpleData name="TM_Weather_StationName">Huda</SimpleData>
		<SimpleData name="KGISVillageID">4916</SimpleData>
	</SchemaData></ExtendedData>
      <Point><coordinates>76.8042969997634,15.6266659997991</coordinates></Point>
  </Placemark>
  <Placemark>
	<ExtendedData><SchemaData schemaUrl="#telemetric_weather_station">
		<SimpleData name="OBJECTID">249</SimpleData>
		<SimpleData name="KGISCode">29566055036051640000RDDMCPUSCRTWS0001</SimpleData>
		<SimpleData name="KGISTM_Weather_StationID">25</SimpleData>
		<SimpleData name="DepartmentCode">25</SimpleData>
		<SimpleData name="TM_Weather_StationName">Devasamudra</SimpleData>
		<SimpleData name="KGISVillageID">8632</SimpleData>
	</SchemaData></ExtendedData>
      <Point><coordinates>76.7826870004512,14.8814260004147</coordinates></Point>
  </Placemark>
  <Placemark>
	<ExtendedData><SchemaData schemaUrl="#telemetric_weather_station">
		<SimpleData name="OBJECTID">696</SimpleData>
		<SimpleData name="KGISCode">29559054636012080000RDDMCPUSCRTWS0001</SimpleData>
		<SimpleData name="KGISTM_Weather_StationID">250</SimpleData>
		<SimpleData name="DepartmentCode">250</SimpleData>
		<SimpleData name="TM_Weather_StationName">Salgunda</SimpleData>
		<SimpleData name="KGISVillageID">31843</SimpleData>
	</SchemaData></ExtendedData>
      <Point><coordinates>76.8313939997619,15.6639230000309</coordinates></Point>
  </Placemark>
  <Placemark>
	<ExtendedData><SchemaData schemaUrl="#telemetric_weather_station">
		<SimpleData name="OBJECTID">721</SimpleData>
		<SimpleData name="KGISCode">29559054636011630000RDDMCPUSCRTWS0001</SimpleData>
		<SimpleData name="KGISTM_Weather_StationID">251</SimpleData>
		<SimpleData name="DepartmentCode">251</SimpleData>
		<SimpleData name="TM_Weather_StationName">Walkamdnni</SimpleData>
		<SimpleData name="KGISVillageID">32174</SimpleData>
	</SchemaData></ExtendedData>
      <Point><coordinates>76.9046200003045,15.9011959999005</coordinates></Point>
  </Placemark>
  <Placemark>
	<ExtendedData><SchemaData schemaUrl="#telemetric_weather_station">
		<SimpleData name="OBJECTID">136</SimpleData>
		<SimpleData name="KGISCode">29559054626010500000RDDMCPUSCRTWS0001</SimpleData>
		<SimpleData name="KGISTM_Weather_StationID">252</SimpleData>
		<SimpleData name="DepartmentCode">252</SimpleData>
		<SimpleData name="TM_Weather_StationName">Hirekontankal</SimpleData>
		<SimpleData name="KGISVillageID">4758</SimpleData>
	</SchemaData></ExtendedData>
      <Point><coordinates>76.9542610004534,15.9619599995748</coordinates></Point>
  </Placemark>
  <Placemark>
	<ExtendedData><SchemaData schemaUrl="#telemetric_weather_station">
		<SimpleData name="OBJECTID">138</SimpleData>
		<SimpleData name="KGISCode">29559054628030680000RDDMCPUSCRTWS0001</SimpleData>
		<SimpleData name="KGISTM_Weather_StationID">253</SimpleData>
		<SimpleData name="DepartmentCode">253</SimpleData>
		<SimpleData name="TM_Weather_StationName">Manvi</SimpleData>
		<SimpleData name="KGISVillageID">4792</SimpleData>
	</SchemaData></ExtendedData>
      <Point><coordinates>77.0517829996821,15.9922860001454</coordinates></Point>
  </Placemark>
  <Placemark>
	<ExtendedData><SchemaData schemaUrl="#telemetric_weather_station">
		<SimpleData name="OBJECTID">140</SimpleData>
		<SimpleData name="KGISCode">29559054626009990000RDDMCPUSCRTWS0001</SimpleData>
		<SimpleData name="KGISTM_Weather_StationID">254</SimpleData>
		<SimpleData name="DepartmentCode">254</SimpleData>
		<SimpleData name="TM_Weather_StationName">Kurdi</SimpleData>
		<SimpleData name="KGISVillageID">4833</SimpleData>
	</SchemaData></ExtendedData>
      <Point><coordinates>77.2128620004151,16.0485299997869</coordinates></Point>
  </Placemark>
  <Placemark>
	<ExtendedData><SchemaData schemaUrl="#telemetric_weather_station">
		<SimpleData name="OBJECTID">160</SimpleData>
		<SimpleData name="KGISCode">29560054676017240000RDDMCPUSCRTWS0001</SimpleData>
		<SimpleData name="KGISTM_Weather_StationID">255</SimpleData>
		<SimpleData name="DepartmentCode">255</SimpleData>
		<SimpleData name="TM_Weather_StationName">Alwandi</SimpleData>
		<SimpleData name="KGISVillageID">5414</SimpleData>
	</SchemaData></ExtendedData>
      <Point><coordinates>75.9802789996362,15.2291180003247</coordinates></Point>
  </Placemark>
  <Placemark>
	<ExtendedData><SchemaData schemaUrl="#telemetric_weather_station">
		<SimpleData name="OBJECTID">161</SimpleData>
		<SimpleData name="KGISCode">29560054676018530000RDDMCPUSCRTWS0001</SimpleData>
		<SimpleData name="KGISTM_Weather_StationID">256</SimpleData>
		<SimpleData name="DepartmentCode">256</SimpleData>
		<SimpleData name="TM_Weather_StationName">Hitnal</SimpleData>
		<SimpleData name="KGISVillageID">5460</SimpleData>
	</SchemaData></ExtendedData>
      <Point><coordinates>76.3136580003712,15.3306329998519</coordinates></Point>
  </Placemark>
  <Placemark>
	<ExtendedData><SchemaData schemaUrl="#telemetric_weather_station">
		<SimpleData name="OBJECTID">162</SimpleData>
		<SimpleData name="KGISCode">29560054676018150000RDDMCPUSCRTWS0001</SimpleData>
		<SimpleData name="KGISTM_Weather_StationID">257</SimpleData>
		<SimpleData name="DepartmentCode">257</SimpleData>
		<SimpleData name="TM_Weather_StationName">Irkalgada</SimpleData>
		<SimpleData name="KGISVillageID">5514</SimpleData>
	</SchemaData></ExtendedData>
      <Point><coordinates>76.2226080002636,15.4649809998875</coordinates></Point>
  </Placemark>
  <Placemark>
	<ExtendedData><SchemaData schemaUrl="#telemetric_weather_station">
		<SimpleData name="OBJECTID">163</SimpleData>
		<SimpleData name="KGISCode">29560054676017660000RDDMCPUSCRTWS0001</SimpleData>
		<SimpleData name="KGISTM_Weather_StationID">258</SimpleData>
		<SimpleData name="DepartmentCode">258</SimpleData>
		<SimpleData name="TM_Weather_StationName">Koppal</SimpleData>
		<SimpleData name="KGISVillageID">5540</SimpleData>
	</SchemaData></ExtendedData>
      <Point><coordinates>76.1577920000564,15.3477760003633</coordinates></Point>
  </Placemark>
  <Placemark>
	<ExtendedData><SchemaData schemaUrl="#telemetric_weather_station">
		<SimpleData name="OBJECTID">152</SimpleData>
		<SimpleData name="KGISCode">29560054656014350000RDDMCPUSCRTWS0001</SimpleData>
		<SimpleData name="KGISTM_Weather_StationID">259</SimpleData>
		<SimpleData name="DepartmentCode">259</SimpleData>
		<SimpleData name="TM_Weather_StationName">Hanamsagar</SimpleData>
		<SimpleData name="KGISVillageID">5146</SimpleData>
	</SchemaData></ExtendedData>
      <Point><coordinates>76.0449519995563,15.8724429996853</coordinates></Point>
  </Placemark>
  <Placemark>
	<ExtendedData><SchemaData schemaUrl="#telemetric_weather_station">
		<SimpleData name="OBJECTID">475</SimpleData>
		<SimpleData name="KGISCode">29573055476138920000RDDMCPUSCRTWS0001</SimpleData>
		<SimpleData name="KGISTM_Weather_StationID">26</SimpleData>
		<SimpleData name="DepartmentCode">26</SimpleData>
		<SimpleData name="TM_Weather_StationName">Nagamangala</SimpleData>
		<SimpleData name="KGISVillageID">22086</SimpleData>
	</SchemaData></ExtendedData>
      <Point><coordinates>76.754983999684,12.8177159998887</coordinates></Point>
  </Placemark>
  <Placemark>
	<ExtendedData><SchemaData schemaUrl="#telemetric_weather_station">
		<SimpleData name="OBJECTID">151</SimpleData>
		<SimpleData name="KGISCode">29560054656013850000RDDMCPUSCRTWS0001</SimpleData>
		<SimpleData name="KGISTM_Weather_StationID">260</SimpleData>
		<SimpleData name="DepartmentCode">260</SimpleData>
		<SimpleData name="TM_Weather_StationName">Hanumanal</SimpleData>
		<SimpleData name="KGISVillageID">5110</SimpleData>
	</SchemaData></ExtendedData>
      <Point><coordinates>75.8930209998781,15.8590000003952</coordinates></Point>
  </Placemark>
  <Placemark>
	<ExtendedData><SchemaData schemaUrl="#telemetric_weather_station">
		<SimpleData name="OBJECTID">680</SimpleData>
		<SimpleData name="KGISCode">29560054658030710000RDDMCPUSCRTWS0001</SimpleData>
		<SimpleData name="KGISTM_Weather_StationID">261</SimpleData>
		<SimpleData name="DepartmentCode">261</SimpleData>
		<SimpleData name="TM_Weather_StationName">Kushtagi</SimpleData>
		<SimpleData name="KGISVillageID">31503</SimpleData>
	</SchemaData></ExtendedData>
      <Point><coordinates>76.1920419997034,15.7542149998012</coordinates></Point>
  </Placemark>
  <Placemark>
	<ExtendedData><SchemaData schemaUrl="#telemetric_weather_station">
		<SimpleData name="OBJECTID">147</SimpleData>
		<SimpleData name="KGISCode">29560054646012930000RDDMCPUSCRTWS0001</SimpleData>
		<SimpleData name="KGISTM_Weather_StationID">262</SimpleData>
		<SimpleData name="DepartmentCode">262</SimpleData>
		<SimpleData name="TM_Weather_StationName">HireWankal Kunta</SimpleData>
		<SimpleData name="KGISVillageID">4971</SimpleData>
	</SchemaData></ExtendedData>
      <Point><coordinates>76.2292169999345,15.6393389996715</coordinates></Point>
  </Placemark>
  <Placemark>
	<ExtendedData><SchemaData schemaUrl="#telemetric_weather_station">
		<SimpleData name="OBJECTID">149</SimpleData>
		<SimpleData name="KGISCode">29560054646013480000RDDMCPUSCRTWS0001</SimpleData>
		<SimpleData name="KGISTM_Weather_StationID">263</SimpleData>
		<SimpleData name="DepartmentCode">263</SimpleData>
		<SimpleData name="TM_Weather_StationName">Kuknoor</SimpleData>
		<SimpleData name="KGISVillageID">5047</SimpleData>
	</SchemaData></ExtendedData>
      <Point><coordinates>75.993867999548,15.4899369998075</coordinates></Point>
  </Placemark>
  <Placemark>
	<ExtendedData><SchemaData schemaUrl="#telemetric_weather_station">
		<SimpleData name="OBJECTID">150</SimpleData>
		<SimpleData name="KGISCode">29560054646013220000RDDMCPUSCRTWS0001</SimpleData>
		<SimpleData name="KGISTM_Weather_StationID">264</SimpleData>
		<SimpleData name="DepartmentCode">264</SimpleData>
		<SimpleData name="TM_Weather_StationName">Manglur</SimpleData>
		<SimpleData name="KGISVillageID">5084</SimpleData>
	</SchemaData></ExtendedData>
      <Point><coordinates>76.1490639996519,15.5171850001041</coordinates></Point>
  </Placemark>
  <Placemark>
	<ExtendedData><SchemaData schemaUrl="#telemetric_weather_station">
		<SimpleData name="OBJECTID">148</SimpleData>
		<SimpleData name="KGISCode">29560054648030700000RDDMCPUSCRTWS0001</SimpleData>
		<SimpleData name="KGISTM_Weather_StationID">265</SimpleData>
		<SimpleData name="DepartmentCode">265</SimpleData>
		<SimpleData name="TM_Weather_StationName">Yalburga</SimpleData>
		<SimpleData name="KGISVillageID">5028</SimpleData>
	</SchemaData></ExtendedData>
      <Point><coordinates>76.012964999926,15.6155830002606</coordinates></Point>
  </Placemark>
  <Placemark>
	<ExtendedData><SchemaData schemaUrl="#telemetric_weather_station">
		<SimpleData name="OBJECTID">155</SimpleData>
		<SimpleData name="KGISCode">29560054668030720000RDDMCPUSCRTWS0001</SimpleData>
		<SimpleData name="KGISTM_Weather_StationID">266</SimpleData>
		<SimpleData name="DepartmentCode">266</SimpleData>
		<SimpleData name="TM_Weather_StationName">Gangavathi</SimpleData>
		<SimpleData name="KGISVillageID">5328</SimpleData>
	</SchemaData></ExtendedData>
      <Point><coordinates>76.5312519998954,15.4348359995685</coordinates></Point>
  </Placemark>
  <Placemark>
	<ExtendedData><SchemaData schemaUrl="#telemetric_weather_station">
		<SimpleData name="OBJECTID">153</SimpleData>
		<SimpleData name="KGISCode">29560054666015800000RDDMCPUSCRTWS0001</SimpleData>
		<SimpleData name="KGISTM_Weather_StationID">267</SimpleData>
		<SimpleData name="DepartmentCode">267</SimpleData>
		<SimpleData name="TM_Weather_StationName">Kanakgiri</SimpleData>
		<SimpleData name="KGISVillageID">5295</SimpleData>
	</SchemaData></ExtendedData>
      <Point><coordinates>76.4182450004647,15.5669070003665</coordinates></Point>
  </Placemark>
  <Placemark>
	<ExtendedData><SchemaData schemaUrl="#telemetric_weather_station">
		<SimpleData name="OBJECTID">154</SimpleData>
		<SimpleData name="KGISCode">29560054666016810000RDDMCPUSCRTWS0001</SimpleData>
		<SimpleData name="KGISTM_Weather_StationID">268</SimpleData>
		<SimpleData name="DepartmentCode">268</SimpleData>
		<SimpleData name="TM_Weather_StationName">Karatagi</SimpleData>
		<SimpleData name="KGISVillageID">5316</SimpleData>
	</SchemaData></ExtendedData>
      <Point><coordinates>76.6633200002684,15.6112530000013</coordinates></Point>
  </Placemark>
  <Placemark>
	<ExtendedData><SchemaData schemaUrl="#telemetric_weather_station">
		<SimpleData name="OBJECTID">157</SimpleData>
		<SimpleData name="KGISCode">29560054666016630000RDDMCPUSCRTWS0001</SimpleData>
		<SimpleData name="KGISTM_Weather_StationID">269</SimpleData>
		<SimpleData name="DepartmentCode">269</SimpleData>
		<SimpleData name="TM_Weather_StationName">Navali</SimpleData>
		<SimpleData name="KGISVillageID">5373</SimpleData>
	</SchemaData></ExtendedData>
      <Point><coordinates>76.5441050003973,15.6493220000489</coordinates></Point>
  </Placemark>
  <Placemark>
	<ExtendedData><SchemaData schemaUrl="#telemetric_weather_station">
		<SimpleData name="OBJECTID">697</SimpleData>
		<SimpleData name="KGISCode">29559054638030690000RDDMCPUSCRTWS0001</SimpleData>
		<SimpleData name="KGISTM_Weather_StationID">27</SimpleData>
		<SimpleData name="DepartmentCode">27</SimpleData>
		<SimpleData name="TM_Weather_StationName">Sindhanur</SimpleData>
		<SimpleData name="KGISVillageID">31849</SimpleData>
	</SchemaData></ExtendedData>
      <Point><coordinates>76.7581670001031,15.7759149997844</coordinates></Point>
  </Placemark>
  <Placemark>
	<ExtendedData><SchemaData schemaUrl="#telemetric_weather_station">
		<SimpleData name="OBJECTID">158</SimpleData>
		<SimpleData name="KGISCode">29560054666016960000RDDMCPUSCRTWS0001</SimpleData>
		<SimpleData name="KGISTM_Weather_StationID">270</SimpleData>
		<SimpleData name="DepartmentCode">270</SimpleData>
		<SimpleData name="TM_Weather_StationName">Siddapur</SimpleData>
		<SimpleData name="KGISVillageID">5391</SimpleData>
	</SchemaData></ExtendedData>
      <Point><coordinates>76.635591999946,15.527071000215</coordinates></Point>
  </Placemark>
  <Placemark>
	<ExtendedData><SchemaData schemaUrl="#telemetric_weather_station">
		<SimpleData name="OBJECTID">159</SimpleData>
		<SimpleData name="KGISCode">29560054666016060000RDDMCPUSCRTWS0001</SimpleData>
		<SimpleData name="KGISTM_Weather_StationID">271</SimpleData>
		<SimpleData name="DepartmentCode">271</SimpleData>
		<SimpleData name="TM_Weather_StationName">Venkatagiri</SimpleData>
		<SimpleData name="KGISVillageID">5412</SimpleData>
	</SchemaData></ExtendedData>
      <Point><coordinates>76.4472349997314,15.4609450002291</coordinates></Point>
  </Placemark>
  <Placemark>
	<ExtendedData><SchemaData schemaUrl="#telemetric_weather_station">
		<SimpleData name="OBJECTID">251</SimpleData>
		<SimpleData name="KGISCode">29566055048031190000RDDMCPUSCRTWS0001</SimpleData>
		<SimpleData name="KGISTM_Weather_StationID">272</SimpleData>
		<SimpleData name="DepartmentCode">272</SimpleData>
		<SimpleData name="TM_Weather_StationName">Challakere</SimpleData>
		<SimpleData name="KGISVillageID">8713</SimpleData>
	</SchemaData></ExtendedData>
      <Point><coordinates>76.6494709998274,14.3136370000764</coordinates></Point>
  </Placemark>
  <Placemark>
	<ExtendedData><SchemaData schemaUrl="#telemetric_weather_station">
		<SimpleData name="OBJECTID">256</SimpleData>
		<SimpleData name="KGISCode">29566055056055540000RDDMCPUSCRTWS0001</SimpleData>
		<SimpleData name="KGISTM_Weather_StationID">273</SimpleData>
		<SimpleData name="DepartmentCode">273</SimpleData>
		<SimpleData name="TM_Weather_StationName">Hireguntanur</SimpleData>
		<SimpleData name="KGISVillageID">8934</SimpleData>
	</SchemaData></ExtendedData>
      <Point><coordinates>76.2844120000843,14.2123750004246</coordinates></Point>
  </Placemark>
  <Placemark>
	<ExtendedData><SchemaData schemaUrl="#telemetric_weather_station">
		<SimpleData name="OBJECTID">259</SimpleData>
		<SimpleData name="KGISCode">29566055056055000000RDDMCPUSCRTWS0001</SimpleData>
		<SimpleData name="KGISTM_Weather_StationID">274</SimpleData>
		<SimpleData name="DepartmentCode">274</SimpleData>
		<SimpleData name="TM_Weather_StationName">Turuvanur</SimpleData>
		<SimpleData name="KGISVillageID">9028</SimpleData>
	</SchemaData></ExtendedData>
      <Point><coordinates>76.4408979999646,14.4020149996161</coordinates></Point>
  </Placemark>
  <Placemark>
	<ExtendedData><SchemaData schemaUrl="#telemetric_weather_station">
		<SimpleData name="OBJECTID">255</SimpleData>
		<SimpleData name="KGISCode">29566055056054560000RDDMCPUSCRTWS0001</SimpleData>
		<SimpleData name="KGISTM_Weather_StationID">275</SimpleData>
		<SimpleData name="DepartmentCode">275</SimpleData>
		<SimpleData name="TM_Weather_StationName">Bharamasagara</SimpleData>
		<SimpleData name="KGISVillageID">8865</SimpleData>
	</SchemaData></ExtendedData>
      <Point><coordinates>76.1926670002513,14.3705569999252</coordinates></Point>
  </Placemark>
  <Placemark>
	<ExtendedData><SchemaData schemaUrl="#telemetric_weather_station">
		<SimpleData name="OBJECTID">267</SimpleData>
		<SimpleData name="KGISCode">29566055086060600000RDDMCPUSCRTWS0001</SimpleData>
		<SimpleData name="KGISTM_Weather_StationID">276</SimpleData>
		<SimpleData name="DepartmentCode">276</SimpleData>
		<SimpleData name="TM_Weather_StationName">Aimangala</SimpleData>
		<SimpleData name="KGISVillageID">9511</SimpleData>
	</SchemaData></ExtendedData>
      <Point><coordinates>76.5327280001965,14.0902930001828</coordinates></Point>
  </Placemark>
  <Placemark>
	<ExtendedData><SchemaData schemaUrl="#telemetric_weather_station">
		<SimpleData name="OBJECTID">588</SimpleData>
		<SimpleData name="KGISCode">29566055086061190000RDDMCPUSCRTWS0001</SimpleData>
		<SimpleData name="KGISTM_Weather_StationID">277</SimpleData>
		<SimpleData name="DepartmentCode">277</SimpleData>
		<SimpleData name="TM_Weather_StationName">Dharmapura</SimpleData>
		<SimpleData name="KGISVillageID">27970</SimpleData>
	</SchemaData></ExtendedData>
      <Point><coordinates>76.8649370000818,14.0662599995493</coordinates></Point>
  </Placemark>
  <Placemark>
	<ExtendedData><SchemaData schemaUrl="#telemetric_weather_station">
		<SimpleData name="OBJECTID">668</SimpleData>
		<SimpleData name="KGISCode">29566055086061870000RDDMCPUSCRTWS0001</SimpleData>
		<SimpleData name="KGISTM_Weather_StationID">278</SimpleData>
		<SimpleData name="DepartmentCode">278</SimpleData>
		<SimpleData name="TM_Weather_StationName">Javanagondanahalli</SimpleData>
		<SimpleData name="KGISVillageID">31245</SimpleData>
	</SchemaData></ExtendedData>
      <Point><coordinates>76.7472460000516,13.8378489999217</coordinates></Point>
  </Placemark>
  <Placemark>
	<ExtendedData><SchemaData schemaUrl="#telemetric_weather_station">
		<SimpleData name="OBJECTID">706</SimpleData>
		<SimpleData name="KGISCode">29566055076059990000RDDMCPUSCRTWS0001</SimpleData>
		<SimpleData name="KGISTM_Weather_StationID">279</SimpleData>
		<SimpleData name="DepartmentCode">279</SimpleData>
		<SimpleData name="TM_Weather_StationName">Sriramapura</SimpleData>
		<SimpleData name="KGISVillageID">31946</SimpleData>
	</SchemaData></ExtendedData>
      <Point><coordinates>76.4200413164556,13.6225662124166</coordinates></Point>
  </Placemark>
  <Placemark>
	<ExtendedData><SchemaData schemaUrl="#telemetric_weather_station">
		<SimpleData name="OBJECTID">89</SimpleData>
		<SimpleData name="KGISCode">29579055868032140000RDDMCPUSCRTWS0001</SimpleData>
		<SimpleData name="KGISTM_Weather_StationID">28</SimpleData>
		<SimpleData name="DepartmentCode">28</SimpleData>
		<SimpleData name="TM_Weather_StationName">Jevargi</SimpleData>
		<SimpleData name="KGISVillageID">3145</SimpleData>
	</SchemaData></ExtendedData>
      <Point><coordinates>76.7740949999691,17.0140890001651</coordinates></Point>
  </Placemark>
  <Placemark>
	<ExtendedData><SchemaData schemaUrl="#telemetric_weather_station">
		<SimpleData name="OBJECTID">266</SimpleData>
		<SimpleData name="KGISCode">29566055076060120000RDDMCPUSCRTWS0001</SimpleData>
		<SimpleData name="KGISTM_Weather_StationID">280</SimpleData>
		<SimpleData name="DepartmentCode">280</SimpleData>
		<SimpleData name="TM_Weather_StationName">Mathodu</SimpleData>
		<SimpleData name="KGISVillageID">9388</SimpleData>
	</SchemaData></ExtendedData>
      <Point><coordinates>76.4032290165614,13.7721377809113</coordinates></Point>
  </Placemark>
  <Placemark>
	<ExtendedData><SchemaData schemaUrl="#telemetric_weather_station">
		<SimpleData name="OBJECTID">265</SimpleData>
		<SimpleData name="KGISCode">29566055076059380000RDDMCPUSCRTWS0001</SimpleData>
		<SimpleData name="KGISTM_Weather_StationID">281</SimpleData>
		<SimpleData name="DepartmentCode">281</SimpleData>
		<SimpleData name="TM_Weather_StationName">Madadakere</SimpleData>
		<SimpleData name="KGISVillageID">9350</SimpleData>
	</SchemaData></ExtendedData>
      <Point><coordinates>76.386177000451,13.8862650001007</coordinates></Point>
  </Placemark>
  <Placemark>
	<ExtendedData><SchemaData schemaUrl="#telemetric_weather_station">
		<SimpleData name="OBJECTID">262</SimpleData>
		<SimpleData name="KGISCode">29566055066056910000RDDMCPUSCRTWS0001</SimpleData>
		<SimpleData name="KGISTM_Weather_StationID">282</SimpleData>
		<SimpleData name="DepartmentCode">282</SimpleData>
		<SimpleData name="TM_Weather_StationName">Ramagiri</SimpleData>
		<SimpleData name="KGISVillageID">9165</SimpleData>
	</SchemaData></ExtendedData>
      <Point><coordinates>76.1227389997558,13.9528379995835</coordinates></Point>
  </Placemark>
  <Placemark>
	<ExtendedData><SchemaData schemaUrl="#telemetric_weather_station">
		<SimpleData name="OBJECTID">263</SimpleData>
		<SimpleData name="KGISCode">29566055066057860000RDDMCPUSCRTWS0001</SimpleData>
		<SimpleData name="KGISTM_Weather_StationID">283</SimpleData>
		<SimpleData name="DepartmentCode">283</SimpleData>
		<SimpleData name="TM_Weather_StationName">Talya</SimpleData>
		<SimpleData name="KGISVillageID">9234</SimpleData>
	</SchemaData></ExtendedData>
      <Point><coordinates>76.2711120000912,14.0201270003207</coordinates></Point>
  </Placemark>
  <Placemark>
	<ExtendedData><SchemaData schemaUrl="#telemetric_weather_station">
		<SimpleData name="OBJECTID">42</SimpleData>
		<SimpleData name="KGISCode">29556054475988190000RDDMCPUSCRTWS0001</SimpleData>
		<SimpleData name="KGISTM_Weather_StationID">284</SimpleData>
		<SimpleData name="DepartmentCode">284</SimpleData>
		<SimpleData name="TM_Weather_StationName">Rampura</SimpleData>
		<SimpleData name="KGISVillageID">1552</SimpleData>
	</SchemaData></ExtendedData>
      <Point><coordinates>75.8952979999802,16.2957809995709</coordinates></Point>
  </Placemark>
  <Placemark>
	<ExtendedData><SchemaData schemaUrl="#telemetric_weather_station">
		<SimpleData name="OBJECTID">196</SimpleData>
		<SimpleData name="KGISCode">29563054836033180000RDDMCPUSCRTWS0001</SimpleData>
		<SimpleData name="KGISTM_Weather_StationID">285</SimpleData>
		<SimpleData name="DepartmentCode">285</SimpleData>
		<SimpleData name="TM_Weather_StationName">Banavasi</SimpleData>
		<SimpleData name="KGISVillageID">6744</SimpleData>
	</SchemaData></ExtendedData>
      <Point><coordinates>75.015923000239,14.5389619997246</coordinates></Point>
  </Placemark>
  <Placemark>
	<ExtendedData><SchemaData schemaUrl="#telemetric_weather_station">
		<SimpleData name="OBJECTID">96</SimpleData>
		<SimpleData name="KGISCode">29580055886211450000RDDMCPUSCRTWS0001</SimpleData>
		<SimpleData name="KGISTM_Weather_StationID">286</SimpleData>
		<SimpleData name="DepartmentCode">286</SimpleData>
		<SimpleData name="TM_Weather_StationName">Doranahalli</SimpleData>
		<SimpleData name="KGISVillageID">3404</SimpleData>
	</SchemaData></ExtendedData>
      <Point><coordinates>76.9166099996181,16.7311900000561</coordinates></Point>
  </Placemark>
  <Placemark>
	<ExtendedData><SchemaData schemaUrl="#telemetric_weather_station">
		<SimpleData name="OBJECTID">97</SimpleData>
		<SimpleData name="KGISCode">29580055886212240000RDDMCPUSCRTWS0001</SimpleData>
		<SimpleData name="KGISTM_Weather_StationID">287</SimpleData>
		<SimpleData name="DepartmentCode">287</SimpleData>
		<SimpleData name="TM_Weather_StationName">Gogipeth</SimpleData>
		<SimpleData name="KGISVillageID">3431</SimpleData>
	</SchemaData></ExtendedData>
      <Point><coordinates>76.7453479996057,16.7329029999705</coordinates></Point>
  </Placemark>
  <Placemark>
	<ExtendedData><SchemaData schemaUrl="#telemetric_weather_station">
		<SimpleData name="OBJECTID">575</SimpleData>
		<SimpleData name="KGISCode">29580055886211740000RDDMCPUSCRTWS0001</SimpleData>
		<SimpleData name="KGISTM_Weather_StationID">288</SimpleData>
		<SimpleData name="DepartmentCode">288</SimpleData>
		<SimpleData name="TM_Weather_StationName">Hayyala Buzurg</SimpleData>
		<SimpleData name="KGISVillageID">27505</SimpleData>
	</SchemaData></ExtendedData>
      <Point><coordinates>76.9576569996917,16.5609140001524</coordinates></Point>
  </Placemark>
  <Placemark>
	<ExtendedData><SchemaData schemaUrl="#telemetric_weather_station">
		<SimpleData name="OBJECTID">98</SimpleData>
		<SimpleData name="KGISCode">29580055886211920000RDDMCPUSCRTWS0001</SimpleData>
		<SimpleData name="KGISTM_Weather_StationID">289</SimpleData>
		<SimpleData name="DepartmentCode">289</SimpleData>
		<SimpleData name="TM_Weather_StationName">Wadagera</SimpleData>
		<SimpleData name="KGISVillageID">3542</SimpleData>
	</SchemaData></ExtendedData>
      <Point><coordinates>77.0987599995934,16.5839709999736</coordinates></Point>
  </Placemark>
  <Placemark>
	<ExtendedData><SchemaData schemaUrl="#telemetric_weather_station">
		<SimpleData name="OBJECTID">573</SimpleData>
		<SimpleData name="KGISCode">29579055828032070000RDDMCPUSCRTWS0001</SimpleData>
		<SimpleData name="KGISTM_Weather_StationID">29</SimpleData>
		<SimpleData name="DepartmentCode">29</SimpleData>
		<SimpleData name="TM_Weather_StationName">Gulbarga</SimpleData>
		<SimpleData name="KGISVillageID">27420</SimpleData>
	</SchemaData></ExtendedData>
      <Point><coordinates>76.8356470003501,17.3324829995669</coordinates></Point>
  </Placemark>
  <Placemark>
	<ExtendedData><SchemaData schemaUrl="#telemetric_weather_station">
		<SimpleData name="OBJECTID">92</SimpleData>
		<SimpleData name="KGISCode">29580055876209450000RDDMCPUSCRTWS0001</SimpleData>
		<SimpleData name="KGISTM_Weather_StationID">290</SimpleData>
		<SimpleData name="DepartmentCode">290</SimpleData>
		<SimpleData name="TM_Weather_StationName">Hunsgi</SimpleData>
		<SimpleData name="KGISVillageID">3234</SimpleData>
	</SchemaData></ExtendedData>
      <Point><coordinates>76.5196160001109,16.4545489995586</coordinates></Point>
  </Placemark>
  <Placemark>
	<ExtendedData><SchemaData schemaUrl="#telemetric_weather_station">
		<SimpleData name="OBJECTID">574</SimpleData>
		<SimpleData name="KGISCode">29580055876210250000RDDMCPUSCRTWS0001</SimpleData>
		<SimpleData name="KGISTM_Weather_StationID">291</SimpleData>
		<SimpleData name="DepartmentCode">291</SimpleData>
		<SimpleData name="TM_Weather_StationName">Kakkera</SimpleData>
		<SimpleData name="KGISVillageID">27496</SimpleData>
	</SchemaData></ExtendedData>
      <Point><coordinates>76.5892069995917,16.381952000354</coordinates></Point>
  </Placemark>
  <Placemark>
	<ExtendedData><SchemaData schemaUrl="#telemetric_weather_station">
		<SimpleData name="OBJECTID">94</SimpleData>
		<SimpleData name="KGISCode">29580055876208890000RDDMCPUSCRTWS0001</SimpleData>
		<SimpleData name="KGISTM_Weather_StationID">292</SimpleData>
		<SimpleData name="DepartmentCode">292</SimpleData>
		<SimpleData name="TM_Weather_StationName">Kembhavi</SimpleData>
		<SimpleData name="KGISVillageID">3348</SimpleData>
	</SchemaData></ExtendedData>
      <Point><coordinates>76.5337150000753,16.649413000327</coordinates></Point>
  </Placemark>
  <Placemark>
	<ExtendedData><SchemaData schemaUrl="#telemetric_weather_station">
		<SimpleData name="OBJECTID">95</SimpleData>
		<SimpleData name="KGISCode">29580055876209710000RDDMCPUSCRTWS0001</SimpleData>
		<SimpleData name="KGISTM_Weather_StationID">293</SimpleData>
		<SimpleData name="DepartmentCode">293</SimpleData>
		<SimpleData name="TM_Weather_StationName">Kodekal</SimpleData>
		<SimpleData name="KGISVillageID">3381</SimpleData>
	</SchemaData></ExtendedData>
      <Point><coordinates>76.4041850003206,16.3515519997096</coordinates></Point>
  </Placemark>
  <Placemark>
	<ExtendedData><SchemaData schemaUrl="#telemetric_weather_station">
		<SimpleData name="OBJECTID">99</SimpleData>
		<SimpleData name="KGISCode">29580055896213240000RDDMCPUSCRTWS0001</SimpleData>
		<SimpleData name="KGISTM_Weather_StationID">294</SimpleData>
		<SimpleData name="DepartmentCode">294</SimpleData>
		<SimpleData name="TM_Weather_StationName">Balichakra</SimpleData>
		<SimpleData name="KGISVillageID">3543</SimpleData>
	</SchemaData></ExtendedData>
      <Point><coordinates>77.2640329998655,16.6754669996134</coordinates></Point>
  </Placemark>
  <Placemark>
	<ExtendedData><SchemaData schemaUrl="#telemetric_weather_station">
		<SimpleData name="OBJECTID">100</SimpleData>
		<SimpleData name="KGISCode">29580055896212640000RDDMCPUSCRTWS0001</SimpleData>
		<SimpleData name="KGISTM_Weather_StationID">295</SimpleData>
		<SimpleData name="DepartmentCode">295</SimpleData>
		<SimpleData name="TM_Weather_StationName">Gurmatkal</SimpleData>
		<SimpleData name="KGISVillageID">3570</SimpleData>
	</SchemaData></ExtendedData>
      <Point><coordinates>77.3915980003838,16.8664300001824</coordinates></Point>
  </Placemark>
  <Placemark>
	<ExtendedData><SchemaData schemaUrl="#telemetric_weather_station">
		<SimpleData name="OBJECTID">101</SimpleData>
		<SimpleData name="KGISCode">29580055896212400000RDDMCPUSCRTWS0001</SimpleData>
		<SimpleData name="KGISTM_Weather_StationID">296</SimpleData>
		<SimpleData name="DepartmentCode">296</SimpleData>
		<SimpleData name="TM_Weather_StationName">Hattikuni</SimpleData>
		<SimpleData name="KGISVillageID">3596</SimpleData>
	</SchemaData></ExtendedData>
      <Point><coordinates>77.1543659999216,16.8486869997412</coordinates></Point>
  </Placemark>
  <Placemark>
	<ExtendedData><SchemaData schemaUrl="#telemetric_weather_station">
		<SimpleData name="OBJECTID">102</SimpleData>
		<SimpleData name="KGISCode">29580055896213450000RDDMCPUSCRTWS0001</SimpleData>
		<SimpleData name="KGISTM_Weather_StationID">297</SimpleData>
		<SimpleData name="DepartmentCode">297</SimpleData>
		<SimpleData name="TM_Weather_StationName">Konkal</SimpleData>
		<SimpleData name="KGISVillageID">3650</SimpleData>
	</SchemaData></ExtendedData>
      <Point><coordinates>77.382152999861,16.7351670000831</coordinates></Point>
  </Placemark>
  <Placemark>
	<ExtendedData><SchemaData schemaUrl="#telemetric_weather_station">
		<SimpleData name="OBJECTID">103</SimpleData>
		<SimpleData name="KGISCode">29580055896213880000RDDMCPUSCRTWS0001</SimpleData>
		<SimpleData name="KGISTM_Weather_StationID">298</SimpleData>
		<SimpleData name="DepartmentCode">298</SimpleData>
		<SimpleData name="TM_Weather_StationName">Saidapur</SimpleData>
		<SimpleData name="KGISVillageID">3689</SimpleData>
	</SchemaData></ExtendedData>
      <Point><coordinates>77.2668059998833,16.5629249997098</coordinates></Point>
  </Placemark>
  <Placemark>
	<ExtendedData><SchemaData schemaUrl="#telemetric_weather_station">
		<SimpleData name="OBJECTID">127</SimpleData>
		<SimpleData name="KGISCode">29559054596005200000RDDMCPUSCRTWS0001</SimpleData>
		<SimpleData name="KGISTM_Weather_StationID">299</SimpleData>
		<SimpleData name="DepartmentCode">299</SimpleData>
		<SimpleData name="TM_Weather_StationName">Maski</SimpleData>
		<SimpleData name="KGISVillageID">4380</SimpleData>
	</SchemaData></ExtendedData>
      <Point><coordinates>76.6585189998892,15.9566189996081</coordinates></Point>
  </Placemark>
  <Placemark>
	<ExtendedData><SchemaData schemaUrl="#telemetric_weather_station">
		<SimpleData name="OBJECTID">418</SimpleData>
		<SimpleData name="KGISCode">29581055918032210000RDDMCPUSCRTWS0001</SimpleData>
		<SimpleData name="KGISTM_Weather_StationID">3</SimpleData>
		<SimpleData name="DepartmentCode">3</SimpleData>
		<SimpleData name="TM_Weather_StationName">Kolar</SimpleData>
		<SimpleData name="KGISVillageID">17687</SimpleData>
	</SchemaData></ExtendedData>
      <Point><coordinates>78.1293379995664,13.1374729997996</coordinates></Point>
  </Placemark>
  <Placemark>
	<ExtendedData><SchemaData schemaUrl="#telemetric_weather_station">
		<SimpleData name="OBJECTID">555</SimpleData>
		<SimpleData name="KGISCode">29577055756193960000RDDMCPUSCRTWS0001</SimpleData>
		<SimpleData name="KGISTM_Weather_StationID">30</SimpleData>
		<SimpleData name="DepartmentCode">30</SimpleData>
		<SimpleData name="TM_Weather_StationName">T.Narasipura</SimpleData>
		<SimpleData name="KGISVillageID">26770</SimpleData>
	</SchemaData></ExtendedData>
      <Point><coordinates>76.907271665964,12.2224834655696</coordinates></Point>
  </Placemark>
  <Placemark>
	<ExtendedData><SchemaData schemaUrl="#telemetric_weather_station">
		<SimpleData name="OBJECTID">692</SimpleData>
		<SimpleData name="KGISCode">29559054598030630000RDDMCPUSCRTWS0001</SimpleData>
		<SimpleData name="KGISTM_Weather_StationID">300</SimpleData>
		<SimpleData name="DepartmentCode">300</SimpleData>
		<SimpleData name="TM_Weather_StationName">Mudgal</SimpleData>
		<SimpleData name="KGISVillageID">31821</SimpleData>
	</SchemaData></ExtendedData>
      <Point><coordinates>76.4417029996937,16.0107570000332</coordinates></Point>
  </Placemark>
  <Placemark>
	<ExtendedData><SchemaData schemaUrl="#telemetric_weather_station">
		<SimpleData name="OBJECTID">130</SimpleData>
		<SimpleData name="KGISCode">29559054616007730000RDDMCPUSCRTWS0001</SimpleData>
		<SimpleData name="KGISTM_Weather_StationID">301</SimpleData>
		<SimpleData name="DepartmentCode">301</SimpleData>
		<SimpleData name="TM_Weather_StationName">Chandrebanda</SimpleData>
		<SimpleData name="KGISVillageID">4586</SimpleData>
	</SchemaData></ExtendedData>
      <Point><coordinates>77.4527569998137,16.2435709997437</coordinates></Point>
  </Placemark>
  <Placemark>
	<ExtendedData><SchemaData schemaUrl="#telemetric_weather_station">
		<SimpleData name="OBJECTID">131</SimpleData>
		<SimpleData name="KGISCode">29559054616007390000RDDMCPUSCRTWS0001</SimpleData>
		<SimpleData name="KGISTM_Weather_StationID">302</SimpleData>
		<SimpleData name="DepartmentCode">302</SimpleData>
		<SimpleData name="TM_Weather_StationName">Devosugur</SimpleData>
		<SimpleData name="KGISVillageID">4611</SimpleData>
	</SchemaData></ExtendedData>
      <Point><coordinates>77.3645239997679,16.3683760003971</coordinates></Point>
  </Placemark>
  <Placemark>
	<ExtendedData><SchemaData schemaUrl="#telemetric_weather_station">
		<SimpleData name="OBJECTID">132</SimpleData>
		<SimpleData name="KGISCode">29559054616008720000RDDMCPUSCRTWS0001</SimpleData>
		<SimpleData name="KGISTM_Weather_StationID">303</SimpleData>
		<SimpleData name="DepartmentCode">303</SimpleData>
		<SimpleData name="TM_Weather_StationName">Gilasugur</SimpleData>
		<SimpleData name="KGISVillageID">4639</SimpleData>
	</SchemaData></ExtendedData>
      <Point><coordinates>77.3763930002677,15.9738870001994</coordinates></Point>
  </Placemark>
  <Placemark>
	<ExtendedData><SchemaData schemaUrl="#telemetric_weather_station">
		<SimpleData name="OBJECTID">134</SimpleData>
		<SimpleData name="KGISCode">29559054616008430000RDDMCPUSCRTWS0001</SimpleData>
		<SimpleData name="KGISTM_Weather_StationID">304</SimpleData>
		<SimpleData name="DepartmentCode">304</SimpleData>
		<SimpleData name="TM_Weather_StationName">Yergera</SimpleData>
		<SimpleData name="KGISVillageID">4730</SimpleData>
	</SchemaData></ExtendedData>
      <Point><coordinates>77.4130819997852,16.0686070002658</coordinates></Point>
  </Placemark>
  <Placemark>
	<ExtendedData><SchemaData schemaUrl="#telemetric_weather_station">
		<SimpleData name="OBJECTID">722</SimpleData>
		<SimpleData name="KGISCode">29559054636011350000RDDMCPUSCRTWS0001</SimpleData>
		<SimpleData name="KGISTM_Weather_StationID">305</SimpleData>
		<SimpleData name="DepartmentCode">305</SimpleData>
		<SimpleData name="TM_Weather_StationName">Balganur</SimpleData>
		<SimpleData name="KGISVillageID">32231</SimpleData>
	</SchemaData></ExtendedData>
      <Point><coordinates>76.7534230000073,15.9551670003647</coordinates></Point>
  </Placemark>
  <Placemark>
	<ExtendedData><SchemaData schemaUrl="#telemetric_weather_station">
		<SimpleData name="OBJECTID">144</SimpleData>
		<SimpleData name="KGISCode">29559054636011750000RDDMCPUSCRTWS0001</SimpleData>
		<SimpleData name="KGISTM_Weather_StationID">306</SimpleData>
		<SimpleData name="DepartmentCode">306</SimpleData>
		<SimpleData name="TM_Weather_StationName">Hadganhal</SimpleData>
		<SimpleData name="KGISVillageID">4912</SimpleData>
	</SchemaData></ExtendedData>
      <Point><coordinates>76.9803099996957,15.7978139999143</coordinates></Point>
  </Placemark>
  <Placemark>
	<ExtendedData><SchemaData schemaUrl="#telemetric_weather_station">
		<SimpleData name="OBJECTID">37</SimpleData>
		<SimpleData name="KGISCode">29556054465987500000RDDMCPUSCRTWS0001</SimpleData>
		<SimpleData name="KGISTM_Weather_StationID">307</SimpleData>
		<SimpleData name="DepartmentCode">307</SimpleData>
		<SimpleData name="TM_Weather_StationName">Badami</SimpleData>
		<SimpleData name="KGISVillageID">1365</SimpleData>
	</SchemaData></ExtendedData>
      <Point><coordinates>75.6833349997294,15.9194730004482</coordinates></Point>
  </Placemark>
  <Placemark>
	<ExtendedData><SchemaData schemaUrl="#telemetric_weather_station">
		<SimpleData name="OBJECTID">36</SimpleData>
		<SimpleData name="KGISCode">29556054465986680000RDDMCPUSCRTWS0001</SimpleData>
		<SimpleData name="KGISTM_Weather_StationID">308</SimpleData>
		<SimpleData name="DepartmentCode">308</SimpleData>
		<SimpleData name="TM_Weather_StationName">Guledagudda</SimpleData>
		<SimpleData name="KGISVillageID">1337</SimpleData>
	</SchemaData></ExtendedData>
      <Point><coordinates>75.7907589995399,16.0472610002666</coordinates></Point>
  </Placemark>
  <Placemark>
	<ExtendedData><SchemaData schemaUrl="#telemetric_weather_station">
		<SimpleData name="OBJECTID">38</SimpleData>
		<SimpleData name="KGISCode">29556054465986520000RDDMCPUSCRTWS0001</SimpleData>
		<SimpleData name="KGISTM_Weather_StationID">309</SimpleData>
		<SimpleData name="DepartmentCode">309</SimpleData>
		<SimpleData name="TM_Weather_StationName">Kerur</SimpleData>
		<SimpleData name="KGISVillageID">1422</SimpleData>
	</SchemaData></ExtendedData>
      <Point><coordinates>75.5491740002448,16.0143999998402</coordinates></Point>
  </Placemark>
  <Placemark>
	<ExtendedData><SchemaData schemaUrl="#telemetric_weather_station">
		<SimpleData name="OBJECTID">365</SimpleData>
		<SimpleData name="KGISCode">29571055336103860000RDDMCPUSCRTWS0001</SimpleData>
		<SimpleData name="KGISTM_Weather_StationID">31</SimpleData>
		<SimpleData name="DepartmentCode">31</SimpleData>
		<SimpleData name="TM_Weather_StationName">Sira</SimpleData>
		<SimpleData name="KGISVillageID">13725</SimpleData>
	</SchemaData></ExtendedData>
      <Point><coordinates>76.9051120004106,13.743666999647</coordinates></Point>
  </Placemark>
  <Placemark>
	<ExtendedData><SchemaData schemaUrl="#telemetric_weather_station">
		<SimpleData name="OBJECTID">39</SimpleData>
		<SimpleData name="KGISCode">29556054465987210000RDDMCPUSCRTWS0001</SimpleData>
		<SimpleData name="KGISTM_Weather_StationID">310</SimpleData>
		<SimpleData name="DepartmentCode">310</SimpleData>
		<SimpleData name="TM_Weather_StationName">Kulageri</SimpleData>
		<SimpleData name="KGISVillageID">1453</SimpleData>
	</SchemaData></ExtendedData>
      <Point><coordinates>75.5129739999994,15.9028420001912</coordinates></Point>
  </Placemark>
  <Placemark>
	<ExtendedData><SchemaData schemaUrl="#telemetric_weather_station">
		<SimpleData name="OBJECTID">43</SimpleData>
		<SimpleData name="KGISCode">29556054485988880000RDDMCPUSCRTWS0001</SimpleData>
		<SimpleData name="KGISTM_Weather_StationID">311</SimpleData>
		<SimpleData name="DepartmentCode">311</SimpleData>
		<SimpleData name="TM_Weather_StationName">Amingad</SimpleData>
		<SimpleData name="KGISVillageID">1589</SimpleData>
	</SchemaData></ExtendedData>
      <Point><coordinates>75.9519680003348,16.0538699998987</coordinates></Point>
  </Placemark>
  <Placemark>
	<ExtendedData><SchemaData schemaUrl="#telemetric_weather_station">
		<SimpleData name="OBJECTID">45</SimpleData>
		<SimpleData name="KGISCode">29556054488030500000RDDMCPUSCRTWS0001</SimpleData>
		<SimpleData name="KGISTM_Weather_StationID">312</SimpleData>
		<SimpleData name="DepartmentCode">312</SimpleData>
		<SimpleData name="TM_Weather_StationName">Ilkal</SimpleData>
		<SimpleData name="KGISVillageID">1652</SimpleData>
	</SchemaData></ExtendedData>
      <Point><coordinates>76.1148639999408,15.9569609999793</coordinates></Point>
  </Placemark>
  <Placemark>
	<ExtendedData><SchemaData schemaUrl="#telemetric_weather_station">
		<SimpleData name="OBJECTID">35</SimpleData>
		<SimpleData name="KGISCode">29556054455986150000RDDMCPUSCRTWS0001</SimpleData>
		<SimpleData name="KGISTM_Weather_StationID">313</SimpleData>
		<SimpleData name="DepartmentCode">313</SimpleData>
		<SimpleData name="TM_Weather_StationName">Lokapur</SimpleData>
		<SimpleData name="KGISVillageID">1315</SimpleData>
	</SchemaData></ExtendedData>
      <Point><coordinates>75.3691179997405,16.1620929998004</coordinates></Point>
  </Placemark>
  <Placemark>
	<ExtendedData><SchemaData schemaUrl="#telemetric_weather_station">
		<SimpleData name="OBJECTID">705</SimpleData>
		<SimpleData name="KGISCode">29560054656015320000RDDMCPUSCRTWS0001</SimpleData>
		<SimpleData name="KGISTM_Weather_StationID">314</SimpleData>
		<SimpleData name="DepartmentCode">314</SimpleData>
		<SimpleData name="TM_Weather_StationName">Tawargere</SimpleData>
		<SimpleData name="KGISVillageID">31913</SimpleData>
	</SchemaData></ExtendedData>
      <Point><coordinates>76.4054229996679,15.7634450000718</coordinates></Point>
  </Placemark>
  <Placemark>
	<ExtendedData><SchemaData schemaUrl="#telemetric_weather_station">
		<SimpleData name="OBJECTID">318</SimpleData>
		<SimpleData name="KGISCode">29568055206084990000RDDMCPUSCRTWS0001</SimpleData>
		<SimpleData name="KGISTM_Weather_StationID">315</SimpleData>
		<SimpleData name="DepartmentCode">315</SimpleData>
		<SimpleData name="TM_Weather_StationName">Nidige-1</SimpleData>
		<SimpleData name="KGISVillageID">11849</SimpleData>
	</SchemaData></ExtendedData>
      <Point><coordinates>75.6298750002509,13.887366000446</coordinates></Point>
  </Placemark>
  <Placemark>
	<ExtendedData><SchemaData schemaUrl="#telemetric_weather_station">
		<SimpleData name="OBJECTID">669</SimpleData>
		<SimpleData name="KGISCode">29575055636176810000RDDMCPUSCRTWS0001</SimpleData>
		<SimpleData name="KGISTM_Weather_StationID">316</SimpleData>
		<SimpleData name="DepartmentCode">316</SimpleData>
		<SimpleData name="TM_Weather_StationName">Kokkada</SimpleData>
		<SimpleData name="KGISVillageID">31260</SimpleData>
	</SchemaData></ExtendedData>
      <Point><coordinates>75.4055620002579,12.8596100003736</coordinates></Point>
  </Placemark>
  <Placemark>
	<ExtendedData><SchemaData schemaUrl="#telemetric_weather_station">
		<SimpleData name="OBJECTID">684</SimpleData>
		<SimpleData name="KGISCode">29561054708030780000RDDMCPUSCRTWS0001</SimpleData>
		<SimpleData name="KGISTM_Weather_StationID">317</SimpleData>
		<SimpleData name="DepartmentCode">317</SimpleData>
		<SimpleData name="TM_Weather_StationName">Betageri</SimpleData>
		<SimpleData name="KGISVillageID">31562</SimpleData>
	</SchemaData></ExtendedData>
      <Point><coordinates>75.6579529995933,15.4493629998521</coordinates></Point>
  </Placemark>
  <Placemark>
	<ExtendedData><SchemaData schemaUrl="#telemetric_weather_station">
		<SimpleData name="OBJECTID">171</SimpleData>
		<SimpleData name="KGISCode">29561054726021540000RDDMCPUSCRTWS0001</SimpleData>
		<SimpleData name="KGISTM_Weather_StationID">318</SimpleData>
		<SimpleData name="DepartmentCode">318</SimpleData>
		<SimpleData name="TM_Weather_StationName">Dambal</SimpleData>
		<SimpleData name="KGISVillageID">5819</SimpleData>
	</SchemaData></ExtendedData>
      <Point><coordinates>75.7736949996764,15.2941919997561</coordinates></Point>
  </Placemark>
  <Placemark>
	<ExtendedData><SchemaData schemaUrl="#telemetric_weather_station">
		<SimpleData name="OBJECTID">165</SimpleData>
		<SimpleData name="KGISCode">29561054686018840000RDDMCPUSCRTWS0001</SimpleData>
		<SimpleData name="KGISTM_Weather_StationID">319</SimpleData>
		<SimpleData name="DepartmentCode">319</SimpleData>
		<SimpleData name="TM_Weather_StationName">Konnur</SimpleData>
		<SimpleData name="KGISVillageID">5581</SimpleData>
	</SchemaData></ExtendedData>
      <Point><coordinates>75.4967460000136,15.8581769999863</coordinates></Point>
  </Placemark>
  <Placemark>
	<ExtendedData><SchemaData schemaUrl="#telemetric_weather_station">
		<SimpleData name="OBJECTID">689</SimpleData>
		<SimpleData name="KGISCode">29559054608030660000RDDMCPUSCRTWS0001</SimpleData>
		<SimpleData name="KGISTM_Weather_StationID">32</SimpleData>
		<SimpleData name="DepartmentCode">32</SimpleData>
		<SimpleData name="TM_Weather_StationName">Devadurga</SimpleData>
		<SimpleData name="KGISVillageID">31801</SimpleData>
	</SchemaData></ExtendedData>
      <Point><coordinates>76.9345340002786,16.4146259996381</coordinates></Point>
  </Placemark>
  <Placemark>
	<ExtendedData><SchemaData schemaUrl="#telemetric_weather_station">
		<SimpleData name="OBJECTID">168</SimpleData>
		<SimpleData name="KGISCode">29561054698030770000RDDMCPUSCRTWS0001</SimpleData>
		<SimpleData name="KGISTM_Weather_StationID">320</SimpleData>
		<SimpleData name="DepartmentCode">320</SimpleData>
		<SimpleData name="TM_Weather_StationName">Nargil</SimpleData>
		<SimpleData name="KGISVillageID">5668</SimpleData>
	</SchemaData></ExtendedData>
      <Point><coordinates>75.8054489996193,15.5722890002759</coordinates></Point>
  </Placemark>
  <Placemark>
	<ExtendedData><SchemaData schemaUrl="#telemetric_weather_station">
		<SimpleData name="OBJECTID">578</SimpleData>
		<SimpleData name="KGISCode">29561054716020590000RDDMCPUSCRTWS0001</SimpleData>
		<SimpleData name="KGISTM_Weather_StationID">321</SimpleData>
		<SimpleData name="DepartmentCode">321</SimpleData>
		<SimpleData name="TM_Weather_StationName">Lakshmeshwar</SimpleData>
		<SimpleData name="KGISVillageID">27637</SimpleData>
	</SchemaData></ExtendedData>
      <Point><coordinates>75.4703380002963,15.1250579999342</coordinates></Point>
  </Placemark>
  <Placemark>
	<ExtendedData><SchemaData schemaUrl="#telemetric_weather_station">
		<SimpleData name="OBJECTID">57</SimpleData>
		<SimpleData name="KGISCode">29557054525995490000RDDMCPUSCRTWS0001</SimpleData>
		<SimpleData name="KGISTM_Weather_StationID">322</SimpleData>
		<SimpleData name="DepartmentCode">322</SimpleData>
		<SimpleData name="TM_Weather_StationName">Huvin Hippargi</SimpleData>
		<SimpleData name="KGISVillageID">2088</SimpleData>
	</SchemaData></ExtendedData>
      <Point><coordinates>76.0748599995947,16.5554759996514</coordinates></Point>
  </Placemark>
  <Placemark>
	<ExtendedData><SchemaData schemaUrl="#telemetric_weather_station">
		<SimpleData name="OBJECTID">58</SimpleData>
		<SimpleData name="KGISCode">29557054525994540000RDDMCPUSCRTWS0001</SimpleData>
		<SimpleData name="KGISTM_Weather_StationID">323</SimpleData>
		<SimpleData name="DepartmentCode">323</SimpleData>
		<SimpleData name="TM_Weather_StationName">Kolhar</SimpleData>
		<SimpleData name="KGISVillageID">2168</SimpleData>
	</SchemaData></ExtendedData>
      <Point><coordinates>75.6844190001288,16.4322639999426</coordinates></Point>
  </Placemark>
  <Placemark>
	<ExtendedData><SchemaData schemaUrl="#telemetric_weather_station">
		<SimpleData name="OBJECTID">49</SimpleData>
		<SimpleData name="KGISCode">29557054495990730000RDDMCPUSCRTWS0001</SimpleData>
		<SimpleData name="KGISTM_Weather_StationID">324</SimpleData>
		<SimpleData name="DepartmentCode">324</SimpleData>
		<SimpleData name="TM_Weather_StationName">Nagathan</SimpleData>
		<SimpleData name="KGISVillageID">1790</SimpleData>
	</SchemaData></ExtendedData>
      <Point><coordinates>75.8463890004177,16.928782000358</coordinates></Point>
  </Placemark>
  <Placemark>
	<ExtendedData><SchemaData schemaUrl="#telemetric_weather_station">
		<SimpleData name="OBJECTID">47</SimpleData>
		<SimpleData name="KGISCode">29557054495991180000RDDMCPUSCRTWS0001</SimpleData>
		<SimpleData name="KGISTM_Weather_StationID">325</SimpleData>
		<SimpleData name="DepartmentCode">325</SimpleData>
		<SimpleData name="TM_Weather_StationName">Bobleshwar</SimpleData>
		<SimpleData name="KGISVillageID">1711</SimpleData>
	</SchemaData></ExtendedData>
      <Point><coordinates>75.5762149997091,16.665244000177</coordinates></Point>
  </Placemark>
  <Placemark>
	<ExtendedData><SchemaData schemaUrl="#telemetric_weather_station">
		<SimpleData name="OBJECTID">50</SimpleData>
		<SimpleData name="KGISCode">29557054495990560000RDDMCPUSCRTWS0001</SimpleData>
		<SimpleData name="KGISTM_Weather_StationID">326</SimpleData>
		<SimpleData name="DepartmentCode">326</SimpleData>
		<SimpleData name="TM_Weather_StationName">Tikota</SimpleData>
		<SimpleData name="KGISVillageID">1816</SimpleData>
	</SchemaData></ExtendedData>
      <Point><coordinates>75.5225050000212,16.8416890000815</coordinates></Point>
  </Placemark>
  <Placemark>
	<ExtendedData><SchemaData schemaUrl="#telemetric_weather_station">
		<SimpleData name="OBJECTID">48</SimpleData>
		<SimpleData name="KGISCode">29557054495991560000RDDMCPUSCRTWS0001</SimpleData>
		<SimpleData name="KGISTM_Weather_StationID">327</SimpleData>
		<SimpleData name="DepartmentCode">327</SimpleData>
		<SimpleData name="TM_Weather_StationName">Mamdapur</SimpleData>
		<SimpleData name="KGISVillageID">1768</SimpleData>
	</SchemaData></ExtendedData>
      <Point><coordinates>75.6005779996805,16.532380999738</coordinates></Point>
  </Placemark>
  <Placemark>
	<ExtendedData><SchemaData schemaUrl="#telemetric_weather_station">
		<SimpleData name="OBJECTID">52</SimpleData>
		<SimpleData name="KGISCode">29557054505991710000RDDMCPUSCRTWS0001</SimpleData>
		<SimpleData name="KGISTM_Weather_StationID">328</SimpleData>
		<SimpleData name="DepartmentCode">328</SimpleData>
		<SimpleData name="TM_Weather_StationName">Chadchan</SimpleData>
		<SimpleData name="KGISVillageID">1864</SimpleData>
	</SchemaData></ExtendedData>
      <Point><coordinates>75.6637069999074,17.3089849997016</coordinates></Point>
  </Placemark>
  <Placemark>
	<ExtendedData><SchemaData schemaUrl="#telemetric_weather_station">
		<SimpleData name="OBJECTID">51</SimpleData>
		<SimpleData name="KGISCode">29557054505992030000RDDMCPUSCRTWS0001</SimpleData>
		<SimpleData name="KGISTM_Weather_StationID">329</SimpleData>
		<SimpleData name="DepartmentCode">329</SimpleData>
		<SimpleData name="TM_Weather_StationName">Ballolli</SimpleData>
		<SimpleData name="KGISVillageID">1824</SimpleData>
	</SchemaData></ExtendedData>
      <Point><coordinates>75.8018489999757,17.2325850003999</coordinates></Point>
  </Placemark>
  <Placemark>
	<ExtendedData><SchemaData schemaUrl="#telemetric_weather_station">
		<SimpleData name="OBJECTID">93</SimpleData>
		<SimpleData name="KGISCode">29580055878032150000RDDMCPUSCRTWS0001</SimpleData>
		<SimpleData name="KGISTM_Weather_StationID">33</SimpleData>
		<SimpleData name="DepartmentCode">33</SimpleData>
		<SimpleData name="TM_Weather_StationName">Shorapur</SimpleData>
		<SimpleData name="KGISVillageID">3325</SimpleData>
	</SchemaData></ExtendedData>
      <Point><coordinates>76.760871999907,16.5185260003819</coordinates></Point>
  </Placemark>
  <Placemark>
	<ExtendedData><SchemaData schemaUrl="#telemetric_weather_station">
		<SimpleData name="OBJECTID">59</SimpleData>
		<SimpleData name="KGISCode">29557054535995850000RDDMCPUSCRTWS0001</SimpleData>
		<SimpleData name="KGISTM_Weather_StationID">330</SimpleData>
		<SimpleData name="DepartmentCode">330</SimpleData>
		<SimpleData name="TM_Weather_StationName">Dhavalagi</SimpleData>
		<SimpleData name="KGISVillageID">2201</SimpleData>
	</SchemaData></ExtendedData>
      <Point><coordinates>76.1214630002524,16.4361849999593</coordinates></Point>
  </Placemark>
  <Placemark>
	<ExtendedData><SchemaData schemaUrl="#telemetric_weather_station">
		<SimpleData name="OBJECTID">4</SimpleData>
		<SimpleData name="KGISCode">29555054345972490000RDDMCPUSCRTWS0001</SimpleData>
		<SimpleData name="KGISTM_Weather_StationID">331</SimpleData>
		<SimpleData name="DepartmentCode">331</SimpleData>
		<SimpleData name="TM_Weather_StationName">Anantapur</SimpleData>
		<SimpleData name="KGISVillageID">100</SimpleData>
	</SchemaData></ExtendedData>
      <Point><coordinates>75.073415999993,16.9141869996081</coordinates></Point>
  </Placemark>
  <Placemark>
	<ExtendedData><SchemaData schemaUrl="#telemetric_weather_station">
		<SimpleData name="OBJECTID">5</SimpleData>
		<SimpleData name="KGISCode">29555054345972760000RDDMCPUSCRTWS0001</SimpleData>
		<SimpleData name="KGISTM_Weather_StationID">332</SimpleData>
		<SimpleData name="DepartmentCode">332</SimpleData>
		<SimpleData name="TM_Weather_StationName">Kagwad</SimpleData>
		<SimpleData name="KGISVillageID">122</SimpleData>
	</SchemaData></ExtendedData>
      <Point><coordinates>74.7221780000078,16.6916120003433</coordinates></Point>
  </Placemark>
  <Placemark>
	<ExtendedData><SchemaData schemaUrl="#telemetric_weather_station">
		<SimpleData name="OBJECTID">9</SimpleData>
		<SimpleData name="KGISCode">29555054355973830000RDDMCPUSCRTWS0001</SimpleData>
		<SimpleData name="KGISTM_Weather_StationID">333</SimpleData>
		<SimpleData name="DepartmentCode">333</SimpleData>
		<SimpleData name="TM_Weather_StationName">Kudchi</SimpleData>
		<SimpleData name="KGISVillageID">222</SimpleData>
	</SchemaData></ExtendedData>
      <Point><coordinates>74.8507639997639,16.6271409997962</coordinates></Point>
  </Placemark>
  <Placemark>
	<ExtendedData><SchemaData schemaUrl="#telemetric_weather_station">
		<SimpleData name="OBJECTID">1</SimpleData>
		<SimpleData name="KGISCode">29555054338030230000RDDMCPUSCRTWS0001</SimpleData>
		<SimpleData name="KGISTM_Weather_StationID">334</SimpleData>
		<SimpleData name="DepartmentCode">334</SimpleData>
		<SimpleData name="TM_Weather_StationName">Chikkodi</SimpleData>
		<SimpleData name="KGISVillageID">4</SimpleData>
	</SchemaData></ExtendedData>
      <Point><coordinates>74.5867039998552,16.4264109995508</coordinates></Point>
  </Placemark>
  <Placemark>
	<ExtendedData><SchemaData schemaUrl="#telemetric_weather_station">
		<SimpleData name="OBJECTID">681</SimpleData>
		<SimpleData name="KGISCode">29555054335972180000RDDMCPUSCRTWS0001</SimpleData>
		<SimpleData name="KGISTM_Weather_StationID">335</SimpleData>
		<SimpleData name="DepartmentCode">335</SimpleData>
		<SimpleData name="TM_Weather_StationName">Nagaramunoli</SimpleData>
		<SimpleData name="KGISVillageID">31515</SimpleData>
	</SchemaData></ExtendedData>
      <Point><coordinates>74.6825219998526,16.3635809998776</coordinates></Point>
  </Placemark>
  <Placemark>
	<ExtendedData><SchemaData schemaUrl="#telemetric_weather_station">
		<SimpleData name="OBJECTID">2</SimpleData>
		<SimpleData name="KGISCode">29555054338030210000RDDMCPUSCRTWS0001</SimpleData>
		<SimpleData name="KGISTM_Weather_StationID">336</SimpleData>
		<SimpleData name="DepartmentCode">336</SimpleData>
		<SimpleData name="TM_Weather_StationName">Nippani</SimpleData>
		<SimpleData name="KGISVillageID">65</SimpleData>
	</SchemaData></ExtendedData>
      <Point><coordinates>74.3812000004369,16.3923149997357</coordinates></Point>
  </Placemark>
  <Placemark>
	<ExtendedData><SchemaData schemaUrl="#telemetric_weather_station">
		<SimpleData name="OBJECTID">3</SimpleData>
		<SimpleData name="KGISCode">29555054335971520000RDDMCPUSCRTWS0001</SimpleData>
		<SimpleData name="KGISTM_Weather_StationID">337</SimpleData>
		<SimpleData name="DepartmentCode">337</SimpleData>
		<SimpleData name="TM_Weather_StationName">Sadalgi</SimpleData>
		<SimpleData name="KGISVillageID">92</SimpleData>
	</SchemaData></ExtendedData>
      <Point><coordinates>74.5326990001766,16.5581230000035</coordinates></Point>
  </Placemark>
  <Placemark>
	<ExtendedData><SchemaData schemaUrl="#telemetric_weather_station">
		<SimpleData name="OBJECTID">10</SimpleData>
		<SimpleData name="KGISCode">29555054365974440000RDDMCPUSCRTWS0001</SimpleData>
		<SimpleData name="KGISTM_Weather_StationID">338</SimpleData>
		<SimpleData name="DepartmentCode">338</SimpleData>
		<SimpleData name="TM_Weather_StationName">Arbhavi</SimpleData>
		<SimpleData name="KGISVillageID">234</SimpleData>
	</SchemaData></ExtendedData>
      <Point><coordinates>74.824480999906,16.2222169997653</coordinates></Point>
  </Placemark>
  <Placemark>
	<ExtendedData><SchemaData schemaUrl="#telemetric_weather_station">
		<SimpleData name="OBJECTID">11</SimpleData>
		<SimpleData name="KGISCode">29555054365974580000RDDMCPUSCRTWS0001</SimpleData>
		<SimpleData name="KGISTM_Weather_StationID">339</SimpleData>
		<SimpleData name="DepartmentCode">339</SimpleData>
		<SimpleData name="TM_Weather_StationName">Gokak</SimpleData>
		<SimpleData name="KGISVillageID">268</SimpleData>
	</SchemaData></ExtendedData>
      <Point><coordinates>74.8240880002348,16.1642759998927</coordinates></Point>
  </Placemark>
  <Placemark>
	<ExtendedData><SchemaData schemaUrl="#telemetric_weather_station">
		<SimpleData name="OBJECTID">576</SimpleData>
		<SimpleData name="KGISCode">29580055888032170000RDDMCPUSCRTWS0001</SimpleData>
		<SimpleData name="KGISTM_Weather_StationID">34</SimpleData>
		<SimpleData name="DepartmentCode">34</SimpleData>
		<SimpleData name="TM_Weather_StationName">Shahapur-1</SimpleData>
		<SimpleData name="KGISVillageID">27510</SimpleData>
	</SchemaData></ExtendedData>
      <Point><coordinates>76.8393920001042,16.7028199996392</coordinates></Point>
  </Placemark>
  <Placemark>
	<ExtendedData><SchemaData schemaUrl="#telemetric_weather_station">
		<SimpleData name="OBJECTID">12</SimpleData>
		<SimpleData name="KGISCode">29555054365975420000RDDMCPUSCRTWS0001</SimpleData>
		<SimpleData name="KGISTM_Weather_StationID">340</SimpleData>
		<SimpleData name="DepartmentCode">340</SimpleData>
		<SimpleData name="TM_Weather_StationName">koujalagi</SimpleData>
		<SimpleData name="KGISVillageID">312</SimpleData>
	</SchemaData></ExtendedData>
      <Point><coordinates>75.059400999549,16.2017000002464</coordinates></Point>
  </Placemark>
  <Placemark>
	<ExtendedData><SchemaData schemaUrl="#telemetric_weather_station">
		<SimpleData name="OBJECTID">14</SimpleData>
		<SimpleData name="KGISCode">29555054378030310000RDDMCPUSCRTWS0001</SimpleData>
		<SimpleData name="KGISTM_Weather_StationID">341</SimpleData>
		<SimpleData name="DepartmentCode">341</SimpleData>
		<SimpleData name="TM_Weather_StationName">Sankeswara</SimpleData>
		<SimpleData name="KGISVillageID">391</SimpleData>
	</SchemaData></ExtendedData>
      <Point><coordinates>74.4870490004583,16.259992999931</coordinates></Point>
  </Placemark>
  <Placemark>
	<ExtendedData><SchemaData schemaUrl="#telemetric_weather_station">
		<SimpleData name="OBJECTID">15</SimpleData>
		<SimpleData name="KGISCode">29555054375976270000RDDMCPUSCRTWS0001</SimpleData>
		<SimpleData name="KGISTM_Weather_StationID">342</SimpleData>
		<SimpleData name="DepartmentCode">342</SimpleData>
		<SimpleData name="TM_Weather_StationName">Yamakanamaradi</SimpleData>
		<SimpleData name="KGISVillageID">425</SimpleData>
	</SchemaData></ExtendedData>
      <Point><coordinates>74.5281990001565,16.1301080003146</coordinates></Point>
  </Placemark>
  <Placemark>
	<ExtendedData><SchemaData schemaUrl="#telemetric_weather_station">
		<SimpleData name="OBJECTID">27</SimpleData>
		<SimpleData name="KGISCode">29555054425982990000RDDMCPUSCRTWS0001</SimpleData>
		<SimpleData name="KGISTM_Weather_StationID">343</SimpleData>
		<SimpleData name="DepartmentCode">343</SimpleData>
		<SimpleData name="TM_Weather_StationName">Bidki (K.Chandaragi)</SimpleData>
		<SimpleData name="KGISVillageID">1023</SimpleData>
	</SchemaData></ExtendedData>
      <Point><coordinates>75.1170199999594,16.0388329999098</coordinates></Point>
  </Placemark>
  <Placemark>
	<ExtendedData><SchemaData schemaUrl="#telemetric_weather_station">
		<SimpleData name="OBJECTID">29</SimpleData>
		<SimpleData name="KGISCode">29555054425983610000RDDMCPUSCRTWS0001</SimpleData>
		<SimpleData name="KGISTM_Weather_StationID">344</SimpleData>
		<SimpleData name="DepartmentCode">344</SimpleData>
		<SimpleData name="TM_Weather_StationName">Katakol</SimpleData>
		<SimpleData name="KGISVillageID">1064</SimpleData>
	</SchemaData></ExtendedData>
      <Point><coordinates>75.1424169998297,15.9892590003128</coordinates></Point>
  </Placemark>
  <Placemark>
	<ExtendedData><SchemaData schemaUrl="#telemetric_weather_station">
		<SimpleData name="OBJECTID">30</SimpleData>
		<SimpleData name="KGISCode">29555054425983370000RDDMCPUSCRTWS0001</SimpleData>
		<SimpleData name="KGISTM_Weather_StationID">345</SimpleData>
		<SimpleData name="DepartmentCode">345</SimpleData>
		<SimpleData name="TM_Weather_StationName">Mudakavi</SimpleData>
		<SimpleData name="KGISVillageID">1094</SimpleData>
	</SchemaData></ExtendedData>
      <Point><coordinates>75.3860869997946,15.9691139997664</coordinates></Point>
  </Placemark>
  <Placemark>
	<ExtendedData><SchemaData schemaUrl="#telemetric_weather_station">
		<SimpleData name="OBJECTID">683</SimpleData>
		<SimpleData name="KGISCode">29555054415982560000RDDMCPUSCRTWS0001</SimpleData>
		<SimpleData name="KGISTM_Weather_StationID">346</SimpleData>
		<SimpleData name="DepartmentCode">346</SimpleData>
		<SimpleData name="TM_Weather_StationName">Manoli</SimpleData>
		<SimpleData name="KGISVillageID">31541</SimpleData>
	</SchemaData></ExtendedData>
      <Point><coordinates>75.1226510003079,15.8554399995638</coordinates></Point>
  </Placemark>
  <Placemark>
	<ExtendedData><SchemaData schemaUrl="#telemetric_weather_station">
		<SimpleData name="OBJECTID">25</SimpleData>
		<SimpleData name="KGISCode">29555054415982050000RDDMCPUSCRTWS0001</SimpleData>
		<SimpleData name="KGISTM_Weather_StationID">347</SimpleData>
		<SimpleData name="DepartmentCode">347</SimpleData>
		<SimpleData name="TM_Weather_StationName">Murgod</SimpleData>
		<SimpleData name="KGISVillageID">978</SimpleData>
	</SchemaData></ExtendedData>
      <Point><coordinates>74.9292310791576,15.8951246393066</coordinates></Point>
  </Placemark>
  <Placemark>
	<ExtendedData><SchemaData schemaUrl="#telemetric_weather_station">
		<SimpleData name="OBJECTID">26</SimpleData>
		<SimpleData name="KGISCode">29555054415981760000RDDMCPUSCRTWS0001</SimpleData>
		<SimpleData name="KGISTM_Weather_StationID">348</SimpleData>
		<SimpleData name="DepartmentCode">348</SimpleData>
		<SimpleData name="TM_Weather_StationName">Yaragatti</SimpleData>
		<SimpleData name="KGISVillageID">1007</SimpleData>
	</SchemaData></ExtendedData>
      <Point><coordinates>75.0262460002836,15.9697359999974</coordinates></Point>
  </Placemark>
  <Placemark>
	<ExtendedData><SchemaData schemaUrl="#telemetric_weather_station">
		<SimpleData name="OBJECTID">659</SimpleData>
		<SimpleData name="KGISCode">29555054405981100000RDDMCPUSCRTWS0001</SimpleData>
		<SimpleData name="KGISTM_Weather_StationID">349</SimpleData>
		<SimpleData name="DepartmentCode">349</SimpleData>
		<SimpleData name="TM_Weather_StationName">Kittur</SimpleData>
		<SimpleData name="KGISVillageID">30946</SimpleData>
	</SchemaData></ExtendedData>
      <Point><coordinates>74.7903199999157,15.5961060004415</coordinates></Point>
  </Placemark>
  <Placemark>
	<ExtendedData><SchemaData schemaUrl="#telemetric_weather_station">
		<SimpleData name="OBJECTID">671</SimpleData>
		<SimpleData name="KGISCode">29578055778032010000RDDMCPUSCRTWS0001</SimpleData>
		<SimpleData name="KGISTM_Weather_StationID">35</SimpleData>
		<SimpleData name="DepartmentCode">35</SimpleData>
		<SimpleData name="TM_Weather_StationName">Chamarajanagara</SimpleData>
		<SimpleData name="KGISVillageID">31290</SimpleData>
	</SchemaData></ExtendedData>
      <Point><coordinates>76.9421779998067,11.9245320002801</coordinates></Point>
  </Placemark>
  <Placemark>
	<ExtendedData><SchemaData schemaUrl="#telemetric_weather_station">
		<SimpleData name="OBJECTID">24</SimpleData>
		<SimpleData name="KGISCode">29555054405980250000RDDMCPUSCRTWS0001</SimpleData>
		<SimpleData name="KGISTM_Weather_StationID">350</SimpleData>
		<SimpleData name="DepartmentCode">350</SimpleData>
		<SimpleData name="TM_Weather_StationName">Nesargi</SimpleData>
		<SimpleData name="KGISVillageID">895</SimpleData>
	</SchemaData></ExtendedData>
      <Point><coordinates>74.7750429996898,15.9082150002211</coordinates></Point>
  </Placemark>
  <Placemark>
	<ExtendedData><SchemaData schemaUrl="#telemetric_weather_station">
		<SimpleData name="OBJECTID">16</SimpleData>
		<SimpleData name="KGISCode">29555054385977560000RDDMCPUSCRTWS0001</SimpleData>
		<SimpleData name="KGISTM_Weather_StationID">351</SimpleData>
		<SimpleData name="DepartmentCode">351</SimpleData>
		<SimpleData name="TM_Weather_StationName">Hirebagewadi</SimpleData>
		<SimpleData name="KGISVillageID">437</SimpleData>
	</SchemaData></ExtendedData>
      <Point><coordinates>74.6447079997163,15.9134109998785</coordinates></Point>
  </Placemark>
  <Placemark>
	<ExtendedData><SchemaData schemaUrl="#telemetric_weather_station">
		<SimpleData name="OBJECTID">17</SimpleData>
		<SimpleData name="KGISCode">29555054385977920000RDDMCPUSCRTWS0001</SimpleData>
		<SimpleData name="KGISTM_Weather_StationID">352</SimpleData>
		<SimpleData name="DepartmentCode">352</SimpleData>
		<SimpleData name="TM_Weather_StationName">Kakti</SimpleData>
		<SimpleData name="KGISVillageID">484</SimpleData>
	</SchemaData></ExtendedData>
      <Point><coordinates>74.5264309999363,15.9307120004127</coordinates></Point>
  </Placemark>
  <Placemark>
	<ExtendedData><SchemaData schemaUrl="#telemetric_weather_station">
		<SimpleData name="OBJECTID">19</SimpleData>
		<SimpleData name="KGISCode">29555054385977180000RDDMCPUSCRTWS0001</SimpleData>
		<SimpleData name="KGISTM_Weather_StationID">353</SimpleData>
		<SimpleData name="DepartmentCode">353</SimpleData>
		<SimpleData name="TM_Weather_StationName">Uchagaon</SimpleData>
		<SimpleData name="KGISVillageID">555</SimpleData>
	</SchemaData></ExtendedData>
      <Point><coordinates>74.4321779996884,15.8837309998051</coordinates></Point>
  </Placemark>
  <Placemark>
	<ExtendedData><SchemaData schemaUrl="#telemetric_weather_station">
		<SimpleData name="OBJECTID">682</SimpleData>
		<SimpleData name="KGISCode">29555054395979940000RDDMCPUSCRTWS0001</SimpleData>
		<SimpleData name="KGISTM_Weather_StationID">354</SimpleData>
		<SimpleData name="DepartmentCode">354</SimpleData>
		<SimpleData name="TM_Weather_StationName">Bidi</SimpleData>
		<SimpleData name="KGISVillageID">31537</SimpleData>
	</SchemaData></ExtendedData>
      <Point><coordinates>74.640380999662,15.5579700000423</coordinates></Point>
  </Placemark>
  <Placemark>
	<ExtendedData><SchemaData schemaUrl="#telemetric_weather_station">
		<SimpleData name="OBJECTID">20</SimpleData>
		<SimpleData name="KGISCode">29555054395979430000RDDMCPUSCRTWS0001</SimpleData>
		<SimpleData name="KGISTM_Weather_StationID">355</SimpleData>
		<SimpleData name="DepartmentCode">355</SimpleData>
		<SimpleData name="TM_Weather_StationName">Gunji</SimpleData>
		<SimpleData name="KGISVillageID">618</SimpleData>
	</SchemaData></ExtendedData>
      <Point><coordinates>74.4899950001159,15.5363229998438</coordinates></Point>
  </Placemark>
  <Placemark>
	<ExtendedData><SchemaData schemaUrl="#telemetric_weather_station">
		<SimpleData name="OBJECTID">166</SimpleData>
		<SimpleData name="KGISCode">29561054696019000000RDDMCPUSCRTWS0001</SimpleData>
		<SimpleData name="KGISTM_Weather_StationID">356</SimpleData>
		<SimpleData name="DepartmentCode">356</SimpleData>
		<SimpleData name="TM_Weather_StationName">Hole Alur</SimpleData>
		<SimpleData name="KGISVillageID">5595</SimpleData>
	</SchemaData></ExtendedData>
      <Point><coordinates>75.6348696300157,15.8205912935443</coordinates></Point>
  </Placemark>
  <Placemark>
	<ExtendedData><SchemaData schemaUrl="#telemetric_weather_station">
		<SimpleData name="OBJECTID">31</SimpleData>
		<SimpleData name="KGISCode">29556054435984570000RDDMCPUSCRTWS0001</SimpleData>
		<SimpleData name="KGISTM_Weather_StationID">357</SimpleData>
		<SimpleData name="DepartmentCode">357</SimpleData>
		<SimpleData name="TM_Weather_StationName">Savalagi</SimpleData>
		<SimpleData name="KGISVillageID">1141</SimpleData>
	</SchemaData></ExtendedData>
      <Point><coordinates>75.3482830003175,16.6700720001442</coordinates></Point>
  </Placemark>
  <Placemark>
	<ExtendedData><SchemaData schemaUrl="#telemetric_weather_station">
		<SimpleData name="OBJECTID">442</SimpleData>
		<SimpleData name="KGISCode">29572055438031620000RDDMCPUSCRTWS0001</SimpleData>
		<SimpleData name="KGISTM_Weather_StationID">358</SimpleData>
		<SimpleData name="DepartmentCode">358</SimpleData>
		<SimpleData name="TM_Weather_StationName">Kengeri</SimpleData>
		<SimpleData name="KGISVillageID">19302</SimpleData>
	</SchemaData></ExtendedData>
      <Point><coordinates>77.4854399997688,12.9205980000563</coordinates></Point>
  </Placemark>
  <Placemark>
	<ExtendedData><SchemaData schemaUrl="#telemetric_weather_station">
		<SimpleData name="OBJECTID">444</SimpleData>
		<SimpleData name="KGISCode">29572055438031620000RDDMCPUSCRTWS0002</SimpleData>
		<SimpleData name="KGISTM_Weather_StationID">359</SimpleData>
		<SimpleData name="DepartmentCode">359</SimpleData>
		<SimpleData name="TM_Weather_StationName">Uttarahalli</SimpleData>
		<SimpleData name="KGISVillageID">19415</SimpleData>
	</SchemaData></ExtendedData>
      <Point><coordinates>77.5433080000918,12.9031650002363</coordinates></Point>
  </Placemark>
  <Placemark>
	<ExtendedData><SchemaData schemaUrl="#telemetric_weather_station">
		<SimpleData name="OBJECTID">645</SimpleData>
		<SimpleData name="KGISCode">29578055788032020000RDDMCPUSCRTWS0001</SimpleData>
		<SimpleData name="KGISTM_Weather_StationID">36</SimpleData>
		<SimpleData name="DepartmentCode">36</SimpleData>
		<SimpleData name="TM_Weather_StationName">Yelandur</SimpleData>
		<SimpleData name="KGISVillageID">30598</SimpleData>
	</SchemaData></ExtendedData>
      <Point><coordinates>77.0290859997666,12.0444889998665</coordinates></Point>
  </Placemark>
  <Placemark>
	<ExtendedData><SchemaData schemaUrl="#telemetric_weather_station">
		<SimpleData name="OBJECTID">443</SimpleData>
		<SimpleData name="KGISCode">29572055436129810000RDDMCPUSCRTWS0001</SimpleData>
		<SimpleData name="KGISTM_Weather_StationID">360</SimpleData>
		<SimpleData name="DepartmentCode">360</SimpleData>
		<SimpleData name="TM_Weather_StationName">Tavarekere</SimpleData>
		<SimpleData name="KGISVillageID">19345</SimpleData>
	</SchemaData></ExtendedData>
      <Point><coordinates>77.4223939996776,12.9579389998437</coordinates></Point>
  </Placemark>
  <Placemark>
	<ExtendedData><SchemaData schemaUrl="#telemetric_weather_station">
		<SimpleData name="OBJECTID">441</SimpleData>
		<SimpleData name="KGISCode">29572055428031620000RDDMCPUSCRTWS0002</SimpleData>
		<SimpleData name="KGISTM_Weather_StationID">361</SimpleData>
		<SimpleData name="DepartmentCode">361</SimpleData>
		<SimpleData name="TM_Weather_StationName">Yeshwantapura</SimpleData>
		<SimpleData name="KGISVillageID">19198</SimpleData>
	</SchemaData></ExtendedData>
      <Point><coordinates>77.5514404065734,13.0395286023513</coordinates></Point>
  </Placemark>
  <Placemark>
	<ExtendedData><SchemaData schemaUrl="#telemetric_weather_station">
		<SimpleData name="OBJECTID">612</SimpleData>
		<SimpleData name="KGISCode">29572055438031620000RDDMCPUSCRTWS0003</SimpleData>
		<SimpleData name="KGISTM_Weather_StationID">362</SimpleData>
		<SimpleData name="DepartmentCode">362</SimpleData>
		<SimpleData name="TM_Weather_StationName">Begur</SimpleData>
		<SimpleData name="KGISVillageID">29125</SimpleData>
	</SchemaData></ExtendedData>
      <Point><coordinates>77.6266020001905,12.8741160004398</coordinates></Point>
  </Placemark>
  <Placemark>
	<ExtendedData><SchemaData schemaUrl="#telemetric_weather_station">
		<SimpleData name="OBJECTID">726</SimpleData>
		<SimpleData name="KGISCode">29572055426128650000RDDMCPUSCRTWS0001</SimpleData>
		<SimpleData name="KGISTM_Weather_StationID">363</SimpleData>
		<SimpleData name="DepartmentCode">363</SimpleData>
		<SimpleData name="TM_Weather_StationName">Hesaraghatta</SimpleData>
		<SimpleData name="KGISVillageID">32359</SimpleData>
	</SchemaData></ExtendedData>
      <Point><coordinates>77.4794480003506,13.1392549996513</coordinates></Point>
  </Placemark>
  <Placemark>
	<ExtendedData><SchemaData schemaUrl="#telemetric_weather_station">
		<SimpleData name="OBJECTID">435</SimpleData>
		<SimpleData name="KGISCode">29572055426127800000RDDMCPUSCRTWS0001</SimpleData>
		<SimpleData name="KGISTM_Weather_StationID">364</SimpleData>
		<SimpleData name="DepartmentCode">364</SimpleData>
		<SimpleData name="TM_Weather_StationName">Dasanapura</SimpleData>
		<SimpleData name="KGISVillageID">18929</SimpleData>
	</SchemaData></ExtendedData>
      <Point><coordinates>77.4370860002205,13.0743389995468</coordinates></Point>
  </Placemark>
  <Placemark>
	<ExtendedData><SchemaData schemaUrl="#telemetric_weather_station">
		<SimpleData name="OBJECTID">518</SimpleData>
		<SimpleData name="KGISCode">29575055616175080000RDDMCPUSCRTWS0001</SimpleData>
		<SimpleData name="KGISTM_Weather_StationID">365</SimpleData>
		<SimpleData name="DepartmentCode">365</SimpleData>
		<SimpleData name="TM_Weather_StationName">Gurupura</SimpleData>
		<SimpleData name="KGISVillageID">25139</SimpleData>
	</SchemaData></ExtendedData>
      <Point><coordinates>74.9292180000087,12.9361580001748</coordinates></Point>
  </Placemark>
  <Placemark>
	<ExtendedData><SchemaData schemaUrl="#telemetric_weather_station">
		<SimpleData name="OBJECTID">524</SimpleData>
		<SimpleData name="KGISCode">29575055626176020000RDDMCPUSCRTWS0001</SimpleData>
		<SimpleData name="KGISTM_Weather_StationID">366</SimpleData>
		<SimpleData name="DepartmentCode">366</SimpleData>
		<SimpleData name="TM_Weather_StationName">Panemangalur</SimpleData>
		<SimpleData name="KGISVillageID">25318</SimpleData>
	</SchemaData></ExtendedData>
      <Point><coordinates>75.0506730002193,12.8707700002883</coordinates></Point>
  </Placemark>
  <Placemark>
	<ExtendedData><SchemaData schemaUrl="#telemetric_weather_station">
		<SimpleData name="OBJECTID">519</SimpleData>
		<SimpleData name="KGISCode">29575055616175160000RDDMCPUSCRTWS0001</SimpleData>
		<SimpleData name="KGISTM_Weather_StationID">367</SimpleData>
		<SimpleData name="DepartmentCode">367</SimpleData>
		<SimpleData name="TM_Weather_StationName">Mangalore-B</SimpleData>
		<SimpleData name="KGISVillageID">25183</SimpleData>
	</SchemaData></ExtendedData>
      <Point><coordinates>74.8811229999799,12.8181329997997</coordinates></Point>
  </Placemark>
  <Placemark>
	<ExtendedData><SchemaData schemaUrl="#telemetric_weather_station">
		<SimpleData name="OBJECTID">315</SimpleData>
		<SimpleData name="KGISCode">29568055206084280000RDDMCPUSCRTWS0001</SimpleData>
		<SimpleData name="KGISTM_Weather_StationID">368</SimpleData>
		<SimpleData name="DepartmentCode">368</SimpleData>
		<SimpleData name="TM_Weather_StationName">Holalur-1</SimpleData>
		<SimpleData name="KGISVillageID">11716</SimpleData>
	</SchemaData></ExtendedData>
      <Point><coordinates>75.6819120000309,14.0359680003256</coordinates></Point>
  </Placemark>
  <Placemark>
	<ExtendedData><SchemaData schemaUrl="#telemetric_weather_station">
		<SimpleData name="OBJECTID">286</SimpleData>
		<SimpleData name="KGISCode">29567055146069260000RDDMCPUSCRTWS0001</SimpleData>
		<SimpleData name="KGISTM_Weather_StationID">369</SimpleData>
		<SimpleData name="DepartmentCode">369</SimpleData>
		<SimpleData name="TM_Weather_StationName">Tahavanigi</SimpleData>
		<SimpleData name="KGISVillageID">10310</SimpleData>
	</SchemaData></ExtendedData>
      <Point><coordinates>75.886229544482,14.2467998925835</coordinates></Point>
  </Placemark>
  <Placemark>
	<ExtendedData><SchemaData schemaUrl="#telemetric_weather_station">
		<SimpleData name="OBJECTID">164</SimpleData>
		<SimpleData name="KGISCode">29561054688030740000RDDMCPUSCRTWS0001</SimpleData>
		<SimpleData name="KGISTM_Weather_StationID">37</SimpleData>
		<SimpleData name="DepartmentCode">37</SimpleData>
		<SimpleData name="TM_Weather_StationName">Naragunda</SimpleData>
		<SimpleData name="KGISVillageID">5569</SimpleData>
	</SchemaData></ExtendedData>
      <Point><coordinates>75.3865060004001,15.7236410004301</coordinates></Point>
  </Placemark>
  <Placemark>
	<ExtendedData><SchemaData schemaUrl="#telemetric_weather_station">
		<SimpleData name="OBJECTID">289</SimpleData>
		<SimpleData name="KGISCode">29567055146069600000RDDMCPUSCRTWS0001</SimpleData>
		<SimpleData name="KGISTM_Weather_StationID">370</SimpleData>
		<SimpleData name="DepartmentCode">370</SimpleData>
		<SimpleData name="TM_Weather_StationName">Santhebennur-1</SimpleData>
		<SimpleData name="KGISVillageID">10443</SimpleData>
	</SchemaData></ExtendedData>
      <Point><coordinates>76.0024370000581,14.1681109999375</coordinates></Point>
  </Placemark>
  <Placemark>
	<ExtendedData><SchemaData schemaUrl="#telemetric_weather_station">
		<SimpleData name="OBJECTID">290</SimpleData>
		<SimpleData name="KGISCode">29567055146070980000RDDMCPUSCRTWS0001</SimpleData>
		<SimpleData name="KGISTM_Weather_StationID">371</SimpleData>
		<SimpleData name="DepartmentCode">371</SimpleData>
		<SimpleData name="TM_Weather_StationName">Ubrani</SimpleData>
		<SimpleData name="KGISVillageID">10468</SimpleData>
	</SchemaData></ExtendedData>
      <Point><coordinates>75.9971466443313,13.963547751978</coordinates></Point>
  </Placemark>
  <Placemark>
	<ExtendedData><SchemaData schemaUrl="#telemetric_weather_station">
		<SimpleData name="OBJECTID">277</SimpleData>
		<SimpleData name="KGISCode">29567055126066300000RDDMCPUSCRTWS0001</SimpleData>
		<SimpleData name="KGISTM_Weather_StationID">372</SimpleData>
		<SimpleData name="DepartmentCode">372</SimpleData>
		<SimpleData name="TM_Weather_StationName">Anagodu</SimpleData>
		<SimpleData name="KGISVillageID">9924</SimpleData>
	</SchemaData></ExtendedData>
      <Point><coordinates>76.0457760000564,14.3924130002445</coordinates></Point>
  </Placemark>
  <Placemark>
	<ExtendedData><SchemaData schemaUrl="#telemetric_weather_station">
		<SimpleData name="OBJECTID">279</SimpleData>
		<SimpleData name="KGISCode">29567055126066770000RDDMCPUSCRTWS0001</SimpleData>
		<SimpleData name="KGISTM_Weather_StationID">373</SimpleData>
		<SimpleData name="DepartmentCode">373</SimpleData>
		<SimpleData name="TM_Weather_StationName">Mayakonda</SimpleData>
		<SimpleData name="KGISVillageID">10070</SimpleData>
	</SchemaData></ExtendedData>
      <Point><coordinates>76.0840550004197,14.2860070002413</coordinates></Point>
  </Placemark>
  <Placemark>
	<ExtendedData><SchemaData schemaUrl="#telemetric_weather_station">
		<SimpleData name="OBJECTID">276</SimpleData>
		<SimpleData name="KGISCode">29567055116063830000RDDMCPUSCRTWS0001</SimpleData>
		<SimpleData name="KGISTM_Weather_StationID">374</SimpleData>
		<SimpleData name="DepartmentCode">374</SimpleData>
		<SimpleData name="TM_Weather_StationName">Sokke</SimpleData>
		<SimpleData name="KGISVillageID">9911</SimpleData>
	</SchemaData></ExtendedData>
      <Point><coordinates>76.2549370003132,14.6813669999868</coordinates></Point>
  </Placemark>
  <Placemark>
	<ExtendedData><SchemaData schemaUrl="#telemetric_weather_station">
		<SimpleData name="OBJECTID">137</SimpleData>
		<SimpleData name="KGISCode">29559054626009840000RDDMCPUSCRTWS0001</SimpleData>
		<SimpleData name="KGISTM_Weather_StationID">375</SimpleData>
		<SimpleData name="DepartmentCode">375</SimpleData>
		<SimpleData name="TM_Weather_StationName">Kallur</SimpleData>
		<SimpleData name="KGISVillageID">4776</SimpleData>
	</SchemaData></ExtendedData>
      <Point><coordinates>77.2100890003344,16.1397769999963</coordinates></Point>
  </Placemark>
  <Placemark>
	<ExtendedData><SchemaData schemaUrl="#telemetric_weather_station">
		<SimpleData name="OBJECTID">271</SimpleData>
		<SimpleData name="KGISCode">29567055106063610000RDDMCPUSCRTWS0001</SimpleData>
		<SimpleData name="KGISTM_Weather_StationID">376</SimpleData>
		<SimpleData name="DepartmentCode">376</SimpleData>
		<SimpleData name="TM_Weather_StationName">Arsikeri</SimpleData>
		<SimpleData name="KGISVillageID">9690</SimpleData>
	</SchemaData></ExtendedData>
      <Point><coordinates>76.0303569112957,14.6073982775314</coordinates></Point>
  </Placemark>
  <Placemark>
	<ExtendedData><SchemaData schemaUrl="#telemetric_weather_station">
		<SimpleData name="OBJECTID">272</SimpleData>
		<SimpleData name="KGISCode">29567055106063170000RDDMCPUSCRTWS0001</SimpleData>
		<SimpleData name="KGISTM_Weather_StationID">377</SimpleData>
		<SimpleData name="DepartmentCode">377</SimpleData>
		<SimpleData name="TM_Weather_StationName">Chigateri</SimpleData>
		<SimpleData name="KGISVillageID">9697</SimpleData>
	</SchemaData></ExtendedData>
      <Point><coordinates>76.1086790091206,14.7936170130526</coordinates></Point>
  </Placemark>
  <Placemark>
	<ExtendedData><SchemaData schemaUrl="#telemetric_weather_station">
		<SimpleData name="OBJECTID">672</SimpleData>
		<SimpleData name="KGISCode">29567055106063480000RDDMCPUSCRTWS0001</SimpleData>
		<SimpleData name="KGISTM_Weather_StationID">378</SimpleData>
		<SimpleData name="DepartmentCode">378</SimpleData>
		<SimpleData name="TM_Weather_StationName">Teligi</SimpleData>
		<SimpleData name="KGISVillageID">31305</SimpleData>
	</SchemaData></ExtendedData>
      <Point><coordinates>75.8915470004328,14.6516989999949</coordinates></Point>
  </Placemark>
  <Placemark>
	<ExtendedData><SchemaData schemaUrl="#telemetric_weather_station">
		<SimpleData name="OBJECTID">270</SimpleData>
		<SimpleData name="KGISCode">29567055096062320000RDDMCPUSCRTWS0001</SimpleData>
		<SimpleData name="KGISTM_Weather_StationID">379</SimpleData>
		<SimpleData name="DepartmentCode">379</SimpleData>
		<SimpleData name="TM_Weather_StationName">Malebennur</SimpleData>
		<SimpleData name="KGISVillageID">9663</SimpleData>
	</SchemaData></ExtendedData>
      <Point><coordinates>75.7445694234932,14.3651904425544</coordinates></Point>
  </Placemark>
  <Placemark>
	<ExtendedData><SchemaData schemaUrl="#telemetric_weather_station">
		<SimpleData name="OBJECTID">486</SimpleData>
		<SimpleData name="KGISCode">29573055526147040000RDDMCPUSCRTWS0001</SimpleData>
		<SimpleData name="KGISTM_Weather_StationID">38</SimpleData>
		<SimpleData name="DepartmentCode">38</SimpleData>
		<SimpleData name="TM_Weather_StationName">Malavalli</SimpleData>
		<SimpleData name="KGISVillageID">22771</SimpleData>
	</SchemaData></ExtendedData>
      <Point><coordinates>77.0629800001341,12.3857859996178</coordinates></Point>
  </Placemark>
  <Placemark>
	<ExtendedData><SchemaData schemaUrl="#telemetric_weather_station">
		<SimpleData name="OBJECTID">282</SimpleData>
		<SimpleData name="KGISCode">29567055136068300000RDDMCPUSCRTWS0001</SimpleData>
		<SimpleData name="KGISTM_Weather_StationID">380</SimpleData>
		<SimpleData name="DepartmentCode">380</SimpleData>
		<SimpleData name="TM_Weather_StationName">Govinakovi-1</SimpleData>
		<SimpleData name="KGISVillageID">10169</SimpleData>
	</SchemaData></ExtendedData>
      <Point><coordinates>75.6701310002102,14.1654180000623</coordinates></Point>
  </Placemark>
  <Placemark>
	<ExtendedData><SchemaData schemaUrl="#telemetric_weather_station">
		<SimpleData name="OBJECTID">281</SimpleData>
		<SimpleData name="KGISCode">29567055136068440000RDDMCPUSCRTWS0001</SimpleData>
		<SimpleData name="KGISTM_Weather_StationID">381</SimpleData>
		<SimpleData name="DepartmentCode">381</SimpleData>
		<SimpleData name="TM_Weather_StationName">Govinakovi-2</SimpleData>
		<SimpleData name="KGISVillageID">10163</SimpleData>
	</SchemaData></ExtendedData>
      <Point><coordinates>75.671898181836,14.1066735738681</coordinates></Point>
  </Placemark>
  <Placemark>
	<ExtendedData><SchemaData schemaUrl="#telemetric_weather_station">
		<SimpleData name="OBJECTID">285</SimpleData>
		<SimpleData name="KGISCode">29567055136068610000RDDMCPUSCRTWS0001</SimpleData>
		<SimpleData name="KGISTM_Weather_StationID">382</SimpleData>
		<SimpleData name="DepartmentCode">382</SimpleData>
		<SimpleData name="TM_Weather_StationName">Sasavehalli-1</SimpleData>
		<SimpleData name="KGISVillageID">10252</SimpleData>
	</SchemaData></ExtendedData>
      <Point><coordinates>75.7153099997544,14.1516070001122</coordinates></Point>
  </Placemark>
  <Placemark>
	<ExtendedData><SchemaData schemaUrl="#telemetric_weather_station">
		<SimpleData name="OBJECTID">284</SimpleData>
		<SimpleData name="KGISCode">29567055136067990000RDDMCPUSCRTWS0001</SimpleData>
		<SimpleData name="KGISTM_Weather_StationID">383</SimpleData>
		<SimpleData name="DepartmentCode">383</SimpleData>
		<SimpleData name="TM_Weather_StationName">Sasavehalli-2</SimpleData>
		<SimpleData name="KGISVillageID">10241</SimpleData>
	</SchemaData></ExtendedData>
      <Point><coordinates>75.7695469477957,14.27719353085</coordinates></Point>
  </Placemark>
  <Placemark>
	<ExtendedData><SchemaData schemaUrl="#telemetric_weather_station">
		<SimpleData name="OBJECTID">274</SimpleData>
		<SimpleData name="KGISCode">29567055116064280000RDDMCPUSCRTWS0001</SimpleData>
		<SimpleData name="KGISTM_Weather_StationID">384</SimpleData>
		<SimpleData name="DepartmentCode">384</SimpleData>
		<SimpleData name="TM_Weather_StationName">Bilchodu</SimpleData>
		<SimpleData name="KGISVillageID">9796</SimpleData>
	</SchemaData></ExtendedData>
      <Point><coordinates>76.193912093473,14.5749248359766</coordinates></Point>
  </Placemark>
  <Placemark>
	<ExtendedData><SchemaData schemaUrl="#telemetric_weather_station">
		<SimpleData name="OBJECTID">21</SimpleData>
		<SimpleData name="KGISCode">29555054395978260000RDDMCPUSCRTWS0001</SimpleData>
		<SimpleData name="KGISTM_Weather_StationID">385</SimpleData>
		<SimpleData name="DepartmentCode">385</SimpleData>
		<SimpleData name="TM_Weather_StationName">Jamboti</SimpleData>
		<SimpleData name="KGISVillageID">677</SimpleData>
	</SchemaData></ExtendedData>
      <Point><coordinates>74.3768090002341,15.6861390001189</coordinates></Point>
  </Placemark>
  <Placemark>
	<ExtendedData><SchemaData schemaUrl="#telemetric_weather_station">
		<SimpleData name="OBJECTID">350</SimpleData>
		<SimpleData name="KGISCode">29570055306097120000RDDMCPUSCRTWS0001</SimpleData>
		<SimpleData name="KGISTM_Weather_StationID">386</SimpleData>
		<SimpleData name="DepartmentCode">386</SimpleData>
		<SimpleData name="TM_Weather_StationName">Avathi</SimpleData>
		<SimpleData name="KGISVillageID">13004</SimpleData>
	</SchemaData></ExtendedData>
      <Point><coordinates>75.636799000365,13.3406610002196</coordinates></Point>
  </Placemark>
  <Placemark>
	<ExtendedData><SchemaData schemaUrl="#telemetric_weather_station">
		<SimpleData name="OBJECTID">349</SimpleData>
		<SimpleData name="KGISCode">29570055306098650000RDDMCPUSCRTWS0001</SimpleData>
		<SimpleData name="KGISTM_Weather_StationID">387</SimpleData>
		<SimpleData name="DepartmentCode">387</SimpleData>
		<SimpleData name="TM_Weather_StationName">Amble</SimpleData>
		<SimpleData name="KGISVillageID">12973</SimpleData>
	</SchemaData></ExtendedData>
      <Point><coordinates>75.8003420000252,13.2755589995629</coordinates></Point>
  </Placemark>
  <Placemark>
	<ExtendedData><SchemaData schemaUrl="#telemetric_weather_station">
		<SimpleData name="OBJECTID">354</SimpleData>
		<SimpleData name="KGISCode">29570055306097810000RDDMCPUSCRTWS0001</SimpleData>
		<SimpleData name="KGISTM_Weather_StationID">388</SimpleData>
		<SimpleData name="DepartmentCode">388</SimpleData>
		<SimpleData name="TM_Weather_StationName">Lakya</SimpleData>
		<SimpleData name="KGISVillageID">13125</SimpleData>
	</SchemaData></ExtendedData>
      <Point><coordinates>75.8719109997605,13.3431979997762</coordinates></Point>
  </Placemark>
  <Placemark>
	<ExtendedData><SchemaData schemaUrl="#telemetric_weather_station">
		<SimpleData name="OBJECTID">352</SimpleData>
		<SimpleData name="KGISCode">29570055306096680000RDDMCPUSCRTWS0001</SimpleData>
		<SimpleData name="KGISTM_Weather_StationID">389</SimpleData>
		<SimpleData name="DepartmentCode">389</SimpleData>
		<SimpleData name="TM_Weather_StationName">Sangmeswrpet</SimpleData>
		<SimpleData name="KGISVillageID">13081</SimpleData>
	</SchemaData></ExtendedData>
      <Point><coordinates>75.5233129998224,13.3794079995733</coordinates></Point>
  </Placemark>
  <Placemark>
	<ExtendedData><SchemaData schemaUrl="#telemetric_weather_station">
		<SimpleData name="OBJECTID">310</SimpleData>
		<SimpleData name="KGISCode">29568055196082280000RDDMCPUSCRTWS0001</SimpleData>
		<SimpleData name="KGISTM_Weather_StationID">39</SimpleData>
		<SimpleData name="DepartmentCode">39</SimpleData>
		<SimpleData name="TM_Weather_StationName">Tirthahalli</SimpleData>
		<SimpleData name="KGISVillageID">11527</SimpleData>
	</SchemaData></ExtendedData>
      <Point><coordinates>75.2445170003301,13.6911570003073</coordinates></Point>
  </Placemark>
  <Placemark>
	<ExtendedData><SchemaData schemaUrl="#telemetric_weather_station">
		<SimpleData name="OBJECTID">488</SimpleData>
		<SimpleData name="KGISCode">29574055536148490000RDDMCPUSCRTWS0001</SimpleData>
		<SimpleData name="KGISTM_Weather_StationID">390</SimpleData>
		<SimpleData name="DepartmentCode">390</SimpleData>
		<SimpleData name="TM_Weather_StationName">Hanbalu</SimpleData>
		<SimpleData name="KGISVillageID">22874</SimpleData>
	</SchemaData></ExtendedData>
      <Point><coordinates>75.6977359995566,13.0022960001514</coordinates></Point>
  </Placemark>
  <Placemark>
	<ExtendedData><SchemaData schemaUrl="#telemetric_weather_station">
		<SimpleData name="OBJECTID">112</SimpleData>
		<SimpleData name="KGISCode">29558054566000810000RDDMCPUSCRTWS0001</SimpleData>
		<SimpleData name="KGISTM_Weather_StationID">391</SimpleData>
		<SimpleData name="DepartmentCode">391</SimpleData>
		<SimpleData name="TM_Weather_StationName">Chintaki</SimpleData>
		<SimpleData name="KGISVillageID">3919</SimpleData>
	</SchemaData></ExtendedData>
      <Point><coordinates>77.5422300001075,18.2194019996471</coordinates></Point>
  </Placemark>
  <Placemark>
	<ExtendedData><SchemaData schemaUrl="#telemetric_weather_station">
		<SimpleData name="OBJECTID">633</SimpleData>
		<SimpleData name="KGISCode">29558054565999780000RDDMCPUSCRTWS0001</SimpleData>
		<SimpleData name="KGISTM_Weather_StationID">392</SimpleData>
		<SimpleData name="DepartmentCode">392</SimpleData>
		<SimpleData name="TM_Weather_StationName">Dabaka</SimpleData>
		<SimpleData name="KGISVillageID">30351</SimpleData>
	</SchemaData></ExtendedData>
      <Point><coordinates>77.2837500000903,18.3695659996254</coordinates></Point>
  </Placemark>
  <Placemark>
	<ExtendedData><SchemaData schemaUrl="#telemetric_weather_station">
		<SimpleData name="OBJECTID">113</SimpleData>
		<SimpleData name="KGISCode">29558054566001200000RDDMCPUSCRTWS0001</SimpleData>
		<SimpleData name="KGISTM_Weather_StationID">393</SimpleData>
		<SimpleData name="DepartmentCode">393</SimpleData>
		<SimpleData name="TM_Weather_StationName">Kamalnagar</SimpleData>
		<SimpleData name="KGISVillageID">3978</SimpleData>
	</SchemaData></ExtendedData>
      <Point><coordinates>77.1810119995873,18.2331899998096</coordinates></Point>
  </Placemark>
  <Placemark>
	<ExtendedData><SchemaData schemaUrl="#telemetric_weather_station">
		<SimpleData name="OBJECTID">115</SimpleData>
		<SimpleData name="KGISCode">29558054566000970000RDDMCPUSCRTWS0001</SimpleData>
		<SimpleData name="KGISTM_Weather_StationID">394</SimpleData>
		<SimpleData name="DepartmentCode">394</SimpleData>
		<SimpleData name="TM_Weather_StationName">Santpur</SimpleData>
		<SimpleData name="KGISVillageID">4032</SimpleData>
	</SchemaData></ExtendedData>
      <Point><coordinates>77.4416260001123,18.1602239999129</coordinates></Point>
  </Placemark>
  <Placemark>
	<ExtendedData><SchemaData schemaUrl="#telemetric_weather_station">
		<SimpleData name="OBJECTID">116</SimpleData>
		<SimpleData name="KGISCode">29558054566000290000RDDMCPUSCRTWS0001</SimpleData>
		<SimpleData name="KGISTM_Weather_StationID">395</SimpleData>
		<SimpleData name="DepartmentCode">395</SimpleData>
		<SimpleData name="TM_Weather_StationName">Thanakushanur</SimpleData>
		<SimpleData name="KGISVillageID">4062</SimpleData>
	</SchemaData></ExtendedData>
      <Point><coordinates>77.3299869996854,18.1538670001394</coordinates></Point>
  </Placemark>
  <Placemark>
	<ExtendedData><SchemaData schemaUrl="#telemetric_weather_station">
		<SimpleData name="OBJECTID">109</SimpleData>
		<SimpleData name="KGISCode">29558054555999530000RDDMCPUSCRTWS0001</SimpleData>
		<SimpleData name="KGISTM_Weather_StationID">396</SimpleData>
		<SimpleData name="DepartmentCode">396</SimpleData>
		<SimpleData name="TM_Weather_StationName">Halburga</SimpleData>
		<SimpleData name="KGISVillageID">3801</SimpleData>
	</SchemaData></ExtendedData>
      <Point><coordinates>77.3279459997874,17.9934959997804</coordinates></Point>
  </Placemark>
  <Placemark>
	<ExtendedData><SchemaData schemaUrl="#telemetric_weather_station">
		<SimpleData name="OBJECTID">703</SimpleData>
		<SimpleData name="KGISCode">29558054555999400000RDDMCPUSCRTWS0001</SimpleData>
		<SimpleData name="KGISTM_Weather_StationID">397</SimpleData>
		<SimpleData name="DepartmentCode">397</SimpleData>
		<SimpleData name="TM_Weather_StationName">Khatak Chincholi</SimpleData>
		<SimpleData name="KGISVillageID">31900</SimpleData>
	</SchemaData></ExtendedData>
      <Point><coordinates>77.2061340000763,17.9000129996065</coordinates></Point>
  </Placemark>
  <Placemark>
	<ExtendedData><SchemaData schemaUrl="#telemetric_weather_station">
		<SimpleData name="OBJECTID">632</SimpleData>
		<SimpleData name="KGISCode">29558054555998620000RDDMCPUSCRTWS0001</SimpleData>
		<SimpleData name="KGISTM_Weather_StationID">398</SimpleData>
		<SimpleData name="DepartmentCode">398</SimpleData>
		<SimpleData name="TM_Weather_StationName">Lakangaon</SimpleData>
		<SimpleData name="KGISVillageID">30344</SimpleData>
	</SchemaData></ExtendedData>
      <Point><coordinates>77.1349619999052,18.1730189999229</coordinates></Point>
  </Placemark>
  <Placemark>
	<ExtendedData><SchemaData schemaUrl="#telemetric_weather_station">
		<SimpleData name="OBJECTID">117</SimpleData>
		<SimpleData name="KGISCode">29558054576002260000RDDMCPUSCRTWS0001</SimpleData>
		<SimpleData name="KGISTM_Weather_StationID">399</SimpleData>
		<SimpleData name="DepartmentCode">399</SimpleData>
		<SimpleData name="TM_Weather_StationName">Bagadhal</SimpleData>
		<SimpleData name="KGISVillageID">4063</SimpleData>
	</SchemaData></ExtendedData>
      <Point><coordinates>77.4001260002613,17.7498590003296</coordinates></Point>
  </Placemark>
  <Placemark>
	<ExtendedData><SchemaData schemaUrl="#telemetric_weather_station">
		<SimpleData name="OBJECTID">529</SimpleData>
		<SimpleData name="KGISCode">29575055646177320000RDDMCPUSCRTWS0001</SimpleData>
		<SimpleData name="KGISTM_Weather_StationID">4</SimpleData>
		<SimpleData name="DepartmentCode">4</SimpleData>
		<SimpleData name="TM_Weather_StationName">Puttur</SimpleData>
		<SimpleData name="KGISVillageID">25457</SimpleData>
	</SchemaData></ExtendedData>
      <Point><coordinates>75.2106792569176,12.7200261931889</coordinates></Point>
  </Placemark>
  <Placemark>
	<ExtendedData><SchemaData schemaUrl="#telemetric_weather_station">
		<SimpleData name="OBJECTID">33</SimpleData>
		<SimpleData name="KGISCode">29556054448030430000RDDMCPUSCRTWS0001</SimpleData>
		<SimpleData name="KGISTM_Weather_StationID">40</SimpleData>
		<SimpleData name="DepartmentCode">40</SimpleData>
		<SimpleData name="TM_Weather_StationName">Biligi</SimpleData>
		<SimpleData name="KGISVillageID">1201</SimpleData>
	</SchemaData></ExtendedData>
      <Point><coordinates>75.616538999721,16.3538440000012</coordinates></Point>
  </Placemark>
  <Placemark>
	<ExtendedData><SchemaData schemaUrl="#telemetric_weather_station">
		<SimpleData name="OBJECTID">120</SimpleData>
		<SimpleData name="KGISCode">29558054576001480000RDDMCPUSCRTWS0001</SimpleData>
		<SimpleData name="KGISTM_Weather_StationID">400</SimpleData>
		<SimpleData name="DepartmentCode">400</SimpleData>
		<SimpleData name="TM_Weather_StationName">Bidar North</SimpleData>
		<SimpleData name="KGISVillageID">4145</SimpleData>
	</SchemaData></ExtendedData>
      <Point><coordinates>77.5919810003069,18.0019119998735</coordinates></Point>
  </Placemark>
  <Placemark>
	<ExtendedData><SchemaData schemaUrl="#telemetric_weather_station">
		<SimpleData name="OBJECTID">118</SimpleData>
		<SimpleData name="KGISCode">29558054576001890000RDDMCPUSCRTWS0001</SimpleData>
		<SimpleData name="KGISTM_Weather_StationID">401</SimpleData>
		<SimpleData name="DepartmentCode">401</SimpleData>
		<SimpleData name="TM_Weather_StationName">Bidar South</SimpleData>
		<SimpleData name="KGISVillageID">4090</SimpleData>
	</SchemaData></ExtendedData>
      <Point><coordinates>77.5262869998154,17.8888290002442</coordinates></Point>
  </Placemark>
  <Placemark>
	<ExtendedData><SchemaData schemaUrl="#telemetric_weather_station">
		<SimpleData name="OBJECTID">119</SimpleData>
		<SimpleData name="KGISCode">29558054576001400000RDDMCPUSCRTWS0001</SimpleData>
		<SimpleData name="KGISTM_Weather_StationID">402</SimpleData>
		<SimpleData name="DepartmentCode">402</SimpleData>
		<SimpleData name="TM_Weather_StationName">Janwada</SimpleData>
		<SimpleData name="KGISVillageID">4106</SimpleData>
	</SchemaData></ExtendedData>
      <Point><coordinates>77.478865000354,18.0014850003398</coordinates></Point>
  </Placemark>
  <Placemark>
	<ExtendedData><SchemaData schemaUrl="#telemetric_weather_station">
		<SimpleData name="OBJECTID">635</SimpleData>
		<SimpleData name="KGISCode">29558054576002040000RDDMCPUSCRTWS0001</SimpleData>
		<SimpleData name="KGISTM_Weather_StationID">403</SimpleData>
		<SimpleData name="DepartmentCode">403</SimpleData>
		<SimpleData name="TM_Weather_StationName">Kamthana</SimpleData>
		<SimpleData name="KGISVillageID">30371</SimpleData>
	</SchemaData></ExtendedData>
      <Point><coordinates>77.45146500018,17.8570019997981</coordinates></Point>
  </Placemark>
  <Placemark>
	<ExtendedData><SchemaData schemaUrl="#telemetric_weather_station">
		<SimpleData name="OBJECTID">121</SimpleData>
		<SimpleData name="KGISCode">29558054576002380000RDDMCPUSCRTWS0001</SimpleData>
		<SimpleData name="KGISTM_Weather_StationID">404</SimpleData>
		<SimpleData name="DepartmentCode">404</SimpleData>
		<SimpleData name="TM_Weather_StationName">Manalli</SimpleData>
		<SimpleData name="KGISVillageID">4178</SimpleData>
	</SchemaData></ExtendedData>
      <Point><coordinates>77.5069519997591,17.7661760003143</coordinates></Point>
  </Placemark>
  <Placemark>
	<ExtendedData><SchemaData schemaUrl="#telemetric_weather_station">
		<SimpleData name="OBJECTID">122</SimpleData>
		<SimpleData name="KGISCode">29558054586003370000RDDMCPUSCRTWS0001</SimpleData>
		<SimpleData name="KGISTM_Weather_StationID">405</SimpleData>
		<SimpleData name="DepartmentCode">405</SimpleData>
		<SimpleData name="TM_Weather_StationName">Bhimalkhed</SimpleData>
		<SimpleData name="KGISVillageID">4188</SimpleData>
	</SchemaData></ExtendedData>
      <Point><coordinates>77.4285279997897,17.6648550003347</coordinates></Point>
  </Placemark>
  <Placemark>
	<ExtendedData><SchemaData schemaUrl="#telemetric_weather_station">
		<SimpleData name="OBJECTID">704</SimpleData>
		<SimpleData name="KGISCode">29558054588030620000RDDMCPUSCRTWS0001</SimpleData>
		<SimpleData name="KGISTM_Weather_StationID">406</SimpleData>
		<SimpleData name="DepartmentCode">406</SimpleData>
		<SimpleData name="TM_Weather_StationName">Chitgoppa</SimpleData>
		<SimpleData name="KGISVillageID">31905</SimpleData>
	</SchemaData></ExtendedData>
      <Point><coordinates>77.2170999999467,17.697914999826</coordinates></Point>
  </Placemark>
  <Placemark>
	<ExtendedData><SchemaData schemaUrl="#telemetric_weather_station">
		<SimpleData name="OBJECTID">124</SimpleData>
		<SimpleData name="KGISCode">29558054586002760000RDDMCPUSCRTWS0001</SimpleData>
		<SimpleData name="KGISTM_Weather_StationID">407</SimpleData>
		<SimpleData name="DepartmentCode">407</SimpleData>
		<SimpleData name="TM_Weather_StationName">Hallikheda</SimpleData>
		<SimpleData name="KGISVillageID">4235</SimpleData>
	</SchemaData></ExtendedData>
      <Point><coordinates>77.2640509998927,17.8464590001309</coordinates></Point>
  </Placemark>
  <Placemark>
	<ExtendedData><SchemaData schemaUrl="#telemetric_weather_station">
		<SimpleData name="OBJECTID">126</SimpleData>
		<SimpleData name="KGISCode">29558054586003260000RDDMCPUSCRTWS0001</SimpleData>
		<SimpleData name="KGISTM_Weather_StationID">408</SimpleData>
		<SimpleData name="DepartmentCode">408</SimpleData>
		<SimpleData name="TM_Weather_StationName">Nirna</SimpleData>
		<SimpleData name="KGISVillageID">4269</SimpleData>
	</SchemaData></ExtendedData>
      <Point><coordinates>77.3176360003051,17.6804110004174</coordinates></Point>
  </Placemark>
  <Placemark>
	<ExtendedData><SchemaData schemaUrl="#telemetric_weather_station">
		<SimpleData name="OBJECTID">142</SimpleData>
		<SimpleData name="KGISCode">29559054626008920000RDDMCPUSCRTWS0001</SimpleData>
		<SimpleData name="KGISTM_Weather_StationID">409</SimpleData>
		<SimpleData name="DepartmentCode">409</SimpleData>
		<SimpleData name="TM_Weather_StationName">Pamankallur</SimpleData>
		<SimpleData name="KGISVillageID">4873</SimpleData>
	</SchemaData></ExtendedData>
      <Point><coordinates>76.679117999776,16.0991760002437</coordinates></Point>
  </Placemark>
  <Placemark>
	<ExtendedData><SchemaData schemaUrl="#telemetric_weather_station">
		<SimpleData name="OBJECTID">700</SimpleData>
		<SimpleData name="KGISCode">29557054528030540000RDDMCPUSCRTWS0001</SimpleData>
		<SimpleData name="KGISTM_Weather_StationID">41</SimpleData>
		<SimpleData name="DepartmentCode">41</SimpleData>
		<SimpleData name="TM_Weather_StationName">Basavanabagevadi</SimpleData>
		<SimpleData name="KGISVillageID">31879</SimpleData>
	</SchemaData></ExtendedData>
      <Point><coordinates>75.9741459999838,16.5697330004137</coordinates></Point>
  </Placemark>
  <Placemark>
	<ExtendedData><SchemaData schemaUrl="#telemetric_weather_station">
		<SimpleData name="OBJECTID">720</SimpleData>
		<SimpleData name="KGISCode">29559054636011880000RDDMCPUSCRTWS0001</SimpleData>
		<SimpleData name="KGISTM_Weather_StationID">410</SimpleData>
		<SimpleData name="DepartmentCode">410</SimpleData>
		<SimpleData name="TM_Weather_StationName">Badarli</SimpleData>
		<SimpleData name="KGISVillageID">32169</SimpleData>
	</SchemaData></ExtendedData>
      <Point><coordinates>76.902293366014,15.7679548328562</coordinates></Point>
  </Placemark>
  <Placemark>
	<ExtendedData><SchemaData schemaUrl="#telemetric_weather_station">
		<SimpleData name="OBJECTID">724</SimpleData>
		<SimpleData name="KGISCode">29559054636011260000RDDMCPUSCRTWS0001</SimpleData>
		<SimpleData name="KGISTM_Weather_StationID">411</SimpleData>
		<SimpleData name="DepartmentCode">411</SimpleData>
		<SimpleData name="TM_Weather_StationName">Kunatgi</SimpleData>
		<SimpleData name="KGISVillageID">32255</SimpleData>
	</SchemaData></ExtendedData>
      <Point><coordinates>76.7168809998975,15.8260190002151</coordinates></Point>
  </Placemark>
  <Placemark>
	<ExtendedData><SchemaData schemaUrl="#telemetric_weather_station">
		<SimpleData name="OBJECTID">530</SimpleData>
		<SimpleData name="KGISCode">29575055646177520000RDDMCPUSCRTWS0001</SimpleData>
		<SimpleData name="KGISTM_Weather_StationID">412</SimpleData>
		<SimpleData name="DepartmentCode">412</SimpleData>
		<SimpleData name="TM_Weather_StationName">Uppinangady</SimpleData>
		<SimpleData name="KGISVillageID">25493</SimpleData>
	</SchemaData></ExtendedData>
      <Point><coordinates>75.2545600001069,12.8351500003572</coordinates></Point>
  </Placemark>
  <Placemark>
	<ExtendedData><SchemaData schemaUrl="#telemetric_weather_station">
		<SimpleData name="OBJECTID">401</SimpleData>
		<SimpleData name="KGISCode">29582055986240150000RDDMCPUSCRTWS0001</SimpleData>
		<SimpleData name="KGISTM_Weather_StationID">413</SimpleData>
		<SimpleData name="DepartmentCode">413</SimpleData>
		<SimpleData name="TM_Weather_StationName">Chelur</SimpleData>
		<SimpleData name="KGISVillageID">16427</SimpleData>
	</SchemaData></ExtendedData>
      <Point><coordinates>78.1005530001098,13.705778000156</coordinates></Point>
  </Placemark>
  <Placemark>
	<ExtendedData><SchemaData schemaUrl="#telemetric_weather_station">
		<SimpleData name="OBJECTID">342</SimpleData>
		<SimpleData name="KGISCode">29570055286091140000RDDMCPUSCRTWS0001</SimpleData>
		<SimpleData name="KGISTM_Weather_StationID">414</SimpleData>
		<SimpleData name="DepartmentCode">414</SimpleData>
		<SimpleData name="TM_Weather_StationName">Lakavalli</SimpleData>
		<SimpleData name="KGISVillageID">12595</SimpleData>
	</SchemaData></ExtendedData>
      <Point><coordinates>75.6570000003404,13.7018109998192</coordinates></Point>
  </Placemark>
  <Placemark>
	<ExtendedData><SchemaData schemaUrl="#telemetric_weather_station">
		<SimpleData name="OBJECTID">521</SimpleData>
		<SimpleData name="KGISCode">29575055618031790000RDDMCPUSCRTWS0001</SimpleData>
		<SimpleData name="KGISTM_Weather_StationID">415</SimpleData>
		<SimpleData name="DepartmentCode">415</SimpleData>
		<SimpleData name="TM_Weather_StationName">Mulki</SimpleData>
		<SimpleData name="KGISVillageID">25220</SimpleData>
	</SchemaData></ExtendedData>
      <Point><coordinates>74.791099999625,13.0908589999357</coordinates></Point>
  </Placemark>
  <Placemark>
	<ExtendedData><SchemaData schemaUrl="#telemetric_weather_station">
		<SimpleData name="OBJECTID">528</SimpleData>
		<SimpleData name="KGISCode">29575055646177160000RDDMCPUSCRTWS0001</SimpleData>
		<SimpleData name="KGISTM_Weather_StationID">416</SimpleData>
		<SimpleData name="DepartmentCode">416</SimpleData>
		<SimpleData name="TM_Weather_StationName">Kadaba</SimpleData>
		<SimpleData name="KGISVillageID">25447</SimpleData>
	</SchemaData></ExtendedData>
      <Point><coordinates>75.4268969997411,12.7428300001187</coordinates></Point>
  </Placemark>
  <Placemark>
	<ExtendedData><SchemaData schemaUrl="#telemetric_weather_station">
		<SimpleData name="OBJECTID">502</SimpleData>
		<SimpleData name="KGISCode">29574055566161000000RDDMCPUSCRTWS0001</SimpleData>
		<SimpleData name="KGISTM_Weather_StationID">417</SimpleData>
		<SimpleData name="DepartmentCode">417</SimpleData>
		<SimpleData name="TM_Weather_StationName">Kattya</SimpleData>
		<SimpleData name="KGISVillageID">23863</SimpleData>
	</SchemaData></ExtendedData>
      <Point><coordinates>76.0652149996363,12.8951510002709</coordinates></Point>
  </Placemark>
  <Placemark>
	<ExtendedData><SchemaData schemaUrl="#telemetric_weather_station">
		<SimpleData name="OBJECTID">583</SimpleData>
		<SimpleData name="KGISCode">29563054788030900000RDDMCPUSCRTWS0001</SimpleData>
		<SimpleData name="KGISTM_Weather_StationID">418</SimpleData>
		<SimpleData name="DepartmentCode">418</SimpleData>
		<SimpleData name="TM_Weather_StationName">Karwar</SimpleData>
		<SimpleData name="KGISVillageID">27848</SimpleData>
	</SchemaData></ExtendedData>
      <Point><coordinates>74.1411129998081,14.8271030000715</coordinates></Point>
  </Placemark>
  <Placemark>
	<ExtendedData><SchemaData schemaUrl="#telemetric_weather_station">
		<SimpleData name="OBJECTID">195</SimpleData>
		<SimpleData name="KGISCode">29563054826030670000RDDMCPUSCRTWS0001</SimpleData>
		<SimpleData name="KGISTM_Weather_StationID">419</SimpleData>
		<SimpleData name="DepartmentCode">419</SimpleData>
		<SimpleData name="TM_Weather_StationName">Pala</SimpleData>
		<SimpleData name="KGISVillageID">6733</SimpleData>
	</SchemaData></ExtendedData>
      <Point><coordinates>75.0476050002028,14.7909359996844</coordinates></Point>
  </Placemark>
  <Placemark>
	<ExtendedData><SchemaData schemaUrl="#telemetric_weather_station">
		<SimpleData name="OBJECTID">261</SimpleData>
		<SimpleData name="KGISCode">29566055068031210000RDDMCPUSCRTWS0001</SimpleData>
		<SimpleData name="KGISTM_Weather_StationID">42</SimpleData>
		<SimpleData name="DepartmentCode">42</SimpleData>
		<SimpleData name="TM_Weather_StationName">Holalkere</SimpleData>
		<SimpleData name="KGISVillageID">9114</SimpleData>
	</SchemaData></ExtendedData>
      <Point><coordinates>76.18511500045,14.0407879995673</coordinates></Point>
  </Placemark>
  <Placemark>
	<ExtendedData><SchemaData schemaUrl="#telemetric_weather_station">
		<SimpleData name="OBJECTID">206</SimpleData>
		<SimpleData name="KGISCode">29563054866036620000RDDMCPUSCRTWS0001</SimpleData>
		<SimpleData name="KGISTM_Weather_StationID">420</SimpleData>
		<SimpleData name="DepartmentCode">420</SimpleData>
		<SimpleData name="TM_Weather_StationName">Kodakani</SimpleData>
		<SimpleData name="KGISVillageID">7159</SimpleData>
	</SchemaData></ExtendedData>
      <Point><coordinates>74.8026610002404,14.2433090000082</coordinates></Point>
  </Placemark>
  <Placemark>
	<ExtendedData><SchemaData schemaUrl="#telemetric_weather_station">
		<SimpleData name="OBJECTID">208</SimpleData>
		<SimpleData name="KGISCode">29563054866035440000RDDMCPUSCRTWS0001</SimpleData>
		<SimpleData name="KGISTM_Weather_StationID">421</SimpleData>
		<SimpleData name="DepartmentCode">421</SimpleData>
		<SimpleData name="TM_Weather_StationName">Umbalamani</SimpleData>
		<SimpleData name="KGISVillageID">7296</SimpleData>
	</SchemaData></ExtendedData>
      <Point><coordinates>74.7668600000005,14.4911070001876</coordinates></Point>
  </Placemark>
  <Placemark>
	<ExtendedData><SchemaData schemaUrl="#telemetric_weather_station">
		<SimpleData name="OBJECTID">197</SimpleData>
		<SimpleData name="KGISCode">29563054836031340000RDDMCPUSCRTWS0001</SimpleData>
		<SimpleData name="KGISTM_Weather_StationID">422</SimpleData>
		<SimpleData name="DepartmentCode">422</SimpleData>
		<SimpleData name="TM_Weather_StationName">Hulekal</SimpleData>
		<SimpleData name="KGISVillageID">6842</SimpleData>
	</SchemaData></ExtendedData>
      <Point><coordinates>74.7649940002635,14.6929019997867</coordinates></Point>
  </Placemark>
  <Placemark>
	<ExtendedData><SchemaData schemaUrl="#telemetric_weather_station">
		<SimpleData name="OBJECTID">686</SimpleData>
		<SimpleData name="KGISCode">29563054836031820000RDDMCPUSCRTWS0001</SimpleData>
		<SimpleData name="KGISTM_Weather_StationID">423</SimpleData>
		<SimpleData name="DepartmentCode">423</SimpleData>
		<SimpleData name="TM_Weather_StationName">Samphakanda</SimpleData>
		<SimpleData name="KGISVillageID">31634</SimpleData>
	</SchemaData></ExtendedData>
      <Point><coordinates>74.7189820000848,14.543030000238</coordinates></Point>
  </Placemark>
  <Placemark>
	<ExtendedData><SchemaData schemaUrl="#telemetric_weather_station">
		<SimpleData name="OBJECTID">193</SimpleData>
		<SimpleData name="KGISCode">29563054816029620000RDDMCPUSCRTWS0001</SimpleData>
		<SimpleData name="KGISTM_Weather_StationID">424</SimpleData>
		<SimpleData name="DepartmentCode">424</SimpleData>
		<SimpleData name="TM_Weather_StationName">Manchikeri</SimpleData>
		<SimpleData name="KGISVillageID">6637</SimpleData>
	</SchemaData></ExtendedData>
      <Point><coordinates>74.8178559997257,14.8534969997702</coordinates></Point>
  </Placemark>
  <Placemark>
	<ExtendedData><SchemaData schemaUrl="#telemetric_weather_station">
		<SimpleData name="OBJECTID">79</SimpleData>
		<SimpleData name="KGISCode">29579055846205110000RDDMCPUSCRTWS0001</SimpleData>
		<SimpleData name="KGISTM_Weather_StationID">425</SimpleData>
		<SimpleData name="DepartmentCode">425</SimpleData>
		<SimpleData name="TM_Weather_StationName">Sedam</SimpleData>
		<SimpleData name="KGISVillageID">2846</SimpleData>
	</SchemaData></ExtendedData>
      <Point><coordinates>77.3802780003851,17.1125369998071</coordinates></Point>
  </Placemark>
  <Placemark>
	<ExtendedData><SchemaData schemaUrl="#telemetric_weather_station">
		<SimpleData name="OBJECTID">82</SimpleData>
		<SimpleData name="KGISCode">29579055846205610000RDDMCPUSCRTWS0001</SimpleData>
		<SimpleData name="KGISTM_Weather_StationID">426</SimpleData>
		<SimpleData name="DepartmentCode">426</SimpleData>
		<SimpleData name="TM_Weather_StationName">Mudhole</SimpleData>
		<SimpleData name="KGISVillageID">2946</SimpleData>
	</SchemaData></ExtendedData>
      <Point><coordinates>77.3979499998254,17.0600950004064</coordinates></Point>
  </Placemark>
  <Placemark>
	<ExtendedData><SchemaData schemaUrl="#telemetric_weather_station">
		<SimpleData name="OBJECTID">81</SimpleData>
		<SimpleData name="KGISCode">29579055846205380000RDDMCPUSCRTWS0001</SimpleData>
		<SimpleData name="KGISTM_Weather_StationID">427</SimpleData>
		<SimpleData name="DepartmentCode">427</SimpleData>
		<SimpleData name="TM_Weather_StationName">Kodla</SimpleData>
		<SimpleData name="KGISVillageID">2919</SimpleData>
	</SchemaData></ExtendedData>
      <Point><coordinates>77.2576360000574,17.0368489999415</coordinates></Point>
  </Placemark>
  <Placemark>
	<ExtendedData><SchemaData schemaUrl="#telemetric_weather_station">
		<SimpleData name="OBJECTID">514</SimpleData>
		<SimpleData name="KGISCode">29574055596167980000RDDMCPUSCRTWS0001</SimpleData>
		<SimpleData name="KGISTM_Weather_StationID">428</SimpleData>
		<SimpleData name="DepartmentCode">428</SimpleData>
		<SimpleData name="TM_Weather_StationName">Halekote</SimpleData>
		<SimpleData name="KGISVillageID">24620</SimpleData>
	</SchemaData></ExtendedData>
      <Point><coordinates>76.1787040004303,12.8473489998809</coordinates></Point>
  </Placemark>
  <Placemark>
	<ExtendedData><SchemaData schemaUrl="#telemetric_weather_station">
		<SimpleData name="OBJECTID">515</SimpleData>
		<SimpleData name="KGISCode">29574055596169940000RDDMCPUSCRTWS0001</SimpleData>
		<SimpleData name="KGISTM_Weather_StationID">429</SimpleData>
		<SimpleData name="DepartmentCode">429</SimpleData>
		<SimpleData name="TM_Weather_StationName">Hallimysore</SimpleData>
		<SimpleData name="KGISVillageID">24677</SimpleData>
	</SchemaData></ExtendedData>
      <Point><coordinates>76.2590879998803,12.657038999997</coordinates></Point>
  </Placemark>
  <Placemark>
	<ExtendedData><SchemaData schemaUrl="#telemetric_weather_station">
		<SimpleData name="OBJECTID">559</SimpleData>
		<SimpleData name="KGISCode">29578055766195080000RDDMCPUSCRTWS0001</SimpleData>
		<SimpleData name="KGISTM_Weather_StationID">43</SimpleData>
		<SimpleData name="DepartmentCode">43</SimpleData>
		<SimpleData name="TM_Weather_StationName">Gundlupet</SimpleData>
		<SimpleData name="KGISVillageID">26952</SimpleData>
	</SchemaData></ExtendedData>
      <Point><coordinates>76.6928859997364,11.8094399996224</coordinates></Point>
  </Placemark>
  <Placemark>
	<ExtendedData><SchemaData schemaUrl="#telemetric_weather_station">
		<SimpleData name="OBJECTID">715</SimpleData>
		<SimpleData name="KGISCode">29581055916219500000RDDMCPUSCRTWS0001</SimpleData>
		<SimpleData name="KGISTM_Weather_StationID">430</SimpleData>
		<SimpleData name="DepartmentCode">430</SimpleData>
		<SimpleData name="TM_Weather_StationName">Holur</SimpleData>
		<SimpleData name="KGISVillageID">32110</SimpleData>
	</SchemaData></ExtendedData>
      <Point><coordinates>78.2144920003522,13.2460840000479</coordinates></Point>
  </Placemark>
  <Placemark>
	<ExtendedData><SchemaData schemaUrl="#telemetric_weather_station">
		<SimpleData name="OBJECTID">716</SimpleData>
		<SimpleData name="KGISCode">29581055916218200000RDDMCPUSCRTWS0001</SimpleData>
		<SimpleData name="KGISTM_Weather_StationID">431</SimpleData>
		<SimpleData name="DepartmentCode">431</SimpleData>
		<SimpleData name="TM_Weather_StationName">Narasapura</SimpleData>
		<SimpleData name="KGISVillageID">32116</SimpleData>
	</SchemaData></ExtendedData>
      <Point><coordinates>78.005550999585,13.1350490000881</coordinates></Point>
  </Placemark>
  <Placemark>
	<ExtendedData><SchemaData schemaUrl="#telemetric_weather_station">
		<SimpleData name="OBJECTID">419</SimpleData>
		<SimpleData name="KGISCode">29581055916219200000RDDMCPUSCRTWS0001</SimpleData>
		<SimpleData name="KGISTM_Weather_StationID">432</SimpleData>
		<SimpleData name="DepartmentCode">432</SimpleData>
		<SimpleData name="TM_Weather_StationName">Sugatur</SimpleData>
		<SimpleData name="KGISVillageID">17770</SimpleData>
	</SchemaData></ExtendedData>
      <Point><coordinates>78.1001629995965,13.2077130003249</coordinates></Point>
  </Placemark>
  <Placemark>
	<ExtendedData><SchemaData schemaUrl="#telemetric_weather_station">
		<SimpleData name="OBJECTID">421</SimpleData>
		<SimpleData name="KGISCode">29581055916217980000RDDMCPUSCRTWS0001</SimpleData>
		<SimpleData name="KGISTM_Weather_StationID">433</SimpleData>
		<SimpleData name="DepartmentCode">433</SimpleData>
		<SimpleData name="TM_Weather_StationName">Vemagal</SimpleData>
		<SimpleData name="KGISVillageID">17894</SimpleData>
	</SchemaData></ExtendedData>
      <Point><coordinates>78.0202580000494,13.1938190002271</coordinates></Point>
  </Placemark>
  <Placemark>
	<ExtendedData><SchemaData schemaUrl="#telemetric_weather_station">
		<SimpleData name="OBJECTID">423</SimpleData>
		<SimpleData name="KGISCode">29581055926222450000RDDMCPUSCRTWS0001</SimpleData>
		<SimpleData name="KGISTM_Weather_StationID">434</SimpleData>
		<SimpleData name="DepartmentCode">434</SimpleData>
		<SimpleData name="TM_Weather_StationName">Lakkur</SimpleData>
		<SimpleData name="KGISVillageID">18055</SimpleData>
	</SchemaData></ExtendedData>
      <Point><coordinates>77.8879439998086,12.9267879996568</coordinates></Point>
  </Placemark>
  <Placemark>
	<ExtendedData><SchemaData schemaUrl="#telemetric_weather_station">
		<SimpleData name="OBJECTID">422</SimpleData>
		<SimpleData name="KGISCode">29581055928032220000RDDMCPUSCRTWS0001</SimpleData>
		<SimpleData name="KGISTM_Weather_StationID">435</SimpleData>
		<SimpleData name="DepartmentCode">435</SimpleData>
		<SimpleData name="TM_Weather_StationName">Malur</SimpleData>
		<SimpleData name="KGISVillageID">17948</SimpleData>
	</SchemaData></ExtendedData>
      <Point><coordinates>77.936257000446,13.0045619999773</coordinates></Point>
  </Placemark>
  <Placemark>
	<ExtendedData><SchemaData schemaUrl="#telemetric_weather_station">
		<SimpleData name="OBJECTID">424</SimpleData>
		<SimpleData name="KGISCode">29581055926224150000RDDMCPUSCRTWS0001</SimpleData>
		<SimpleData name="KGISTM_Weather_StationID">436</SimpleData>
		<SimpleData name="DepartmentCode">436</SimpleData>
		<SimpleData name="TM_Weather_StationName">Tekal</SimpleData>
		<SimpleData name="KGISVillageID">18226</SimpleData>
	</SchemaData></ExtendedData>
      <Point><coordinates>78.0820120003999,12.9769799996136</coordinates></Point>
  </Placemark>
  <Placemark>
	<ExtendedData><SchemaData schemaUrl="#telemetric_weather_station">
		<SimpleData name="OBJECTID">67</SimpleData>
		<SimpleData name="KGISCode">29579055816201530000RDDMCPUSCRTWS0001</SimpleData>
		<SimpleData name="KGISTM_Weather_StationID">437</SimpleData>
		<SimpleData name="DepartmentCode">437</SimpleData>
		<SimpleData name="TM_Weather_StationName">Atnoor</SimpleData>
		<SimpleData name="KGISVillageID">2477</SimpleData>
	</SchemaData></ExtendedData>
      <Point><coordinates>76.4825339998283,17.239046000443</coordinates></Point>
  </Placemark>
  <Placemark>
	<ExtendedData><SchemaData schemaUrl="#telemetric_weather_station">
		<SimpleData name="OBJECTID">68</SimpleData>
		<SimpleData name="KGISCode">29579055816200960000RDDMCPUSCRTWS0001</SimpleData>
		<SimpleData name="KGISTM_Weather_StationID">438</SimpleData>
		<SimpleData name="DepartmentCode">438</SimpleData>
		<SimpleData name="TM_Weather_StationName">Karajagi</SimpleData>
		<SimpleData name="KGISVillageID">2523</SimpleData>
	</SchemaData></ExtendedData>
      <Point><coordinates>76.2155870002673,17.2824589999533</coordinates></Point>
  </Placemark>
  <Placemark>
	<ExtendedData><SchemaData schemaUrl="#telemetric_weather_station">
		<SimpleData name="OBJECTID">64</SimpleData>
		<SimpleData name="KGISCode">29579055806200550000RDDMCPUSCRTWS0001</SimpleData>
		<SimpleData name="KGISTM_Weather_StationID">439</SimpleData>
		<SimpleData name="DepartmentCode">439</SimpleData>
		<SimpleData name="TM_Weather_StationName">Madan Hipperaga</SimpleData>
		<SimpleData name="KGISVillageID">2411</SimpleData>
	</SchemaData></ExtendedData>
      <Point><coordinates>76.3746629995328,17.4557740002813</coordinates></Point>
  </Placemark>
  <Placemark>
	<ExtendedData><SchemaData schemaUrl="#telemetric_weather_station">
		<SimpleData name="OBJECTID">105</SimpleData>
		<SimpleData name="KGISCode">29558054545997390000RDDMCPUSCRTWS0001</SimpleData>
		<SimpleData name="KGISTM_Weather_StationID">44</SimpleData>
		<SimpleData name="DepartmentCode">44</SimpleData>
		<SimpleData name="TM_Weather_StationName">Basavakalyan</SimpleData>
		<SimpleData name="KGISVillageID">3707</SimpleData>
	</SchemaData></ExtendedData>
      <Point><coordinates>76.9508499998285,17.8778149998854</coordinates></Point>
  </Placemark>
  <Placemark>
	<ExtendedData><SchemaData schemaUrl="#telemetric_weather_station">
		<SimpleData name="OBJECTID">65</SimpleData>
		<SimpleData name="KGISCode">29579055806199990000RDDMCPUSCRTWS0001</SimpleData>
		<SimpleData name="KGISTM_Weather_StationID">440</SimpleData>
		<SimpleData name="DepartmentCode">440</SimpleData>
		<SimpleData name="TM_Weather_StationName">Narona</SimpleData>
		<SimpleData name="KGISVillageID">2443</SimpleData>
	</SchemaData></ExtendedData>
      <Point><coordinates>76.7203459997908,17.5139369996649</coordinates></Point>
  </Placemark>
  <Placemark>
	<ExtendedData><SchemaData schemaUrl="#telemetric_weather_station">
		<SimpleData name="OBJECTID">63</SimpleData>
		<SimpleData name="KGISCode">29579055806199570000RDDMCPUSCRTWS0001</SimpleData>
		<SimpleData name="KGISTM_Weather_StationID">441</SimpleData>
		<SimpleData name="DepartmentCode">441</SimpleData>
		<SimpleData name="TM_Weather_StationName">Khajuri</SimpleData>
		<SimpleData name="KGISVillageID">2384</SimpleData>
	</SchemaData></ExtendedData>
      <Point><coordinates>76.5659130002802,17.6859560003406</coordinates></Point>
  </Placemark>
  <Placemark>
	<ExtendedData><SchemaData schemaUrl="#telemetric_weather_station">
		<SimpleData name="OBJECTID">66</SimpleData>
		<SimpleData name="KGISCode">29579055806200750000RDDMCPUSCRTWS0001</SimpleData>
		<SimpleData name="KGISTM_Weather_StationID">442</SimpleData>
		<SimpleData name="DepartmentCode">442</SimpleData>
		<SimpleData name="TM_Weather_StationName">Nimberga Tanda</SimpleData>
		<SimpleData name="KGISVillageID">2471</SimpleData>
	</SchemaData></ExtendedData>
      <Point><coordinates>76.586050000459,17.3861660003166</coordinates></Point>
  </Placemark>
  <Placemark>
	<ExtendedData><SchemaData schemaUrl="#telemetric_weather_station">
		<SimpleData name="OBJECTID">77</SimpleData>
		<SimpleData name="KGISCode">29579055836204290000RDDMCPUSCRTWS0001</SimpleData>
		<SimpleData name="KGISTM_Weather_StationID">443</SimpleData>
		<SimpleData name="DepartmentCode">443</SimpleData>
		<SimpleData name="TM_Weather_StationName">Kodli</SimpleData>
		<SimpleData name="KGISVillageID">2792</SimpleData>
	</SchemaData></ExtendedData>
      <Point><coordinates>77.1913930003533,17.4005319998587</coordinates></Point>
  </Placemark>
  <Placemark>
	<ExtendedData><SchemaData schemaUrl="#telemetric_weather_station">
		<SimpleData name="OBJECTID">84</SimpleData>
		<SimpleData name="KGISCode">29579055856206050000RDDMCPUSCRTWS0001</SimpleData>
		<SimpleData name="KGISTM_Weather_StationID">444</SimpleData>
		<SimpleData name="DepartmentCode">444</SimpleData>
		<SimpleData name="TM_Weather_StationName">Kalgi</SimpleData>
		<SimpleData name="KGISVillageID">2996</SimpleData>
	</SchemaData></ExtendedData>
      <Point><coordinates>77.1536150003675,17.3511669997682</coordinates></Point>
  </Placemark>
  <Placemark>
	<ExtendedData><SchemaData schemaUrl="#telemetric_weather_station">
		<SimpleData name="OBJECTID">86</SimpleData>
		<SimpleData name="KGISCode">29579055856206540000RDDMCPUSCRTWS0001</SimpleData>
		<SimpleData name="KGISTM_Weather_StationID">445</SimpleData>
		<SimpleData name="DepartmentCode">445</SimpleData>
		<SimpleData name="TM_Weather_StationName">Shahabad</SimpleData>
		<SimpleData name="KGISVillageID">3071</SimpleData>
	</SchemaData></ExtendedData>
      <Point><coordinates>76.9411150001452,17.1219859996108</coordinates></Point>
  </Placemark>
  <Placemark>
	<ExtendedData><SchemaData schemaUrl="#telemetric_weather_station">
		<SimpleData name="OBJECTID">74</SimpleData>
		<SimpleData name="KGISCode">29579055826202770000RDDMCPUSCRTWS0001</SimpleData>
		<SimpleData name="KGISTM_Weather_StationID">446</SimpleData>
		<SimpleData name="DepartmentCode">446</SimpleData>
		<SimpleData name="TM_Weather_StationName">Pattan</SimpleData>
		<SimpleData name="KGISVillageID">2693</SimpleData>
	</SchemaData></ExtendedData>
      <Point><coordinates>76.7221320004111,17.4067669999204</coordinates></Point>
  </Placemark>
  <Placemark>
	<ExtendedData><SchemaData schemaUrl="#telemetric_weather_station">
		<SimpleData name="OBJECTID">85</SimpleData>
		<SimpleData name="KGISCode">29579055856206980000RDDMCPUSCRTWS0001</SimpleData>
		<SimpleData name="KGISTM_Weather_StationID">447</SimpleData>
		<SimpleData name="DepartmentCode">447</SimpleData>
		<SimpleData name="TM_Weather_StationName">Nalavara</SimpleData>
		<SimpleData name="KGISVillageID">3045</SimpleData>
	</SchemaData></ExtendedData>
      <Point><coordinates>76.9924200000191,16.9413409998159</coordinates></Point>
  </Placemark>
  <Placemark>
	<ExtendedData><SchemaData schemaUrl="#telemetric_weather_station">
		<SimpleData name="OBJECTID">83</SimpleData>
		<SimpleData name="KGISCode">29579055856206400000RDDMCPUSCRTWS0001</SimpleData>
		<SimpleData name="KGISTM_Weather_StationID">448</SimpleData>
		<SimpleData name="DepartmentCode">448</SimpleData>
		<SimpleData name="TM_Weather_StationName">Gundagurthi</SimpleData>
		<SimpleData name="KGISVillageID">2961</SimpleData>
	</SchemaData></ExtendedData>
      <Point><coordinates>77.0660770003163,17.2386779997957</coordinates></Point>
  </Placemark>
  <Placemark>
	<ExtendedData><SchemaData schemaUrl="#telemetric_weather_station">
		<SimpleData name="OBJECTID">70</SimpleData>
		<SimpleData name="KGISCode">29579055826202360000RDDMCPUSCRTWS0001</SimpleData>
		<SimpleData name="KGISTM_Weather_StationID">449</SimpleData>
		<SimpleData name="DepartmentCode">449</SimpleData>
		<SimpleData name="TM_Weather_StationName">Aurad</SimpleData>
		<SimpleData name="KGISVillageID">2565</SimpleData>
	</SchemaData></ExtendedData>
      <Point><coordinates>76.8950030002176,17.4429420000493</coordinates></Point>
  </Placemark>
  <Placemark>
	<ExtendedData><SchemaData schemaUrl="#telemetric_weather_station">
		<SimpleData name="OBJECTID">283</SimpleData>
		<SimpleData name="KGISCode">29567055136068190000RDDMCPUSCRTWS0001</SimpleData>
		<SimpleData name="KGISTM_Weather_StationID">45</SimpleData>
		<SimpleData name="DepartmentCode">45</SimpleData>
		<SimpleData name="TM_Weather_StationName">Honnali</SimpleData>
		<SimpleData name="KGISVillageID">10177</SimpleData>
	</SchemaData></ExtendedData>
      <Point><coordinates>75.6498799245062,14.23660862773</coordinates></Point>
  </Placemark>
  <Placemark>
	<ExtendedData><SchemaData schemaUrl="#telemetric_weather_station">
		<SimpleData name="OBJECTID">72</SimpleData>
		<SimpleData name="KGISCode">29579055826201980000RDDMCPUSCRTWS0001</SimpleData>
		<SimpleData name="KGISTM_Weather_StationID">450</SimpleData>
		<SimpleData name="DepartmentCode">450</SimpleData>
		<SimpleData name="TM_Weather_StationName">Kamalapur</SimpleData>
		<SimpleData name="KGISVillageID">2621</SimpleData>
	</SchemaData></ExtendedData>
      <Point><coordinates>76.9887470002232,17.5765329996321</coordinates></Point>
  </Placemark>
  <Placemark>
	<ExtendedData><SchemaData schemaUrl="#telemetric_weather_station">
		<SimpleData name="OBJECTID">75</SimpleData>
		<SimpleData name="KGISCode">29579055836203270000RDDMCPUSCRTWS0001</SimpleData>
		<SimpleData name="KGISTM_Weather_StationID">451</SimpleData>
		<SimpleData name="DepartmentCode">451</SimpleData>
		<SimpleData name="TM_Weather_StationName">Ainapura</SimpleData>
		<SimpleData name="KGISVillageID">2712</SimpleData>
	</SchemaData></ExtendedData>
      <Point><coordinates>77.2212989999263,17.6128549997716</coordinates></Point>
  </Placemark>
  <Placemark>
	<ExtendedData><SchemaData schemaUrl="#telemetric_weather_station">
		<SimpleData name="OBJECTID">78</SimpleData>
		<SimpleData name="KGISCode">29579055836204380000RDDMCPUSCRTWS0001</SimpleData>
		<SimpleData name="KGISTM_Weather_StationID">452</SimpleData>
		<SimpleData name="DepartmentCode">452</SimpleData>
		<SimpleData name="TM_Weather_StationName">Sulepeth</SimpleData>
		<SimpleData name="KGISVillageID">2844</SimpleData>
	</SchemaData></ExtendedData>
      <Point><coordinates>77.3486509997611,17.3995400003881</coordinates></Point>
  </Placemark>
  <Placemark>
	<ExtendedData><SchemaData schemaUrl="#telemetric_weather_station">
		<SimpleData name="OBJECTID">90</SimpleData>
		<SimpleData name="KGISCode">29579055866207320000RDDMCPUSCRTWS0001</SimpleData>
		<SimpleData name="KGISTM_Weather_StationID">453</SimpleData>
		<SimpleData name="DepartmentCode">453</SimpleData>
		<SimpleData name="TM_Weather_StationName">Nelogi</SimpleData>
		<SimpleData name="KGISVillageID">3188</SimpleData>
	</SchemaData></ExtendedData>
      <Point><coordinates>76.6087130000165,17.0593129997578</coordinates></Point>
  </Placemark>
  <Placemark>
	<ExtendedData><SchemaData schemaUrl="#telemetric_weather_station">
		<SimpleData name="OBJECTID">91</SimpleData>
		<SimpleData name="KGISCode">29579055866207880000RDDMCPUSCRTWS0001</SimpleData>
		<SimpleData name="KGISTM_Weather_StationID">454</SimpleData>
		<SimpleData name="DepartmentCode">454</SimpleData>
		<SimpleData name="TM_Weather_StationName">Yadrami</SimpleData>
		<SimpleData name="KGISVillageID">3221</SimpleData>
	</SchemaData></ExtendedData>
      <Point><coordinates>76.5344559999015,16.8557389999538</coordinates></Point>
  </Placemark>
  <Placemark>
	<ExtendedData><SchemaData schemaUrl="#telemetric_weather_station">
		<SimpleData name="OBJECTID">87</SimpleData>
		<SimpleData name="KGISCode">29579055866208520000RDDMCPUSCRTWS0001</SimpleData>
		<SimpleData name="KGISTM_Weather_StationID">455</SimpleData>
		<SimpleData name="DepartmentCode">455</SimpleData>
		<SimpleData name="TM_Weather_StationName">Andola</SimpleData>
		<SimpleData name="KGISVillageID">3075</SimpleData>
	</SchemaData></ExtendedData>
      <Point><coordinates>76.8385640003393,16.9512979995903</coordinates></Point>
  </Placemark>
  <Placemark>
	<ExtendedData><SchemaData schemaUrl="#telemetric_weather_station">
		<SimpleData name="OBJECTID">173</SimpleData>
		<SimpleData name="KGISCode">29562054738030840000RDDMCPUSCRTWS0001</SimpleData>
		<SimpleData name="KGISTM_Weather_StationID">456</SimpleData>
		<SimpleData name="DepartmentCode">456</SimpleData>
		<SimpleData name="TM_Weather_StationName">Alnvar</SimpleData>
		<SimpleData name="KGISVillageID">5866</SimpleData>
	</SchemaData></ExtendedData>
      <Point><coordinates>74.7403460002516,15.4225830000224</coordinates></Point>
  </Placemark>
  <Placemark>
	<ExtendedData><SchemaData schemaUrl="#telemetric_weather_station">
		<SimpleData name="OBJECTID">180</SimpleData>
		<SimpleData name="KGISCode">29562054766024440000RDDMCPUSCRTWS0001</SimpleData>
		<SimpleData name="KGISTM_Weather_StationID">457</SimpleData>
		<SimpleData name="DepartmentCode">457</SimpleData>
		<SimpleData name="TM_Weather_StationName">Dummawada</SimpleData>
		<SimpleData name="KGISVillageID">6102</SimpleData>
	</SchemaData></ExtendedData>
      <Point><coordinates>75.0105480004328,15.3154299998903</coordinates></Point>
  </Placemark>
  <Placemark>
	<ExtendedData><SchemaData schemaUrl="#telemetric_weather_station">
		<SimpleData name="OBJECTID">182</SimpleData>
		<SimpleData name="KGISCode">29562054766025050000RDDMCPUSCRTWS0001</SimpleData>
		<SimpleData name="KGISTM_Weather_StationID">458</SimpleData>
		<SimpleData name="DepartmentCode">458</SimpleData>
		<SimpleData name="TM_Weather_StationName">Tabakadahonnalli</SimpleData>
		<SimpleData name="KGISVillageID">6169</SimpleData>
	</SchemaData></ExtendedData>
      <Point><coordinates>75.0589700854651,15.1445338909593</coordinates></Point>
  </Placemark>
  <Placemark>
	<ExtendedData><SchemaData schemaUrl="#telemetric_weather_station">
		<SimpleData name="OBJECTID">520</SimpleData>
		<SimpleData name="KGISCode">29575055616174690000RDDMCPUSCRTWS0001</SimpleData>
		<SimpleData name="KGISTM_Weather_StationID">459</SimpleData>
		<SimpleData name="DepartmentCode">459</SimpleData>
		<SimpleData name="TM_Weather_StationName">Mudbidir</SimpleData>
		<SimpleData name="KGISVillageID">25199</SimpleData>
	</SchemaData></ExtendedData>
      <Point><coordinates>74.9981750002751,13.068924000089</coordinates></Point>
  </Placemark>
  <Placemark>
	<ExtendedData><SchemaData schemaUrl="#telemetric_weather_station">
		<SimpleData name="OBJECTID">713</SimpleData>
		<SimpleData name="KGISCode">29571055398031590000RDDMCPUSCRTWS0001</SimpleData>
		<SimpleData name="KGISTM_Weather_StationID">46</SimpleData>
		<SimpleData name="DepartmentCode">46</SimpleData>
		<SimpleData name="TM_Weather_StationName">Tiptur</SimpleData>
		<SimpleData name="KGISVillageID">32069</SimpleData>
	</SchemaData></ExtendedData>
      <Point><coordinates>76.4752110002047,13.2570429996706</coordinates></Point>
  </Placemark>
  <Placemark>
	<ExtendedData><SchemaData schemaUrl="#telemetric_weather_station">
		<SimpleData name="OBJECTID">407</SimpleData>
		<SimpleData name="KGISCode">29582056006245760000RDDMCPUSCRTWS0001</SimpleData>
		<SimpleData name="KGISTM_Weather_StationID">460</SimpleData>
		<SimpleData name="DepartmentCode">460</SimpleData>
		<SimpleData name="TM_Weather_StationName">Ambajidurga</SimpleData>
		<SimpleData name="KGISVillageID">16948</SimpleData>
	</SchemaData></ExtendedData>
      <Point><coordinates>78.0120220003808,13.38488000042</coordinates></Point>
  </Placemark>
  <Placemark>
	<ExtendedData><SchemaData schemaUrl="#telemetric_weather_station">
		<SimpleData name="OBJECTID">495</SimpleData>
		<SimpleData name="KGISCode">29574055546153470000RDDMCPUSCRTWS0001</SimpleData>
		<SimpleData name="KGISTM_Weather_StationID">461</SimpleData>
		<SimpleData name="DepartmentCode">461</SimpleData>
		<SimpleData name="TM_Weather_StationName">Madihalli</SimpleData>
		<SimpleData name="KGISVillageID">23313</SimpleData>
	</SchemaData></ExtendedData>
      <Point><coordinates>75.9903610840243,13.1164481974784</coordinates></Point>
  </Placemark>
  <Placemark>
	<ExtendedData><SchemaData schemaUrl="#telemetric_weather_station">
		<SimpleData name="OBJECTID">505</SimpleData>
		<SimpleData name="KGISCode">29574055576162430000RDDMCPUSCRTWS0001</SimpleData>
		<SimpleData name="KGISTM_Weather_StationID">462</SimpleData>
		<SimpleData name="DepartmentCode">462</SimpleData>
		<SimpleData name="TM_Weather_StationName">Kenchammana Hoskote</SimpleData>
		<SimpleData name="KGISVillageID">24074</SimpleData>
	</SchemaData></ExtendedData>
      <Point><coordinates>75.8562050004583,12.8592969996162</coordinates></Point>
  </Placemark>
  <Placemark>
	<ExtendedData><SchemaData schemaUrl="#telemetric_weather_station">
		<SimpleData name="OBJECTID">628</SimpleData>
		<SimpleData name="KGISCode">29574055606171660000RDDMCPUSCRTWS0001</SimpleData>
		<SimpleData name="KGISTM_Weather_StationID">463</SimpleData>
		<SimpleData name="DepartmentCode">463</SimpleData>
		<SimpleData name="TM_Weather_StationName">Baguru</SimpleData>
		<SimpleData name="KGISVillageID">29923</SimpleData>
	</SchemaData></ExtendedData>
      <Point><coordinates>76.38617300004,13.0114330000428</coordinates></Point>
  </Placemark>
  <Placemark>
	<ExtendedData><SchemaData schemaUrl="#telemetric_weather_station">
		<SimpleData name="OBJECTID">508</SimpleData>
		<SimpleData name="KGISCode">29574055576163540000RDDMCPUSCRTWS0001</SimpleData>
		<SimpleData name="KGISTM_Weather_StationID">464</SimpleData>
		<SimpleData name="DepartmentCode">464</SimpleData>
		<SimpleData name="TM_Weather_StationName">Palya</SimpleData>
		<SimpleData name="KGISVillageID">24260</SimpleData>
	</SchemaData></ExtendedData>
      <Point><coordinates>75.9464060001658,12.9414700002127</coordinates></Point>
  </Placemark>
  <Placemark>
	<ExtendedData><SchemaData schemaUrl="#telemetric_weather_station">
		<SimpleData name="OBJECTID">493</SimpleData>
		<SimpleData name="KGISCode">29574055546152730000RDDMCPUSCRTWS0001</SimpleData>
		<SimpleData name="KGISTM_Weather_StationID">465</SimpleData>
		<SimpleData name="DepartmentCode">465</SimpleData>
		<SimpleData name="TM_Weather_StationName">Halebeedu</SimpleData>
		<SimpleData name="KGISVillageID">23173</SimpleData>
	</SchemaData></ExtendedData>
      <Point><coordinates>75.9926999996142,13.21526299986</coordinates></Point>
  </Placemark>
  <Placemark>
	<ExtendedData><SchemaData schemaUrl="#telemetric_weather_station">
		<SimpleData name="OBJECTID">492</SimpleData>
		<SimpleData name="KGISCode">29574055546154010000RDDMCPUSCRTWS0001</SimpleData>
		<SimpleData name="KGISTM_Weather_StationID">466</SimpleData>
		<SimpleData name="DepartmentCode">466</SimpleData>
		<SimpleData name="TM_Weather_StationName">Bikkodu</SimpleData>
		<SimpleData name="KGISVillageID">23116</SimpleData>
	</SchemaData></ExtendedData>
      <Point><coordinates>75.8663149998362,13.0753889999757</coordinates></Point>
  </Placemark>
  <Placemark>
	<ExtendedData><SchemaData schemaUrl="#telemetric_weather_station">
		<SimpleData name="OBJECTID">674</SimpleData>
		<SimpleData name="KGISCode">29574055536149500000RDDMCPUSCRTWS0001</SimpleData>
		<SimpleData name="KGISTM_Weather_StationID">467</SimpleData>
		<SimpleData name="DepartmentCode">467</SimpleData>
		<SimpleData name="TM_Weather_StationName">Belgodu</SimpleData>
		<SimpleData name="KGISVillageID">31343</SimpleData>
	</SchemaData></ExtendedData>
      <Point><coordinates>75.8778630003435,12.9781969999011</coordinates></Point>
  </Placemark>
  <Placemark>
	<ExtendedData><SchemaData schemaUrl="#telemetric_weather_station">
		<SimpleData name="OBJECTID">714</SimpleData>
		<SimpleData name="KGISCode">29582055996241170000RDDMCPUSCRTWS0001</SimpleData>
		<SimpleData name="KGISTM_Weather_StationID">468</SimpleData>
		<SimpleData name="DepartmentCode">468</SimpleData>
		<SimpleData name="TM_Weather_StationName">Bashettyhalli</SimpleData>
		<SimpleData name="KGISVillageID">32095</SimpleData>
	</SchemaData></ExtendedData>
      <Point><coordinates>77.8608899999242,13.5286359997476</coordinates></Point>
  </Placemark>
  <Placemark>
	<ExtendedData><SchemaData schemaUrl="#telemetric_weather_station">
		<SimpleData name="OBJECTID">417</SimpleData>
		<SimpleData name="KGISCode">29581055916220670000RDDMCPUSCRTWS0001</SimpleData>
		<SimpleData name="KGISTM_Weather_StationID">469</SimpleData>
		<SimpleData name="DepartmentCode">469</SimpleData>
		<SimpleData name="TM_Weather_StationName">Huthur</SimpleData>
		<SimpleData name="KGISVillageID">17624</SimpleData>
	</SchemaData></ExtendedData>
      <Point><coordinates>78.2551809997081,13.1311220001698</coordinates></Point>
  </Placemark>
  <Placemark>
	<ExtendedData><SchemaData schemaUrl="#telemetric_weather_station">
		<SimpleData name="OBJECTID">307</SimpleData>
		<SimpleData name="KGISCode">29568055186078760000RDDMCPUSCRTWS0001</SimpleData>
		<SimpleData name="KGISTM_Weather_StationID">47</SimpleData>
		<SimpleData name="DepartmentCode">47</SimpleData>
		<SimpleData name="TM_Weather_StationName">Hosanagara</SimpleData>
		<SimpleData name="KGISVillageID">11260</SimpleData>
	</SchemaData></ExtendedData>
      <Point><coordinates>75.0692220003492,13.915237000108</coordinates></Point>
  </Placemark>
  <Placemark>
	<ExtendedData><SchemaData schemaUrl="#telemetric_weather_station">
		<SimpleData name="OBJECTID">429</SimpleData>
		<SimpleData name="KGISCode">29581055938032230000RDDMCPUSCRTWS0001</SimpleData>
		<SimpleData name="KGISTM_Weather_StationID">470</SimpleData>
		<SimpleData name="DepartmentCode">470</SimpleData>
		<SimpleData name="TM_Weather_StationName">Bangarapet</SimpleData>
		<SimpleData name="KGISVillageID">18450</SimpleData>
	</SchemaData></ExtendedData>
      <Point><coordinates>78.1809470002894,12.9854320002727</coordinates></Point>
  </Placemark>
  <Placemark>
	<ExtendedData><SchemaData schemaUrl="#telemetric_weather_station">
		<SimpleData name="OBJECTID">427</SimpleData>
		<SimpleData name="KGISCode">29581055936225490000RDDMCPUSCRTWS0001</SimpleData>
		<SimpleData name="KGISTM_Weather_StationID">471</SimpleData>
		<SimpleData name="DepartmentCode">471</SimpleData>
		<SimpleData name="TM_Weather_StationName">Budikote</SimpleData>
		<SimpleData name="KGISVillageID">18308</SimpleData>
	</SchemaData></ExtendedData>
      <Point><coordinates>78.1281850001876,12.9070320003502</coordinates></Point>
  </Placemark>
  <Placemark>
	<ExtendedData><SchemaData schemaUrl="#telemetric_weather_station">
		<SimpleData name="OBJECTID">428</SimpleData>
		<SimpleData name="KGISCode">29581055936226110000RDDMCPUSCRTWS0001</SimpleData>
		<SimpleData name="KGISTM_Weather_StationID">472</SimpleData>
		<SimpleData name="DepartmentCode">472</SimpleData>
		<SimpleData name="TM_Weather_StationName">Kamasamudra</SimpleData>
		<SimpleData name="KGISVillageID">18386</SimpleData>
	</SchemaData></ExtendedData>
      <Point><coordinates>78.2007030001894,12.8755050002514</coordinates></Point>
  </Placemark>
  <Placemark>
	<ExtendedData><SchemaData schemaUrl="#telemetric_weather_station">
		<SimpleData name="OBJECTID">426</SimpleData>
		<SimpleData name="KGISCode">29581055936227550000RDDMCPUSCRTWS0001</SimpleData>
		<SimpleData name="KGISTM_Weather_StationID">473</SimpleData>
		<SimpleData name="DepartmentCode">473</SimpleData>
		<SimpleData name="TM_Weather_StationName">Robertsonpete</SimpleData>
		<SimpleData name="KGISVillageID">18297</SimpleData>
	</SchemaData></ExtendedData>
      <Point><coordinates>78.2895159997129,12.9579800000772</coordinates></Point>
  </Placemark>
  <Placemark>
	<ExtendedData><SchemaData schemaUrl="#telemetric_weather_station">
		<SimpleData name="OBJECTID">717</SimpleData>
		<SimpleData name="KGISCode">29581055926223400000RDDMCPUSCRTWS0001</SimpleData>
		<SimpleData name="KGISTM_Weather_StationID">474</SimpleData>
		<SimpleData name="DepartmentCode">474</SimpleData>
		<SimpleData name="TM_Weather_StationName">Masthi</SimpleData>
		<SimpleData name="KGISVillageID">32125</SimpleData>
	</SchemaData></ExtendedData>
      <Point><coordinates>77.9992669998319,12.8685319996515</coordinates></Point>
  </Placemark>
  <Placemark>
	<ExtendedData><SchemaData schemaUrl="#telemetric_weather_station">
		<SimpleData name="OBJECTID">188</SimpleData>
		<SimpleData name="KGISCode">29563054806027760000RDDMCPUSCRTWS0001</SimpleData>
		<SimpleData name="KGISTM_Weather_StationID">475</SimpleData>
		<SimpleData name="DepartmentCode">475</SimpleData>
		<SimpleData name="TM_Weather_StationName">Dandeli</SimpleData>
		<SimpleData name="KGISVillageID">6432</SimpleData>
	</SchemaData></ExtendedData>
      <Point><coordinates>74.6232719995415,15.2514950000193</coordinates></Point>
  </Placemark>
  <Placemark>
	<ExtendedData><SchemaData schemaUrl="#telemetric_weather_station">
		<SimpleData name="OBJECTID">175</SimpleData>
		<SimpleData name="KGISCode">29562054736022820000RDDMCPUSCRTWS0001</SimpleData>
		<SimpleData name="KGISTM_Weather_StationID">476</SimpleData>
		<SimpleData name="DepartmentCode">476</SimpleData>
		<SimpleData name="TM_Weather_StationName">Dharwad (Nigadi)</SimpleData>
		<SimpleData name="KGISVillageID">5954</SimpleData>
	</SchemaData></ExtendedData>
      <Point><coordinates>74.945152000359,15.3920579995749</coordinates></Point>
  </Placemark>
  <Placemark>
	<ExtendedData><SchemaData schemaUrl="#telemetric_weather_station">
		<SimpleData name="OBJECTID">174</SimpleData>
		<SimpleData name="KGISCode">29562054736022960000RDDMCPUSCRTWS0001</SimpleData>
		<SimpleData name="KGISTM_Weather_StationID">477</SimpleData>
		<SimpleData name="DepartmentCode">477</SimpleData>
		<SimpleData name="TM_Weather_StationName">Garag (Uppina Betgeri)</SimpleData>
		<SimpleData name="KGISVillageID">5916</SimpleData>
	</SchemaData></ExtendedData>
      <Point><coordinates>75.0083459999928,15.610495000337</coordinates></Point>
  </Placemark>
  <Placemark>
	<ExtendedData><SchemaData schemaUrl="#telemetric_weather_station">
		<SimpleData name="OBJECTID">224</SimpleData>
		<SimpleData name="KGISCode">29564054948031060000RDDMCPUSCRTWS0001</SimpleData>
		<SimpleData name="KGISTM_Weather_StationID">478</SimpleData>
		<SimpleData name="DepartmentCode">478</SimpleData>
		<SimpleData name="TM_Weather_StationName">Hirekerur</SimpleData>
		<SimpleData name="KGISVillageID">7940</SimpleData>
	</SchemaData></ExtendedData>
      <Point><coordinates>75.3954939997922,14.4545299996766</coordinates></Point>
  </Placemark>
  <Placemark>
	<ExtendedData><SchemaData schemaUrl="#telemetric_weather_station">
		<SimpleData name="OBJECTID">531</SimpleData>
		<SimpleData name="KGISCode">29575055658031860000RDDMCPUSCRTWS0001</SimpleData>
		<SimpleData name="KGISTM_Weather_StationID">479</SimpleData>
		<SimpleData name="DepartmentCode">479</SimpleData>
		<SimpleData name="TM_Weather_StationName">Sulya</SimpleData>
		<SimpleData name="KGISVillageID">25509</SimpleData>
	</SchemaData></ExtendedData>
      <Point><coordinates>75.3977664032666,12.5505645237179</coordinates></Point>
  </Placemark>
  <Placemark>
	<ExtendedData><SchemaData schemaUrl="#telemetric_weather_station">
		<SimpleData name="OBJECTID">201</SimpleData>
		<SimpleData name="KGISCode">29563054846033320000RDDMCPUSCRTWS0001</SimpleData>
		<SimpleData name="KGISTM_Weather_StationID">48</SimpleData>
		<SimpleData name="DepartmentCode">48</SimpleData>
		<SimpleData name="TM_Weather_StationName">Ankola</SimpleData>
		<SimpleData name="KGISVillageID">7019</SimpleData>
	</SchemaData></ExtendedData>
      <Point><coordinates>74.3070745960937,14.6674320045776</coordinates></Point>
  </Placemark>
  <Placemark>
	<ExtendedData><SchemaData schemaUrl="#telemetric_weather_station">
		<SimpleData name="OBJECTID">222</SimpleData>
		<SimpleData name="KGISCode">29564054936043310000RDDMCPUSCRTWS0001</SimpleData>
		<SimpleData name="KGISTM_Weather_StationID">480</SimpleData>
		<SimpleData name="DepartmentCode">480</SimpleData>
		<SimpleData name="TM_Weather_StationName">Byadgi</SimpleData>
		<SimpleData name="KGISVillageID">7867</SimpleData>
	</SchemaData></ExtendedData>
      <Point><coordinates>75.488265928364,14.6719888942993</coordinates></Point>
  </Placemark>
  <Placemark>
	<ExtendedData><SchemaData schemaUrl="#telemetric_weather_station">
		<SimpleData name="OBJECTID">170</SimpleData>
		<SimpleData name="KGISCode">29561054716020950000RDDMCPUSCRTWS0001</SimpleData>
		<SimpleData name="KGISTM_Weather_StationID">481</SimpleData>
		<SimpleData name="DepartmentCode">481</SimpleData>
		<SimpleData name="TM_Weather_StationName">Shirahatti</SimpleData>
		<SimpleData name="KGISVillageID">5765</SimpleData>
	</SchemaData></ExtendedData>
      <Point><coordinates>75.5822730001173,15.2313379999425</coordinates></Point>
  </Placemark>
  <Placemark>
	<ExtendedData><SchemaData schemaUrl="#telemetric_weather_station">
		<SimpleData name="OBJECTID">213</SimpleData>
		<SimpleData name="KGISCode">29564054896039310000RDDMCPUSCRTWS0001</SimpleData>
		<SimpleData name="KGISTM_Weather_StationID">482</SimpleData>
		<SimpleData name="DepartmentCode">482</SimpleData>
		<SimpleData name="TM_Weather_StationName">Shiggaon</SimpleData>
		<SimpleData name="KGISVillageID">7528</SimpleData>
	</SchemaData></ExtendedData>
      <Point><coordinates>75.2232079998715,14.9908119997552</coordinates></Point>
  </Placemark>
  <Placemark>
	<ExtendedData><SchemaData schemaUrl="#telemetric_weather_station">
		<SimpleData name="OBJECTID">450</SimpleData>
		<SimpleData name="KGISCode">29583056026251130000RDDMCPUSCRTWS0001</SimpleData>
		<SimpleData name="KGISTM_Weather_StationID">483</SimpleData>
		<SimpleData name="DepartmentCode">483</SimpleData>
		<SimpleData name="TM_Weather_StationName">Doddabelavangala</SimpleData>
		<SimpleData name="KGISVillageID">20082</SimpleData>
	</SchemaData></ExtendedData>
      <Point><coordinates>77.5321417983951,13.3012614150434</coordinates></Point>
  </Placemark>
  <Placemark>
	<ExtendedData><SchemaData schemaUrl="#telemetric_weather_station">
		<SimpleData name="OBJECTID">451</SimpleData>
		<SimpleData name="KGISCode">29583056026252360000RDDMCPUSCRTWS0001</SimpleData>
		<SimpleData name="KGISTM_Weather_StationID">484</SimpleData>
		<SimpleData name="DepartmentCode">484</SimpleData>
		<SimpleData name="TM_Weather_StationName">Kanasawadi</SimpleData>
		<SimpleData name="KGISVillageID">20145</SimpleData>
	</SchemaData></ExtendedData>
      <Point><coordinates>77.4377965256937,13.2022860287681</coordinates></Point>
  </Placemark>
  <Placemark>
	<ExtendedData><SchemaData schemaUrl="#telemetric_weather_station">
		<SimpleData name="OBJECTID">561</SimpleData>
		<SimpleData name="KGISCode">29578055776197610000RDDMCPUSCRTWS0001</SimpleData>
		<SimpleData name="KGISTM_Weather_StationID">485</SimpleData>
		<SimpleData name="DepartmentCode">485</SimpleData>
		<SimpleData name="TM_Weather_StationName">Chandakavadi</SimpleData>
		<SimpleData name="KGISVillageID">26996</SimpleData>
	</SchemaData></ExtendedData>
      <Point><coordinates>77.0060939999324,11.9288759998655</coordinates></Point>
  </Placemark>
  <Placemark>
	<ExtendedData><SchemaData schemaUrl="#telemetric_weather_station">
		<SimpleData name="OBJECTID">563</SimpleData>
		<SimpleData name="KGISCode">29578055776196870000RDDMCPUSCRTWS0001</SimpleData>
		<SimpleData name="KGISTM_Weather_StationID">486</SimpleData>
		<SimpleData name="DepartmentCode">486</SimpleData>
		<SimpleData name="TM_Weather_StationName">Harave</SimpleData>
		<SimpleData name="KGISVillageID">27066</SimpleData>
	</SchemaData></ExtendedData>
      <Point><coordinates>76.8072449999212,11.937484999891</coordinates></Point>
  </Placemark>
  <Placemark>
	<ExtendedData><SchemaData schemaUrl="#telemetric_weather_station">
		<SimpleData name="OBJECTID">562</SimpleData>
		<SimpleData name="KGISCode">29578055776197160000RDDMCPUSCRTWS0001</SimpleData>
		<SimpleData name="KGISTM_Weather_StationID">487</SimpleData>
		<SimpleData name="DepartmentCode">487</SimpleData>
		<SimpleData name="TM_Weather_StationName">Hardanahalli</SimpleData>
		<SimpleData name="KGISVillageID">27025</SimpleData>
	</SchemaData></ExtendedData>
      <Point><coordinates>76.9543270002811,11.8728780002828</coordinates></Point>
  </Placemark>
  <Placemark>
	<ExtendedData><SchemaData schemaUrl="#telemetric_weather_station">
		<SimpleData name="OBJECTID">564</SimpleData>
		<SimpleData name="KGISCode">29578055776196180000RDDMCPUSCRTWS0001</SimpleData>
		<SimpleData name="KGISTM_Weather_StationID">488</SimpleData>
		<SimpleData name="DepartmentCode">488</SimpleData>
		<SimpleData name="TM_Weather_StationName">Santhemarahalli</SimpleData>
		<SimpleData name="KGISVillageID">27149</SimpleData>
	</SchemaData></ExtendedData>
      <Point><coordinates>76.9870029995554,12.0471159997128</coordinates></Point>
  </Placemark>
  <Placemark>
	<ExtendedData><SchemaData schemaUrl="#telemetric_weather_station">
		<SimpleData name="OBJECTID">557</SimpleData>
		<SimpleData name="KGISCode">29578055766194540000RDDMCPUSCRTWS0001</SimpleData>
		<SimpleData name="KGISTM_Weather_StationID">489</SimpleData>
		<SimpleData name="DepartmentCode">489</SimpleData>
		<SimpleData name="TM_Weather_StationName">Begur</SimpleData>
		<SimpleData name="KGISVillageID">26841</SimpleData>
	</SchemaData></ExtendedData>
      <Point><coordinates>76.6717719997295,11.9341720000413</coordinates></Point>
  </Placemark>
  <Placemark>
	<ExtendedData><SchemaData schemaUrl="#telemetric_weather_station">
		<SimpleData name="OBJECTID">18</SimpleData>
		<SimpleData name="KGISCode">29555054388030330000RDDMCPUSCRTWS0001</SimpleData>
		<SimpleData name="KGISTM_Weather_StationID">49</SimpleData>
		<SimpleData name="DepartmentCode">49</SimpleData>
		<SimpleData name="TM_Weather_StationName">Belgaum</SimpleData>
		<SimpleData name="KGISVillageID">506</SimpleData>
	</SchemaData></ExtendedData>
      <Point><coordinates>74.5119750002303,15.849371999964</coordinates></Point>
  </Placemark>
  <Placemark>
	<ExtendedData><SchemaData schemaUrl="#telemetric_weather_station">
		<SimpleData name="OBJECTID">560</SimpleData>
		<SimpleData name="KGISCode">29578055766195320000RDDMCPUSCRTWS0001</SimpleData>
		<SimpleData name="KGISTM_Weather_StationID">490</SimpleData>
		<SimpleData name="DepartmentCode">490</SimpleData>
		<SimpleData name="TM_Weather_StationName">Terakanambi</SimpleData>
		<SimpleData name="KGISVillageID">26986</SimpleData>
	</SchemaData></ExtendedData>
      <Point><coordinates>76.7892169998786,11.8125709998323</coordinates></Point>
  </Placemark>
  <Placemark>
	<ExtendedData><SchemaData schemaUrl="#telemetric_weather_station">
		<SimpleData name="OBJECTID">566</SimpleData>
		<SimpleData name="KGISCode">29578055798032040000RDDMCPUSCRTWS0001</SimpleData>
		<SimpleData name="KGISTM_Weather_StationID">491</SimpleData>
		<SimpleData name="DepartmentCode">491</SimpleData>
		<SimpleData name="TM_Weather_StationName">Hanur</SimpleData>
		<SimpleData name="KGISVillageID">27178</SimpleData>
	</SchemaData></ExtendedData>
      <Point><coordinates>77.301314999793,12.0842470003961</coordinates></Point>
  </Placemark>
  <Placemark>
	<ExtendedData><SchemaData schemaUrl="#telemetric_weather_station">
		<SimpleData name="OBJECTID">567</SimpleData>
		<SimpleData name="KGISCode">29578055798032030000RDDMCPUSCRTWS0001</SimpleData>
		<SimpleData name="KGISTM_Weather_StationID">492</SimpleData>
		<SimpleData name="DepartmentCode">492</SimpleData>
		<SimpleData name="TM_Weather_StationName">Kollegal</SimpleData>
		<SimpleData name="KGISVillageID">27193</SimpleData>
	</SchemaData></ExtendedData>
      <Point><coordinates>77.1054705956542,12.1605181167108</coordinates></Point>
  </Placemark>
  <Placemark>
	<ExtendedData><SchemaData schemaUrl="#telemetric_weather_station">
		<SimpleData name="OBJECTID">568</SimpleData>
		<SimpleData name="KGISCode">29578055796198740000RDDMCPUSCRTWS0001</SimpleData>
		<SimpleData name="KGISTM_Weather_StationID">493</SimpleData>
		<SimpleData name="DepartmentCode">493</SimpleData>
		<SimpleData name="TM_Weather_StationName">Lokkanahalli</SimpleData>
		<SimpleData name="KGISVillageID">27212</SimpleData>
	</SchemaData></ExtendedData>
      <Point><coordinates>77.2495199998995,12.0215010002761</coordinates></Point>
  </Placemark>
  <Placemark>
	<ExtendedData><SchemaData schemaUrl="#telemetric_weather_station">
		<SimpleData name="OBJECTID">569</SimpleData>
		<SimpleData name="KGISCode">29578055796198210000RDDMCPUSCRTWS0001</SimpleData>
		<SimpleData name="KGISTM_Weather_StationID">494</SimpleData>
		<SimpleData name="DepartmentCode">494</SimpleData>
		<SimpleData name="TM_Weather_StationName">Palya</SimpleData>
		<SimpleData name="KGISVillageID">27227</SimpleData>
	</SchemaData></ExtendedData>
      <Point><coordinates>77.1655990001612,12.181783000033</coordinates></Point>
  </Placemark>
  <Placemark>
	<ExtendedData><SchemaData schemaUrl="#telemetric_weather_station">
		<SimpleData name="OBJECTID">570</SimpleData>
		<SimpleData name="KGISCode">29578055796198970000RDDMCPUSCRTWS0001</SimpleData>
		<SimpleData name="KGISTM_Weather_StationID">495</SimpleData>
		<SimpleData name="DepartmentCode">495</SimpleData>
		<SimpleData name="TM_Weather_StationName">Ramapura</SimpleData>
		<SimpleData name="KGISVillageID">27242</SimpleData>
	</SchemaData></ExtendedData>
      <Point><coordinates>77.3955419998368,11.9997140002174</coordinates></Point>
  </Placemark>
  <Placemark>
	<ExtendedData><SchemaData schemaUrl="#telemetric_weather_station">
		<SimpleData name="OBJECTID">565</SimpleData>
		<SimpleData name="KGISCode">29578055786197890000RDDMCPUSCRTWS0001</SimpleData>
		<SimpleData name="KGISTM_Weather_StationID">496</SimpleData>
		<SimpleData name="DepartmentCode">496</SimpleData>
		<SimpleData name="TM_Weather_StationName">Agara</SimpleData>
		<SimpleData name="KGISVillageID">27156</SimpleData>
	</SchemaData></ExtendedData>
      <Point><coordinates>77.07498800008,12.1133180002788</coordinates></Point>
  </Placemark>
  <Placemark>
	<ExtendedData><SchemaData schemaUrl="#telemetric_weather_station">
		<SimpleData name="OBJECTID">221</SimpleData>
		<SimpleData name="KGISCode">29564054936042810000RDDMCPUSCRTWS0001</SimpleData>
		<SimpleData name="KGISTM_Weather_StationID">497</SimpleData>
		<SimpleData name="DepartmentCode">497</SimpleData>
		<SimpleData name="TM_Weather_StationName">Kaginalle</SimpleData>
		<SimpleData name="KGISVillageID">7845</SimpleData>
	</SchemaData></ExtendedData>
      <Point><coordinates>75.3596629998661,14.6875149998478</coordinates></Point>
  </Placemark>
  <Placemark>
	<ExtendedData><SchemaData schemaUrl="#telemetric_weather_station">
		<SimpleData name="OBJECTID">216</SimpleData>
		<SimpleData name="KGISCode">29564054916041520000RDDMCPUSCRTWS0001</SimpleData>
		<SimpleData name="KGISTM_Weather_StationID">498</SimpleData>
		<SimpleData name="DepartmentCode">498</SimpleData>
		<SimpleData name="TM_Weather_StationName">Akkialur</SimpleData>
		<SimpleData name="KGISVillageID">7592</SimpleData>
	</SchemaData></ExtendedData>
      <Point><coordinates>75.1669594733202,14.7319199659029</coordinates></Point>
  </Placemark>
  <Placemark>
	<ExtendedData><SchemaData schemaUrl="#telemetric_weather_station">
		<SimpleData name="OBJECTID">581</SimpleData>
		<SimpleData name="KGISCode">29564054916040370000RDDMCPUSCRTWS0001</SimpleData>
		<SimpleData name="KGISTM_Weather_StationID">499</SimpleData>
		<SimpleData name="DepartmentCode">499</SimpleData>
		<SimpleData name="TM_Weather_StationName">Bommanaahalli</SimpleData>
		<SimpleData name="KGISVillageID">27797</SimpleData>
	</SchemaData></ExtendedData>
      <Point><coordinates>75.1358609996016,14.882484000086</coordinates></Point>
  </Placemark>
  <Placemark>
	<ExtendedData><SchemaData schemaUrl="#telemetric_weather_station">
		<SimpleData name="OBJECTID">436</SimpleData>
		<SimpleData name="KGISCode">29572055426129050000RDDMCPUSCRTWS0001</SimpleData>
		<SimpleData name="KGISTM_Weather_StationID">5</SimpleData>
		<SimpleData name="DepartmentCode">5</SimpleData>
		<SimpleData name="TM_Weather_StationName">Jala (ITC)</SimpleData>
		<SimpleData name="KGISVillageID">19066</SimpleData>
	</SchemaData></ExtendedData>
      <Point><coordinates>77.6781460289852,13.1697681373121</coordinates></Point>
  </Placemark>
  <Placemark>
	<ExtendedData><SchemaData schemaUrl="#telemetric_weather_station">
		<SimpleData name="OBJECTID">203</SimpleData>
		<SimpleData name="KGISCode">29563054858030960000RDDMCPUSCRTWS0001</SimpleData>
		<SimpleData name="KGISTM_Weather_StationID">50</SimpleData>
		<SimpleData name="DepartmentCode">50</SimpleData>
		<SimpleData name="TM_Weather_StationName">Kumta</SimpleData>
		<SimpleData name="KGISVillageID">7045</SimpleData>
	</SchemaData></ExtendedData>
      <Point><coordinates>74.4169835309965,14.4217727739494</coordinates></Point>
  </Placemark>
  <Placemark>
	<ExtendedData><SchemaData schemaUrl="#telemetric_weather_station">
		<SimpleData name="OBJECTID">218</SimpleData>
		<SimpleData name="KGISCode">29564054926042690000RDDMCPUSCRTWS0001</SimpleData>
		<SimpleData name="KGISTM_Weather_StationID">500</SimpleData>
		<SimpleData name="DepartmentCode">500</SimpleData>
		<SimpleData name="TM_Weather_StationName">Guttal</SimpleData>
		<SimpleData name="KGISVillageID">7742</SimpleData>
	</SchemaData></ExtendedData>
      <Point><coordinates>75.6337319999139,14.8372550002531</coordinates></Point>
  </Placemark>
  <Placemark>
	<ExtendedData><SchemaData schemaUrl="#telemetric_weather_station">
		<SimpleData name="OBJECTID">220</SimpleData>
		<SimpleData name="KGISCode">29564054928031040000RDDMCPUSCRTWS0001</SimpleData>
		<SimpleData name="KGISTM_Weather_StationID">501</SimpleData>
		<SimpleData name="DepartmentCode">501</SimpleData>
		<SimpleData name="TM_Weather_StationName">Haveri</SimpleData>
		<SimpleData name="KGISVillageID">7803</SimpleData>
	</SchemaData></ExtendedData>
      <Point><coordinates>75.4050599488732,14.788012312523</coordinates></Point>
  </Placemark>
  <Placemark>
	<ExtendedData><SchemaData schemaUrl="#telemetric_weather_station">
		<SimpleData name="OBJECTID">223</SimpleData>
		<SimpleData name="KGISCode">29564054946043550000RDDMCPUSCRTWS0001</SimpleData>
		<SimpleData name="KGISTM_Weather_StationID">502</SimpleData>
		<SimpleData name="DepartmentCode">502</SimpleData>
		<SimpleData name="TM_Weather_StationName">Hanmsbavi</SimpleData>
		<SimpleData name="KGISVillageID">7903</SimpleData>
	</SchemaData></ExtendedData>
      <Point><coordinates>75.3583079998593,14.563622000194</coordinates></Point>
  </Placemark>
  <Placemark>
	<ExtendedData><SchemaData schemaUrl="#telemetric_weather_station">
		<SimpleData name="OBJECTID">225</SimpleData>
		<SimpleData name="KGISCode">29564054946044380000RDDMCPUSCRTWS0001</SimpleData>
		<SimpleData name="KGISTM_Weather_StationID">503</SimpleData>
		<SimpleData name="DepartmentCode">503</SimpleData>
		<SimpleData name="TM_Weather_StationName">Rattiahli</SimpleData>
		<SimpleData name="KGISVillageID">8003</SimpleData>
	</SchemaData></ExtendedData>
      <Point><coordinates>75.5126189999859,14.4206600002379</coordinates></Point>
  </Placemark>
  <Placemark>
	<ExtendedData><SchemaData schemaUrl="#telemetric_weather_station">
		<SimpleData name="OBJECTID">214</SimpleData>
		<SimpleData name="KGISCode">29564054906040210000RDDMCPUSCRTWS0001</SimpleData>
		<SimpleData name="KGISTM_Weather_StationID">504</SimpleData>
		<SimpleData name="DepartmentCode">504</SimpleData>
		<SimpleData name="TM_Weather_StationName">Hattimathhur</SimpleData>
		<SimpleData name="KGISVillageID">7537</SimpleData>
	</SchemaData></ExtendedData>
      <Point><coordinates>75.425653000327,14.9435040000566</coordinates></Point>
  </Placemark>
  <Placemark>
	<ExtendedData><SchemaData schemaUrl="#telemetric_weather_station">
		<SimpleData name="OBJECTID">740</SimpleData>
		<SimpleData name="KGISCode">29564054898031010000RDDMCPUSCRTWS0001</SimpleData>
		<SimpleData name="KGISTM_Weather_StationID">505</SimpleData>
		<SimpleData name="DepartmentCode">505</SimpleData>
		<SimpleData name="TM_Weather_StationName">Bankapura</SimpleData>
		<SimpleData name="KGISVillageID">32625</SimpleData>
	</SchemaData></ExtendedData>
      <Point><coordinates>75.2635129998431,14.9216289995696</coordinates></Point>
  </Placemark>
  <Placemark>
	<ExtendedData><SchemaData schemaUrl="#telemetric_weather_station">
		<SimpleData name="OBJECTID">212</SimpleData>
		<SimpleData name="KGISCode">29564054896038900000RDDMCPUSCRTWS0001</SimpleData>
		<SimpleData name="KGISTM_Weather_StationID">506</SimpleData>
		<SimpleData name="DepartmentCode">506</SimpleData>
		<SimpleData name="TM_Weather_StationName">Hulugur</SimpleData>
		<SimpleData name="KGISVillageID">7486</SimpleData>
	</SchemaData></ExtendedData>
      <Point><coordinates>75.1443999996462,15.0272390002817</coordinates></Point>
  </Placemark>
  <Placemark>
	<ExtendedData><SchemaData schemaUrl="#telemetric_weather_station">
		<SimpleData name="OBJECTID">449</SimpleData>
		<SimpleData name="KGISCode">29583056026251800000RDDMCPUSCRTWS0001</SimpleData>
		<SimpleData name="KGISTM_Weather_StationID">507</SimpleData>
		<SimpleData name="DepartmentCode">507</SimpleData>
		<SimpleData name="TM_Weather_StationName">Doddaballapura</SimpleData>
		<SimpleData name="KGISVillageID">20034</SimpleData>
	</SchemaData></ExtendedData>
      <Point><coordinates>77.4222918699637,13.2876603116758</coordinates></Point>
  </Placemark>
  <Placemark>
	<ExtendedData><SchemaData schemaUrl="#telemetric_weather_station">
		<SimpleData name="OBJECTID">226</SimpleData>
		<SimpleData name="KGISCode">29564054956045700000RDDMCPUSCRTWS0001</SimpleData>
		<SimpleData name="KGISTM_Weather_StationID">508</SimpleData>
		<SimpleData name="DepartmentCode">508</SimpleData>
		<SimpleData name="TM_Weather_StationName">Kuppelur</SimpleData>
		<SimpleData name="KGISVillageID">8060</SimpleData>
	</SchemaData></ExtendedData>
      <Point><coordinates>75.6137569998668,14.4852699996973</coordinates></Point>
  </Placemark>
  <Placemark>
	<ExtendedData><SchemaData schemaUrl="#telemetric_weather_station">
		<SimpleData name="OBJECTID">227</SimpleData>
		<SimpleData name="KGISCode">29564054956044940000RDDMCPUSCRTWS0001</SimpleData>
		<SimpleData name="KGISTM_Weather_StationID">509</SimpleData>
		<SimpleData name="DepartmentCode">509</SimpleData>
		<SimpleData name="TM_Weather_StationName">Medleri</SimpleData>
		<SimpleData name="KGISVillageID">8101</SimpleData>
	</SchemaData></ExtendedData>
      <Point><coordinates>75.7349670002633,14.670534999749</coordinates></Point>
  </Placemark>
  <Placemark>
	<ExtendedData><SchemaData schemaUrl="#telemetric_weather_station">
		<SimpleData name="OBJECTID">640</SimpleData>
		<SimpleData name="KGISCode">29563054876037580000RDDMCPUSCRTWS0001</SimpleData>
		<SimpleData name="KGISTM_Weather_StationID">51</SimpleData>
		<SimpleData name="DepartmentCode">51</SimpleData>
		<SimpleData name="TM_Weather_StationName">Manki</SimpleData>
		<SimpleData name="KGISVillageID">30488</SimpleData>
	</SchemaData></ExtendedData>
      <Point><coordinates>74.4828849997527,14.1830900003546</coordinates></Point>
  </Placemark>
  <Placemark>
	<ExtendedData><SchemaData schemaUrl="#telemetric_weather_station">
		<SimpleData name="OBJECTID">522</SimpleData>
		<SimpleData name="KGISCode">29575055616175060000RDDMCPUSCRTWS0001</SimpleData>
		<SimpleData name="KGISTM_Weather_StationID">510</SimpleData>
		<SimpleData name="DepartmentCode">510</SimpleData>
		<SimpleData name="TM_Weather_StationName">Pilikula</SimpleData>
		<SimpleData name="KGISVillageID">25264</SimpleData>
	</SchemaData></ExtendedData>
      <Point><coordinates>74.9008638448203,12.926324460758</coordinates></Point>
  </Placemark>
  <Placemark>
	<ExtendedData><SchemaData schemaUrl="#telemetric_weather_station">
		<SimpleData name="OBJECTID">332</SimpleData>
		<SimpleData name="KGISCode">29569055246088790000RDDMCPUSCRTWS0001</SimpleData>
		<SimpleData name="KGISTM_Weather_StationID">511</SimpleData>
		<SimpleData name="DepartmentCode">511</SimpleData>
		<SimpleData name="TM_Weather_StationName">Ajeekaru</SimpleData>
		<SimpleData name="KGISVillageID">12238</SimpleData>
	</SchemaData></ExtendedData>
      <Point><coordinates>75.007148999886,13.3206629998018</coordinates></Point>
  </Placemark>
  <Placemark>
	<ExtendedData><SchemaData schemaUrl="#telemetric_weather_station">
		<SimpleData name="OBJECTID">328</SimpleData>
		<SimpleData name="KGISCode">29569055226087040000RDDMCPUSCRTWS0001</SimpleData>
		<SimpleData name="KGISTM_Weather_StationID">512</SimpleData>
		<SimpleData name="DepartmentCode">512</SimpleData>
		<SimpleData name="TM_Weather_StationName">Vandse</SimpleData>
		<SimpleData name="KGISVillageID">12109</SimpleData>
	</SchemaData></ExtendedData>
      <Point><coordinates>74.758736000387,13.7004859999297</coordinates></Point>
  </Placemark>
  <Placemark>
	<ExtendedData><SchemaData schemaUrl="#telemetric_weather_station">
		<SimpleData name="OBJECTID">330</SimpleData>
		<SimpleData name="KGISCode">29569055236088560000RDDMCPUSCRTWS0001</SimpleData>
		<SimpleData name="KGISTM_Weather_StationID">513</SimpleData>
		<SimpleData name="DepartmentCode">513</SimpleData>
		<SimpleData name="TM_Weather_StationName">Kapu</SimpleData>
		<SimpleData name="KGISVillageID">12171</SimpleData>
	</SchemaData></ExtendedData>
      <Point><coordinates>74.7546730000916,13.2304490000403</coordinates></Point>
  </Placemark>
  <Placemark>
	<ExtendedData><SchemaData schemaUrl="#telemetric_weather_station">
		<SimpleData name="OBJECTID">614</SimpleData>
		<SimpleData name="KGISCode">29583056016247380000RDDMCPUSCRTWS0001</SimpleData>
		<SimpleData name="KGISTM_Weather_StationID">514</SimpleData>
		<SimpleData name="DepartmentCode">514</SimpleData>
		<SimpleData name="TM_Weather_StationName">Sompura</SimpleData>
		<SimpleData name="KGISVillageID">29225</SimpleData>
	</SchemaData></ExtendedData>
      <Point><coordinates>77.2645755445055,13.2712799197997</coordinates></Point>
  </Placemark>
  <Placemark>
	<ExtendedData><SchemaData schemaUrl="#telemetric_weather_station">
		<SimpleData name="OBJECTID">615</SimpleData>
		<SimpleData name="KGISCode">29583056016248230000RDDMCPUSCRTWS0001</SimpleData>
		<SimpleData name="KGISTM_Weather_StationID">515</SimpleData>
		<SimpleData name="DepartmentCode">515</SimpleData>
		<SimpleData name="TM_Weather_StationName">Thyamagondlu</SimpleData>
		<SimpleData name="KGISVillageID">29239</SimpleData>
	</SchemaData></ExtendedData>
      <Point><coordinates>77.3018410004438,13.2156649995535</coordinates></Point>
  </Placemark>
  <Placemark>
	<ExtendedData><SchemaData schemaUrl="#telemetric_weather_station">
		<SimpleData name="OBJECTID">439</SimpleData>
		<SimpleData name="KGISCode">29572055428031620000RDDMCPUSCRTWS0003</SimpleData>
		<SimpleData name="KGISTM_Weather_StationID">516</SimpleData>
		<SimpleData name="DepartmentCode">516</SimpleData>
		<SimpleData name="TM_Weather_StationName">Ksndmc Geoedge</SimpleData>
		<SimpleData name="KGISVillageID">19141</SimpleData>
	</SchemaData></ExtendedData>
      <Point><coordinates>77.5593915695911,13.0935380054384</coordinates></Point>
  </Placemark>
  <Placemark>
	<ExtendedData><SchemaData schemaUrl="#telemetric_weather_station">
		<SimpleData name="OBJECTID">453</SimpleData>
		<SimpleData name="KGISCode">29583056036254170000RDDMCPUSCRTWS0001</SimpleData>
		<SimpleData name="KGISTM_Weather_StationID">517</SimpleData>
		<SimpleData name="DepartmentCode">517</SimpleData>
		<SimpleData name="TM_Weather_StationName">Channarayapatna</SimpleData>
		<SimpleData name="KGISVillageID">20304</SimpleData>
	</SchemaData></ExtendedData>
      <Point><coordinates>77.7968040003431,13.2441960001914</coordinates></Point>
  </Placemark>
  <Placemark>
	<ExtendedData><SchemaData schemaUrl="#telemetric_weather_station">
		<SimpleData name="OBJECTID">454</SimpleData>
		<SimpleData name="KGISCode">29583056036252760000RDDMCPUSCRTWS0001</SimpleData>
		<SimpleData name="KGISTM_Weather_StationID">518</SimpleData>
		<SimpleData name="DepartmentCode">518</SimpleData>
		<SimpleData name="TM_Weather_StationName">Kundana</SimpleData>
		<SimpleData name="KGISVillageID">20403</SimpleData>
	</SchemaData></ExtendedData>
      <Point><coordinates>77.6311769997508,13.2560349999349</coordinates></Point>
  </Placemark>
  <Placemark>
	<ExtendedData><SchemaData schemaUrl="#telemetric_weather_station">
		<SimpleData name="OBJECTID">729</SimpleData>
		<SimpleData name="KGISCode">29583056038032340000RDDMCPUSCRTWS0001</SimpleData>
		<SimpleData name="KGISTM_Weather_StationID">519</SimpleData>
		<SimpleData name="DepartmentCode">519</SimpleData>
		<SimpleData name="TM_Weather_StationName">Vijayapura</SimpleData>
		<SimpleData name="KGISVillageID">32404</SimpleData>
	</SchemaData></ExtendedData>
      <Point><coordinates>77.8013319448439,13.2951394323438</coordinates></Point>
  </Placemark>
  <Placemark>
	<ExtendedData><SchemaData schemaUrl="#telemetric_weather_station">
		<SimpleData name="OBJECTID">28</SimpleData>
		<SimpleData name="KGISCode">29555054425983770000RDDMCPUSCRTWS0001</SimpleData>
		<SimpleData name="KGISTM_Weather_StationID">52</SimpleData>
		<SimpleData name="DepartmentCode">52</SimpleData>
		<SimpleData name="TM_Weather_StationName">Sureban (Ramdurga)</SimpleData>
		<SimpleData name="KGISVillageID">1044</SimpleData>
	</SchemaData></ExtendedData>
      <Point><coordinates>75.2982230003701,15.946518000425</coordinates></Point>
  </Placemark>
  <Placemark>
	<ExtendedData><SchemaData schemaUrl="#telemetric_weather_station">
		<SimpleData name="OBJECTID">452</SimpleData>
		<SimpleData name="KGISCode">29583056026250470000RDDMCPUSCRTWS0001</SimpleData>
		<SimpleData name="KGISTM_Weather_StationID">520</SimpleData>
		<SimpleData name="DepartmentCode">520</SimpleData>
		<SimpleData name="TM_Weather_StationName">Tubagere</SimpleData>
		<SimpleData name="KGISVillageID">20238</SimpleData>
	</SchemaData></ExtendedData>
      <Point><coordinates>77.5722175732119,13.3734787564523</coordinates></Point>
  </Placemark>
  <Placemark>
	<ExtendedData><SchemaData schemaUrl="#telemetric_weather_station">
		<SimpleData name="OBJECTID">458</SimpleData>
		<SimpleData name="KGISCode">29583056046256460000RDDMCPUSCRTWS0001</SimpleData>
		<SimpleData name="KGISTM_Weather_StationID">521</SimpleData>
		<SimpleData name="DepartmentCode">521</SimpleData>
		<SimpleData name="TM_Weather_StationName">Jadigenahalli</SimpleData>
		<SimpleData name="KGISVillageID">20837</SimpleData>
	</SchemaData></ExtendedData>
      <Point><coordinates>77.854010000416,13.0501879996572</coordinates></Point>
  </Placemark>
  <Placemark>
	<ExtendedData><SchemaData schemaUrl="#telemetric_weather_station">
		<SimpleData name="OBJECTID">730</SimpleData>
		<SimpleData name="KGISCode">29583056046254910000RDDMCPUSCRTWS0001</SimpleData>
		<SimpleData name="KGISTM_Weather_StationID">522</SimpleData>
		<SimpleData name="DepartmentCode">522</SimpleData>
		<SimpleData name="TM_Weather_StationName">Sulibele</SimpleData>
		<SimpleData name="KGISVillageID">32412</SimpleData>
	</SchemaData></ExtendedData>
      <Point><coordinates>77.801608178689,13.1831778349119</coordinates></Point>
  </Placemark>
  <Placemark>
	<ExtendedData><SchemaData schemaUrl="#telemetric_weather_station">
		<SimpleData name="OBJECTID">329</SimpleData>
		<SimpleData name="KGISCode">29569055236087910000RDDMCPUSCRTWS0001</SimpleData>
		<SimpleData name="KGISTM_Weather_StationID">523</SimpleData>
		<SimpleData name="DepartmentCode">523</SimpleData>
		<SimpleData name="TM_Weather_StationName">Bramhavara</SimpleData>
		<SimpleData name="KGISVillageID">12133</SimpleData>
	</SchemaData></ExtendedData>
      <Point><coordinates>74.7460679996827,13.4386639998437</coordinates></Point>
  </Placemark>
  <Placemark>
	<ExtendedData><SchemaData schemaUrl="#telemetric_weather_station">
		<SimpleData name="OBJECTID">558</SimpleData>
		<SimpleData name="KGISCode">29578055766195740000RDDMCPUSCRTWS0001</SimpleData>
		<SimpleData name="KGISTM_Weather_StationID">524</SimpleData>
		<SimpleData name="DepartmentCode">524</SimpleData>
		<SimpleData name="TM_Weather_StationName">Hangala</SimpleData>
		<SimpleData name="KGISVillageID">26886</SimpleData>
	</SchemaData></ExtendedData>
      <Point><coordinates>76.6502619999612,11.746359000084</coordinates></Point>
  </Placemark>
  <Placemark>
	<ExtendedData><SchemaData schemaUrl="#telemetric_weather_station">
		<SimpleData name="OBJECTID">456</SimpleData>
		<SimpleData name="KGISCode">29583056046255500000RDDMCPUSCRTWS0001</SimpleData>
		<SimpleData name="KGISTM_Weather_StationID">525</SimpleData>
		<SimpleData name="DepartmentCode">525</SimpleData>
		<SimpleData name="TM_Weather_StationName">Nandagudi</SimpleData>
		<SimpleData name="KGISVillageID">20647</SimpleData>
	</SchemaData></ExtendedData>
      <Point><coordinates>77.9032230002948,13.2027550000818</coordinates></Point>
  </Placemark>
  <Placemark>
	<ExtendedData><SchemaData schemaUrl="#telemetric_weather_station">
		<SimpleData name="OBJECTID">455</SimpleData>
		<SimpleData name="KGISCode">29583056046257300000RDDMCPUSCRTWS0001</SimpleData>
		<SimpleData name="KGISTM_Weather_StationID">526</SimpleData>
		<SimpleData name="DepartmentCode">526</SimpleData>
		<SimpleData name="TM_Weather_StationName">Anugondahalli</SimpleData>
		<SimpleData name="KGISVillageID">20491</SimpleData>
	</SchemaData></ExtendedData>
      <Point><coordinates>77.8173479997736,12.954469000019</coordinates></Point>
  </Placemark>
  <Placemark>
	<ExtendedData><SchemaData schemaUrl="#telemetric_weather_station">
		<SimpleData name="OBJECTID">685</SimpleData>
		<SimpleData name="KGISCode">29563054786025930000RDDMCPUSCRTWS0001</SimpleData>
		<SimpleData name="KGISTM_Weather_StationID">527</SimpleData>
		<SimpleData name="DepartmentCode">527</SimpleData>
		<SimpleData name="TM_Weather_StationName">Ghadasaya</SimpleData>
		<SimpleData name="KGISVillageID">31613</SimpleData>
	</SchemaData></ExtendedData>
      <Point><coordinates>74.2247779996089,14.8852750002519</coordinates></Point>
  </Placemark>
  <Placemark>
	<ExtendedData><SchemaData schemaUrl="#telemetric_weather_station">
		<SimpleData name="OBJECTID">185</SimpleData>
		<SimpleData name="KGISCode">29563054786026110000RDDMCPUSCRTWS0001</SimpleData>
		<SimpleData name="KGISTM_Weather_StationID">528</SimpleData>
		<SimpleData name="DepartmentCode">528</SimpleData>
		<SimpleData name="TM_Weather_StationName">Kinnar</SimpleData>
		<SimpleData name="KGISVillageID">6247</SimpleData>
	</SchemaData></ExtendedData>
      <Point><coordinates>74.2048649997951,14.869818999926</coordinates></Point>
  </Placemark>
  <Placemark>
	<ExtendedData><SchemaData schemaUrl="#telemetric_weather_station">
		<SimpleData name="OBJECTID">353</SimpleData>
		<SimpleData name="KGISCode">29570055306097960000RDDMCPUSCRTWS0001</SimpleData>
		<SimpleData name="KGISTM_Weather_StationID">529</SimpleData>
		<SimpleData name="DepartmentCode">529</SimpleData>
		<SimpleData name="TM_Weather_StationName">Kalasapura</SimpleData>
		<SimpleData name="KGISVillageID">13110</SimpleData>
	</SchemaData></ExtendedData>
      <Point><coordinates>75.9362800000175,13.2784840000486</coordinates></Point>
  </Placemark>
  <Placemark>
	<ExtendedData><SchemaData schemaUrl="#telemetric_weather_station">
		<SimpleData name="OBJECTID">698</SimpleData>
		<SimpleData name="KGISCode">29564054958031070000RDDMCPUSCRTWS0001</SimpleData>
		<SimpleData name="KGISTM_Weather_StationID">53</SimpleData>
		<SimpleData name="DepartmentCode">53</SimpleData>
		<SimpleData name="TM_Weather_StationName">Ranebennur</SimpleData>
		<SimpleData name="KGISVillageID">31860</SimpleData>
	</SchemaData></ExtendedData>
      <Point><coordinates>75.6300970002235,14.61904399988</coordinates></Point>
  </Placemark>
  <Placemark>
	<ExtendedData><SchemaData schemaUrl="#telemetric_weather_station">
		<SimpleData name="OBJECTID">402</SimpleData>
		<SimpleData name="KGISCode">29582055988032290000RDDMCPUSCRTWS0001</SimpleData>
		<SimpleData name="KGISTM_Weather_StationID">530</SimpleData>
		<SimpleData name="DepartmentCode">530</SimpleData>
		<SimpleData name="TM_Weather_StationName">Bagepalli</SimpleData>
		<SimpleData name="KGISVillageID">16504</SimpleData>
	</SchemaData></ExtendedData>
      <Point><coordinates>77.7957540003923,13.7835429995684</coordinates></Point>
  </Placemark>
  <Placemark>
	<ExtendedData><SchemaData schemaUrl="#telemetric_weather_station">
		<SimpleData name="OBJECTID">609</SimpleData>
		<SimpleData name="KGISCode">29582055986238190000RDDMCPUSCRTWS0001</SimpleData>
		<SimpleData name="KGISTM_Weather_StationID">531</SimpleData>
		<SimpleData name="DepartmentCode">531</SimpleData>
		<SimpleData name="TM_Weather_StationName">Gulur</SimpleData>
		<SimpleData name="KGISVillageID">28675</SimpleData>
	</SchemaData></ExtendedData>
      <Point><coordinates>77.8365030003204,13.8408550003463</coordinates></Point>
  </Placemark>
  <Placemark>
	<ExtendedData><SchemaData schemaUrl="#telemetric_weather_station">
		<SimpleData name="OBJECTID">399</SimpleData>
		<SimpleData name="KGISCode">29582055966235540000RDDMCPUSCRTWS0001</SimpleData>
		<SimpleData name="KGISTM_Weather_StationID">532</SimpleData>
		<SimpleData name="DepartmentCode">532</SimpleData>
		<SimpleData name="TM_Weather_StationName">Chikkaballapura</SimpleData>
		<SimpleData name="KGISVillageID">16162</SimpleData>
	</SchemaData></ExtendedData>
      <Point><coordinates>77.7296089998069,13.4349519997035</coordinates></Point>
  </Placemark>
  <Placemark>
	<ExtendedData><SchemaData schemaUrl="#telemetric_weather_station">
		<SimpleData name="OBJECTID">666</SimpleData>
		<SimpleData name="KGISCode">29582055966234700000RDDMCPUSCRTWS0001</SimpleData>
		<SimpleData name="KGISTM_Weather_StationID">533</SimpleData>
		<SimpleData name="DepartmentCode">533</SimpleData>
		<SimpleData name="TM_Weather_StationName">Mandikal</SimpleData>
		<SimpleData name="KGISVillageID">31222</SimpleData>
	</SchemaData></ExtendedData>
      <Point><coordinates>77.729566956589,13.5981607911622</coordinates></Point>
  </Placemark>
  <Placemark>
	<ExtendedData><SchemaData schemaUrl="#telemetric_weather_station">
		<SimpleData name="OBJECTID">408</SimpleData>
		<SimpleData name="KGISCode">29582056006246000000RDDMCPUSCRTWS0001</SimpleData>
		<SimpleData name="KGISTM_Weather_StationID">534</SimpleData>
		<SimpleData name="DepartmentCode">534</SimpleData>
		<SimpleData name="TM_Weather_StationName">Kaiwara</SimpleData>
		<SimpleData name="KGISVillageID">17030</SimpleData>
	</SchemaData></ExtendedData>
      <Point><coordinates>77.9842249153868,13.3444128271789</coordinates></Point>
  </Placemark>
  <Placemark>
	<ExtendedData><SchemaData schemaUrl="#telemetric_weather_station">
		<SimpleData name="OBJECTID">394</SimpleData>
		<SimpleData name="KGISCode">29582055956233230000RDDMCPUSCRTWS0001</SimpleData>
		<SimpleData name="KGISTM_Weather_StationID">535</SimpleData>
		<SimpleData name="DepartmentCode">535</SimpleData>
		<SimpleData name="TM_Weather_StationName">Darinaikanapalya</SimpleData>
		<SimpleData name="KGISVillageID">15869</SimpleData>
	</SchemaData></ExtendedData>
      <Point><coordinates>77.6031938681002,13.629155478443</coordinates></Point>
  </Placemark>
  <Placemark>
	<ExtendedData><SchemaData schemaUrl="#telemetric_weather_station">
		<SimpleData name="OBJECTID">395</SimpleData>
		<SimpleData name="KGISCode">29582055956232520000RDDMCPUSCRTWS0001</SimpleData>
		<SimpleData name="KGISTM_Weather_StationID">536</SimpleData>
		<SimpleData name="DepartmentCode">536</SimpleData>
		<SimpleData name="TM_Weather_StationName">Gauribidanur</SimpleData>
		<SimpleData name="KGISVillageID">15947</SimpleData>
	</SchemaData></ExtendedData>
      <Point><coordinates>77.5172539998822,13.6093140004391</coordinates></Point>
  </Placemark>
  <Placemark>
	<ExtendedData><SchemaData schemaUrl="#telemetric_weather_station">
		<SimpleData name="OBJECTID">607</SimpleData>
		<SimpleData name="KGISCode">29582055956232090000RDDMCPUSCRTWS0001</SimpleData>
		<SimpleData name="KGISTM_Weather_StationID">537</SimpleData>
		<SimpleData name="DepartmentCode">537</SimpleData>
		<SimpleData name="TM_Weather_StationName">Hosur</SimpleData>
		<SimpleData name="KGISVillageID">28614</SimpleData>
	</SchemaData></ExtendedData>
      <Point><coordinates>77.4378760001052,13.5838219997254</coordinates></Point>
  </Placemark>
  <Placemark>
	<ExtendedData><SchemaData schemaUrl="#telemetric_weather_station">
		<SimpleData name="OBJECTID">396</SimpleData>
		<SimpleData name="KGISCode">29582055956234110000RDDMCPUSCRTWS0001</SimpleData>
		<SimpleData name="KGISTM_Weather_StationID">538</SimpleData>
		<SimpleData name="DepartmentCode">538</SimpleData>
		<SimpleData name="TM_Weather_StationName">Manchenahalli</SimpleData>
		<SimpleData name="KGISVillageID">15995</SimpleData>
	</SchemaData></ExtendedData>
      <Point><coordinates>77.6042234589578,13.4994640890556</coordinates></Point>
  </Placemark>
  <Placemark>
	<ExtendedData><SchemaData schemaUrl="#telemetric_weather_station">
		<SimpleData name="OBJECTID">397</SimpleData>
		<SimpleData name="KGISCode">29582055956232800000RDDMCPUSCRTWS0001</SimpleData>
		<SimpleData name="KGISTM_Weather_StationID">539</SimpleData>
		<SimpleData name="DepartmentCode">539</SimpleData>
		<SimpleData name="TM_Weather_StationName">Nagaragere</SimpleData>
		<SimpleData name="KGISVillageID">16038</SimpleData>
	</SchemaData></ExtendedData>
      <Point><coordinates>77.6364450004343,13.7590580003402</coordinates></Point>
  </Placemark>
  <Placemark>
	<ExtendedData><SchemaData schemaUrl="#telemetric_weather_station">
		<SimpleData name="OBJECTID">169</SimpleData>
		<SimpleData name="KGISCode">29561054706020210000RDDMCPUSCRTWS0001</SimpleData>
		<SimpleData name="KGISTM_Weather_StationID">54</SimpleData>
		<SimpleData name="DepartmentCode">54</SimpleData>
		<SimpleData name="TM_Weather_StationName">Hulikoti</SimpleData>
		<SimpleData name="KGISVillageID">5712</SimpleData>
	</SchemaData></ExtendedData>
      <Point><coordinates>75.5451750002007,15.4222130003329</coordinates></Point>
  </Placemark>
  <Placemark>
	<ExtendedData><SchemaData schemaUrl="#telemetric_weather_station">
		<SimpleData name="OBJECTID">398</SimpleData>
		<SimpleData name="KGISCode">29582055956233750000RDDMCPUSCRTWS0001</SimpleData>
		<SimpleData name="KGISTM_Weather_StationID">540</SimpleData>
		<SimpleData name="DepartmentCode">540</SimpleData>
		<SimpleData name="TM_Weather_StationName">Thondebhavi</SimpleData>
		<SimpleData name="KGISVillageID">16081</SimpleData>
	</SchemaData></ExtendedData>
      <Point><coordinates>77.5299129996494,13.4917829996854</coordinates></Point>
  </Placemark>
  <Placemark>
	<ExtendedData><SchemaData schemaUrl="#telemetric_weather_station">
		<SimpleData name="OBJECTID">608</SimpleData>
		<SimpleData name="KGISCode">29582055978032280000RDDMCPUSCRTWS0001</SimpleData>
		<SimpleData name="KGISTM_Weather_StationID">541</SimpleData>
		<SimpleData name="DepartmentCode">541</SimpleData>
		<SimpleData name="TM_Weather_StationName">Gudibanda</SimpleData>
		<SimpleData name="KGISVillageID">28660</SimpleData>
	</SchemaData></ExtendedData>
      <Point><coordinates>77.7049480000859,13.6688140001998</coordinates></Point>
  </Placemark>
  <Placemark>
	<ExtendedData><SchemaData schemaUrl="#telemetric_weather_station">
		<SimpleData name="OBJECTID">405</SimpleData>
		<SimpleData name="KGISCode">29582055996242920000RDDMCPUSCRTWS0001</SimpleData>
		<SimpleData name="KGISTM_Weather_StationID">542</SimpleData>
		<SimpleData name="DepartmentCode">542</SimpleData>
		<SimpleData name="TM_Weather_StationName">Jangamakote</SimpleData>
		<SimpleData name="KGISVillageID">16737</SimpleData>
	</SchemaData></ExtendedData>
      <Point><coordinates>77.8705818126332,13.2612621661094</coordinates></Point>
  </Placemark>
  <Placemark>
	<ExtendedData><SchemaData schemaUrl="#telemetric_weather_station">
		<SimpleData name="OBJECTID">610</SimpleData>
		<SimpleData name="KGISCode">29582055998032300000RDDMCPUSCRTWS0001</SimpleData>
		<SimpleData name="KGISTM_Weather_StationID">543</SimpleData>
		<SimpleData name="DepartmentCode">543</SimpleData>
		<SimpleData name="TM_Weather_StationName">Sidlaghatta</SimpleData>
		<SimpleData name="KGISVillageID">28738</SimpleData>
	</SchemaData></ExtendedData>
      <Point><coordinates>77.8643959214907,13.3877313033803</coordinates></Point>
  </Placemark>
  <Placemark>
	<ExtendedData><SchemaData schemaUrl="#telemetric_weather_station">
		<SimpleData name="OBJECTID">639</SimpleData>
		<SimpleData name="KGISCode">29563054846033280000RDDMCPUSCRTWS0001</SimpleData>
		<SimpleData name="KGISTM_Weather_StationID">544</SimpleData>
		<SimpleData name="DepartmentCode">544</SimpleData>
		<SimpleData name="TM_Weather_StationName">Avarsa</SimpleData>
		<SimpleData name="KGISVillageID">30476</SimpleData>
	</SchemaData></ExtendedData>
      <Point><coordinates>74.2735789996329,14.704874000136</coordinates></Point>
  </Placemark>
  <Placemark>
	<ExtendedData><SchemaData schemaUrl="#telemetric_weather_station">
		<SimpleData name="OBJECTID">199</SimpleData>
		<SimpleData name="KGISCode">29563054846033910000RDDMCPUSCRTWS0001</SimpleData>
		<SimpleData name="KGISTM_Weather_StationID">545</SimpleData>
		<SimpleData name="DepartmentCode">545</SimpleData>
		<SimpleData name="TM_Weather_StationName">Balale</SimpleData>
		<SimpleData name="KGISVillageID">6949</SimpleData>
	</SchemaData></ExtendedData>
      <Point><coordinates>74.3840507331247,14.5783777457844</coordinates></Point>
  </Placemark>
  <Placemark>
	<ExtendedData><SchemaData schemaUrl="#telemetric_weather_station">
		<SimpleData name="OBJECTID">200</SimpleData>
		<SimpleData name="KGISCode">29563054846033720000RDDMCPUSCRTWS0001</SimpleData>
		<SimpleData name="KGISTM_Weather_StationID">546</SimpleData>
		<SimpleData name="DepartmentCode">546</SimpleData>
		<SimpleData name="TM_Weather_StationName">Bhasgod</SimpleData>
		<SimpleData name="KGISVillageID">6972</SimpleData>
	</SchemaData></ExtendedData>
      <Point><coordinates>74.3379950000247,14.6127800001968</coordinates></Point>
  </Placemark>
  <Placemark>
	<ExtendedData><SchemaData schemaUrl="#telemetric_weather_station">
		<SimpleData name="OBJECTID">186</SimpleData>
		<SimpleData name="KGISCode">29563054786025850000RDDMCPUSCRTWS0001</SimpleData>
		<SimpleData name="KGISTM_Weather_StationID">547</SimpleData>
		<SimpleData name="DepartmentCode">547</SimpleData>
		<SimpleData name="TM_Weather_StationName">Sawantwada</SimpleData>
		<SimpleData name="KGISVillageID">6259</SimpleData>
	</SchemaData></ExtendedData>
      <Point><coordinates>74.1626669996495,14.880464000387</coordinates></Point>
  </Placemark>
  <Placemark>
	<ExtendedData><SchemaData schemaUrl="#telemetric_weather_station">
		<SimpleData name="OBJECTID">202</SimpleData>
		<SimpleData name="KGISCode">29563054856034190000RDDMCPUSCRTWS0001</SimpleData>
		<SimpleData name="KGISTM_Weather_StationID">548</SimpleData>
		<SimpleData name="DepartmentCode">548</SimpleData>
		<SimpleData name="TM_Weather_StationName">Gokarna</SimpleData>
		<SimpleData name="KGISVillageID">7028</SimpleData>
	</SchemaData></ExtendedData>
      <Point><coordinates>74.322317000112,14.5408649999763</coordinates></Point>
  </Placemark>
  <Placemark>
	<ExtendedData><SchemaData schemaUrl="#telemetric_weather_station">
		<SimpleData name="OBJECTID">205</SimpleData>
		<SimpleData name="KGISCode">29563054856034620000RDDMCPUSCRTWS0001</SimpleData>
		<SimpleData name="KGISTM_Weather_StationID">549</SimpleData>
		<SimpleData name="DepartmentCode">549</SimpleData>
		<SimpleData name="TM_Weather_StationName">Mirjan</SimpleData>
		<SimpleData name="KGISVillageID">7115</SimpleData>
	</SchemaData></ExtendedData>
      <Point><coordinates>74.4252250000941,14.4824739997527</coordinates></Point>
  </Placemark>
  <Placemark>
	<ExtendedData><SchemaData schemaUrl="#telemetric_weather_station">
		<SimpleData name="OBJECTID">357</SimpleData>
		<SimpleData name="KGISCode">29570055316099760000RDDMCPUSCRTWS0001</SimpleData>
		<SimpleData name="KGISTM_Weather_StationID">55</SimpleData>
		<SimpleData name="DepartmentCode">55</SimpleData>
		<SimpleData name="TM_Weather_StationName">Mudigere</SimpleData>
		<SimpleData name="KGISVillageID">13277</SimpleData>
	</SchemaData></ExtendedData>
      <Point><coordinates>75.6415311267769,13.1390423517915</coordinates></Point>
  </Placemark>
  <Placemark>
	<ExtendedData><SchemaData schemaUrl="#telemetric_weather_station">
		<SimpleData name="OBJECTID">496</SimpleData>
		<SimpleData name="KGISCode">29574055556158400000RDDMCPUSCRTWS0001</SimpleData>
		<SimpleData name="KGISTM_Weather_StationID">550</SimpleData>
		<SimpleData name="DepartmentCode">550</SimpleData>
		<SimpleData name="TM_Weather_StationName">Banavara</SimpleData>
		<SimpleData name="KGISVillageID">23355</SimpleData>
	</SchemaData></ExtendedData>
      <Point><coordinates>76.164579999742,13.4091170001962</coordinates></Point>
  </Placemark>
  <Placemark>
	<ExtendedData><SchemaData schemaUrl="#telemetric_weather_station">
		<SimpleData name="OBJECTID">497</SimpleData>
		<SimpleData name="KGISCode">29574055556157990000RDDMCPUSCRTWS0001</SimpleData>
		<SimpleData name="KGISTM_Weather_StationID">551</SimpleData>
		<SimpleData name="DepartmentCode">551</SimpleData>
		<SimpleData name="TM_Weather_StationName">Gandasi</SimpleData>
		<SimpleData name="KGISVillageID">23477</SimpleData>
	</SchemaData></ExtendedData>
      <Point><coordinates>76.3082669999124,13.1559019997142</coordinates></Point>
  </Placemark>
  <Placemark>
	<ExtendedData><SchemaData schemaUrl="#telemetric_weather_station">
		<SimpleData name="OBJECTID">498</SimpleData>
		<SimpleData name="KGISCode">29574055556154520000RDDMCPUSCRTWS0001</SimpleData>
		<SimpleData name="KGISTM_Weather_StationID">552</SimpleData>
		<SimpleData name="DepartmentCode">552</SimpleData>
		<SimpleData name="TM_Weather_StationName">Javagal</SimpleData>
		<SimpleData name="KGISVillageID">23527</SimpleData>
	</SchemaData></ExtendedData>
      <Point><coordinates>76.058297999906,13.2993079995717</coordinates></Point>
  </Placemark>
  <Placemark>
	<ExtendedData><SchemaData schemaUrl="#telemetric_weather_station">
		<SimpleData name="OBJECTID">499</SimpleData>
		<SimpleData name="KGISCode">29574055556156170000RDDMCPUSCRTWS0001</SimpleData>
		<SimpleData name="KGISTM_Weather_StationID">553</SimpleData>
		<SimpleData name="DepartmentCode">553</SimpleData>
		<SimpleData name="TM_Weather_StationName">Kanakatte</SimpleData>
		<SimpleData name="KGISVillageID">23581</SimpleData>
	</SchemaData></ExtendedData>
      <Point><coordinates>76.3182797099134,13.5116640133239</coordinates></Point>
  </Placemark>
  <Placemark>
	<ExtendedData><SchemaData schemaUrl="#telemetric_weather_station">
		<SimpleData name="OBJECTID">501</SimpleData>
		<SimpleData name="KGISCode">29574055566159630000RDDMCPUSCRTWS0001</SimpleData>
		<SimpleData name="KGISTM_Weather_StationID">554</SimpleData>
		<SimpleData name="DepartmentCode">554</SimpleData>
		<SimpleData name="TM_Weather_StationName">Duudda</SimpleData>
		<SimpleData name="KGISVillageID">23690</SimpleData>
	</SchemaData></ExtendedData>
      <Point><coordinates>76.2073590000389,13.0857289996596</coordinates></Point>
  </Placemark>
  <Placemark>
	<ExtendedData><SchemaData schemaUrl="#telemetric_weather_station">
		<SimpleData name="OBJECTID">675</SimpleData>
		<SimpleData name="KGISCode">29574055568031740000RDDMCPUSCRTWS0001</SimpleData>
		<SimpleData name="KGISTM_Weather_StationID">555</SimpleData>
		<SimpleData name="DepartmentCode">555</SimpleData>
		<SimpleData name="TM_Weather_StationName">Hassan</SimpleData>
		<SimpleData name="KGISVillageID">31346</SimpleData>
	</SchemaData></ExtendedData>
      <Point><coordinates>76.101559000192,13.0092429997146</coordinates></Point>
  </Placemark>
  <Placemark>
	<ExtendedData><SchemaData schemaUrl="#telemetric_weather_station">
		<SimpleData name="OBJECTID">594</SimpleData>
		<SimpleData name="KGISCode">29570055296095800000RDDMCPUSCRTWS0001</SimpleData>
		<SimpleData name="KGISTM_Weather_StationID">556</SimpleData>
		<SimpleData name="DepartmentCode">556</SimpleData>
		<SimpleData name="TM_Weather_StationName">Panchanahalli</SimpleData>
		<SimpleData name="KGISVillageID">28244</SimpleData>
	</SchemaData></ExtendedData>
      <Point><coordinates>76.3345150000505,13.548975999725</coordinates></Point>
  </Placemark>
  <Placemark>
	<ExtendedData><SchemaData schemaUrl="#telemetric_weather_station">
		<SimpleData name="OBJECTID">593</SimpleData>
		<SimpleData name="KGISCode">29570055296096250000RDDMCPUSCRTWS0001</SimpleData>
		<SimpleData name="KGISTM_Weather_StationID">557</SimpleData>
		<SimpleData name="DepartmentCode">557</SimpleData>
		<SimpleData name="TM_Weather_StationName">Sakharayapattana</SimpleData>
		<SimpleData name="KGISVillageID">28234</SimpleData>
	</SchemaData></ExtendedData>
      <Point><coordinates>75.9235230001475,13.4316399999107</coordinates></Point>
  </Placemark>
  <Placemark>
	<ExtendedData><SchemaData schemaUrl="#telemetric_weather_station">
		<SimpleData name="OBJECTID">346</SimpleData>
		<SimpleData name="KGISCode">29570055296095740000RDDMCPUSCRTWS0001</SimpleData>
		<SimpleData name="KGISTM_Weather_StationID">558</SimpleData>
		<SimpleData name="DepartmentCode">558</SimpleData>
		<SimpleData name="TM_Weather_StationName">Singatagere</SimpleData>
		<SimpleData name="KGISVillageID">12899</SimpleData>
	</SchemaData></ExtendedData>
      <Point><coordinates>76.1778690000993,13.5124330001012</coordinates></Point>
  </Placemark>
  <Placemark>
	<ExtendedData><SchemaData schemaUrl="#telemetric_weather_station">
		<SimpleData name="OBJECTID">344</SimpleData>
		<SimpleData name="KGISCode">29570055296093710000RDDMCPUSCRTWS0001</SimpleData>
		<SimpleData name="KGISTM_Weather_StationID">559</SimpleData>
		<SimpleData name="DepartmentCode">559</SimpleData>
		<SimpleData name="TM_Weather_StationName">Birur</SimpleData>
		<SimpleData name="KGISVillageID">12705</SimpleData>
	</SchemaData></ExtendedData>
      <Point><coordinates>75.968186899668,13.5981196017166</coordinates></Point>
  </Placemark>
  <Placemark>
	<ExtendedData><SchemaData schemaUrl="#telemetric_weather_station">
		<SimpleData name="OBJECTID">257</SimpleData>
		<SimpleData name="KGISCode">29566055058031200000RDDMCPUSCRTWS0001</SimpleData>
		<SimpleData name="KGISTM_Weather_StationID">56</SimpleData>
		<SimpleData name="DepartmentCode">56</SimpleData>
		<SimpleData name="TM_Weather_StationName">Chitradurga</SimpleData>
		<SimpleData name="KGISVillageID">8967</SimpleData>
	</SchemaData></ExtendedData>
      <Point><coordinates>76.4019050001687,14.222002000228</coordinates></Point>
  </Placemark>
  <Placemark>
	<ExtendedData><SchemaData schemaUrl="#telemetric_weather_station">
		<SimpleData name="OBJECTID">343</SimpleData>
		<SimpleData name="KGISCode">29570055286093360000RDDMCPUSCRTWS0001</SimpleData>
		<SimpleData name="KGISTM_Weather_StationID">560</SimpleData>
		<SimpleData name="DepartmentCode">560</SimpleData>
		<SimpleData name="TM_Weather_StationName">Lingadahalli</SimpleData>
		<SimpleData name="KGISVillageID">12621</SimpleData>
	</SchemaData></ExtendedData>
      <Point><coordinates>75.8453190004219,13.5952099998969</coordinates></Point>
  </Placemark>
  <Placemark>
	<ExtendedData><SchemaData schemaUrl="#telemetric_weather_station">
		<SimpleData name="OBJECTID">340</SimpleData>
		<SimpleData name="KGISCode">29570055286092920000RDDMCPUSCRTWS0001</SimpleData>
		<SimpleData name="KGISTM_Weather_StationID">561</SimpleData>
		<SimpleData name="DepartmentCode">561</SimpleData>
		<SimpleData name="TM_Weather_StationName">Ajjampura</SimpleData>
		<SimpleData name="KGISVillageID">12468</SimpleData>
	</SchemaData></ExtendedData>
      <Point><coordinates>76.0066390004157,13.7248629996747</coordinates></Point>
  </Placemark>
  <Placemark>
	<ExtendedData><SchemaData schemaUrl="#telemetric_weather_station">
		<SimpleData name="OBJECTID">535</SimpleData>
		<SimpleData name="KGISCode">29576055666178530000RDDMCPUSCRTWS0001</SimpleData>
		<SimpleData name="KGISTM_Weather_StationID">562</SimpleData>
		<SimpleData name="DepartmentCode">562</SimpleData>
		<SimpleData name="TM_Weather_StationName">Napkola</SimpleData>
		<SimpleData name="KGISVillageID">25559</SimpleData>
	</SchemaData></ExtendedData>
      <Point><coordinates>75.6885130001865,12.3050949997512</coordinates></Point>
  </Placemark>
  <Placemark>
	<ExtendedData><SchemaData schemaUrl="#telemetric_weather_station">
		<SimpleData name="OBJECTID">533</SimpleData>
		<SimpleData name="KGISCode">29576055666177970000RDDMCPUSCRTWS0001</SimpleData>
		<SimpleData name="KGISTM_Weather_StationID">563</SimpleData>
		<SimpleData name="DepartmentCode">563</SimpleData>
		<SimpleData name="TM_Weather_StationName">Bhagamandala</SimpleData>
		<SimpleData name="KGISVillageID">25528</SimpleData>
	</SchemaData></ExtendedData>
      <Point><coordinates>75.5285060002188,12.384374999686</coordinates></Point>
  </Placemark>
  <Placemark>
	<ExtendedData><SchemaData schemaUrl="#telemetric_weather_station">
		<SimpleData name="OBJECTID">649</SimpleData>
		<SimpleData name="KGISCode">29576055666178090000RDDMCPUSCRTWS0001</SimpleData>
		<SimpleData name="KGISTM_Weather_StationID">564</SimpleData>
		<SimpleData name="DepartmentCode">564</SimpleData>
		<SimpleData name="TM_Weather_StationName">Sampaji</SimpleData>
		<SimpleData name="KGISVillageID">30707</SimpleData>
	</SchemaData></ExtendedData>
      <Point><coordinates>75.554632000324,12.4910350003243</coordinates></Point>
  </Placemark>
  <Placemark>
	<ExtendedData><SchemaData schemaUrl="#telemetric_weather_station">
		<SimpleData name="OBJECTID">648</SimpleData>
		<SimpleData name="KGISCode">29576055676179220000RDDMCPUSCRTWS0001</SimpleData>
		<SimpleData name="KGISTM_Weather_StationID">565</SimpleData>
		<SimpleData name="DepartmentCode">565</SimpleData>
		<SimpleData name="TM_Weather_StationName">Shanthihalli</SimpleData>
		<SimpleData name="KGISVillageID">30659</SimpleData>
	</SchemaData></ExtendedData>
      <Point><coordinates>75.794441999959,12.6423759998196</coordinates></Point>
  </Placemark>
  <Placemark>
	<ExtendedData><SchemaData schemaUrl="#telemetric_weather_station">
		<SimpleData name="OBJECTID">647</SimpleData>
		<SimpleData name="KGISCode">29576055676178920000RDDMCPUSCRTWS0001</SimpleData>
		<SimpleData name="KGISTM_Weather_StationID">566</SimpleData>
		<SimpleData name="DepartmentCode">566</SimpleData>
		<SimpleData name="TM_Weather_StationName">Shanivarasanthe</SimpleData>
		<SimpleData name="KGISVillageID">30634</SimpleData>
	</SchemaData></ExtendedData>
      <Point><coordinates>75.890212999629,12.7262780002544</coordinates></Point>
  </Placemark>
  <Placemark>
	<ExtendedData><SchemaData schemaUrl="#telemetric_weather_station">
		<SimpleData name="OBJECTID">646</SimpleData>
		<SimpleData name="KGISCode">29576055676178620000RDDMCPUSCRTWS0001</SimpleData>
		<SimpleData name="KGISTM_Weather_StationID">567</SimpleData>
		<SimpleData name="DepartmentCode">567</SimpleData>
		<SimpleData name="TM_Weather_StationName">Kudlipet</SimpleData>
		<SimpleData name="KGISVillageID">30605</SimpleData>
	</SchemaData></ExtendedData>
      <Point><coordinates>75.887785000351,12.7989000002256</coordinates></Point>
  </Placemark>
  <Placemark>
	<ExtendedData><SchemaData schemaUrl="#telemetric_weather_station">
		<SimpleData name="OBJECTID">650</SimpleData>
		<SimpleData name="KGISCode">29576055676179570000RDDMCPUSCRTWS0001</SimpleData>
		<SimpleData name="KGISTM_Weather_StationID">568</SimpleData>
		<SimpleData name="DepartmentCode">568</SimpleData>
		<SimpleData name="TM_Weather_StationName">Suntikoppa</SimpleData>
		<SimpleData name="KGISVillageID">30712</SimpleData>
	</SchemaData></ExtendedData>
      <Point><coordinates>75.8282039998027,12.4497450002404</coordinates></Point>
  </Placemark>
  <Placemark>
	<ExtendedData><SchemaData schemaUrl="#telemetric_weather_station">
		<SimpleData name="OBJECTID">654</SimpleData>
		<SimpleData name="KGISCode">29576055686180540000RDDMCPUSCRTWS0001</SimpleData>
		<SimpleData name="KGISTM_Weather_StationID">569</SimpleData>
		<SimpleData name="DepartmentCode">569</SimpleData>
		<SimpleData name="TM_Weather_StationName">Ponnampet</SimpleData>
		<SimpleData name="KGISVillageID">30818</SimpleData>
	</SchemaData></ExtendedData>
      <Point><coordinates>75.945111000279,12.1447220003787</coordinates></Point>
  </Placemark>
  <Placemark>
	<ExtendedData><SchemaData schemaUrl="#telemetric_weather_station">
		<SimpleData name="OBJECTID">637</SimpleData>
		<SimpleData name="KGISCode">29557054498030510000RDDMCPUSCRTWS0001</SimpleData>
		<SimpleData name="KGISTM_Weather_StationID">57</SimpleData>
		<SimpleData name="DepartmentCode">57</SimpleData>
		<SimpleData name="TM_Weather_StationName">Bijapur</SimpleData>
		<SimpleData name="KGISVillageID">30417</SimpleData>
	</SchemaData></ExtendedData>
      <Point><coordinates>75.7264550004688,16.8264710003785</coordinates></Point>
  </Placemark>
  <Placemark>
	<ExtendedData><SchemaData schemaUrl="#telemetric_weather_station">
		<SimpleData name="OBJECTID">656</SimpleData>
		<SimpleData name="KGISCode">29576055686180740000RDDMCPUSCRTWS0001</SimpleData>
		<SimpleData name="KGISTM_Weather_StationID">570</SimpleData>
		<SimpleData name="DepartmentCode">570</SimpleData>
		<SimpleData name="TM_Weather_StationName">Srimangala</SimpleData>
		<SimpleData name="KGISVillageID">30845</SimpleData>
	</SchemaData></ExtendedData>
      <Point><coordinates>75.9907399999003,12.0173399997402</coordinates></Point>
  </Placemark>
  <Placemark>
	<ExtendedData><SchemaData schemaUrl="#telemetric_weather_station">
		<SimpleData name="OBJECTID">723</SimpleData>
		<SimpleData name="KGISCode">29559054636011030000RDDMCPUSCRTWS0001</SimpleData>
		<SimpleData name="KGISTM_Weather_StationID">571</SimpleData>
		<SimpleData name="DepartmentCode">571</SimpleData>
		<SimpleData name="TM_Weather_StationName">Gudadur</SimpleData>
		<SimpleData name="KGISVillageID">32250</SimpleData>
	</SchemaData></ExtendedData>
      <Point><coordinates>76.6748039999445,15.9133630000425</coordinates></Point>
  </Placemark>
  <Placemark>
	<ExtendedData><SchemaData schemaUrl="#telemetric_weather_station">
		<SimpleData name="OBJECTID">599</SimpleData>
		<SimpleData name="KGISCode">29571055356108280000RDDMCPUSCRTWS0001</SimpleData>
		<SimpleData name="KGISTM_Weather_StationID">572</SimpleData>
		<SimpleData name="DepartmentCode">572</SimpleData>
		<SimpleData name="TM_Weather_StationName">Madhugiri</SimpleData>
		<SimpleData name="KGISVillageID">28354</SimpleData>
	</SchemaData></ExtendedData>
      <Point><coordinates>77.2111914743119,13.6625077520272</coordinates></Point>
  </Placemark>
  <Placemark>
	<ExtendedData><SchemaData schemaUrl="#telemetric_weather_station">
		<SimpleData name="OBJECTID">370</SimpleData>
		<SimpleData name="KGISCode">29571055356108690000RDDMCPUSCRTWS0001</SimpleData>
		<SimpleData name="KGISTM_Weather_StationID">573</SimpleData>
		<SimpleData name="DepartmentCode">573</SimpleData>
		<SimpleData name="TM_Weather_StationName">I.D.Halli</SimpleData>
		<SimpleData name="KGISVillageID">13984</SimpleData>
	</SchemaData></ExtendedData>
      <Point><coordinates>77.3150770002991,13.8161000003024</coordinates></Point>
  </Placemark>
  <Placemark>
	<ExtendedData><SchemaData schemaUrl="#telemetric_weather_station">
		<SimpleData name="OBJECTID">371</SimpleData>
		<SimpleData name="KGISCode">29571055356109230000RDDMCPUSCRTWS0001</SimpleData>
		<SimpleData name="KGISTM_Weather_StationID">574</SimpleData>
		<SimpleData name="DepartmentCode">574</SimpleData>
		<SimpleData name="TM_Weather_StationName">Kodigenahalli</SimpleData>
		<SimpleData name="KGISVillageID">14088</SimpleData>
	</SchemaData></ExtendedData>
      <Point><coordinates>77.3868319995607,13.7206580004314</coordinates></Point>
  </Placemark>
  <Placemark>
	<ExtendedData><SchemaData schemaUrl="#telemetric_weather_station">
		<SimpleData name="OBJECTID">372</SimpleData>
		<SimpleData name="KGISCode">29571055356106850000RDDMCPUSCRTWS0001</SimpleData>
		<SimpleData name="KGISTM_Weather_StationID">575</SimpleData>
		<SimpleData name="DepartmentCode">575</SimpleData>
		<SimpleData name="TM_Weather_StationName">Midigeshi</SimpleData>
		<SimpleData name="KGISVillageID">14141</SimpleData>
	</SchemaData></ExtendedData>
      <Point><coordinates>77.2036449999578,13.832500000405</coordinates></Point>
  </Placemark>
  <Placemark>
	<ExtendedData><SchemaData schemaUrl="#telemetric_weather_station">
		<SimpleData name="OBJECTID">373</SimpleData>
		<SimpleData name="KGISCode">29571055356109570000RDDMCPUSCRTWS0001</SimpleData>
		<SimpleData name="KGISTM_Weather_StationID">576</SimpleData>
		<SimpleData name="DepartmentCode">576</SimpleData>
		<SimpleData name="TM_Weather_StationName">Puruvara</SimpleData>
		<SimpleData name="KGISVillageID">14193</SimpleData>
	</SchemaData></ExtendedData>
      <Point><coordinates>77.3066890001803,13.6878840002731</coordinates></Point>
  </Placemark>
  <Placemark>
	<ExtendedData><SchemaData schemaUrl="#telemetric_weather_station">
		<SimpleData name="OBJECTID">598</SimpleData>
		<SimpleData name="KGISCode">29571055356107530000RDDMCPUSCRTWS0001</SimpleData>
		<SimpleData name="KGISTM_Weather_StationID">577</SimpleData>
		<SimpleData name="DepartmentCode">577</SimpleData>
		<SimpleData name="TM_Weather_StationName">Dodderi</SimpleData>
		<SimpleData name="KGISVillageID">28337</SimpleData>
	</SchemaData></ExtendedData>
      <Point><coordinates>77.093616000302,13.6778010001761</coordinates></Point>
  </Placemark>
  <Placemark>
	<ExtendedData><SchemaData schemaUrl="#telemetric_weather_station">
		<SimpleData name="OBJECTID">378</SimpleData>
		<SimpleData name="KGISCode">29571055376113760000RDDMCPUSCRTWS0001</SimpleData>
		<SimpleData name="KGISTM_Weather_StationID">578</SimpleData>
		<SimpleData name="DepartmentCode">578</SimpleData>
		<SimpleData name="TM_Weather_StationName">Urdgere</SimpleData>
		<SimpleData name="KGISVillageID">14760</SimpleData>
	</SchemaData></ExtendedData>
      <Point><coordinates>77.2321730001425,13.3391809996578</coordinates></Point>
  </Placemark>
  <Placemark>
	<ExtendedData><SchemaData schemaUrl="#telemetric_weather_station">
		<SimpleData name="OBJECTID">377</SimpleData>
		<SimpleData name="KGISCode">29571055376115320000RDDMCPUSCRTWS0001</SimpleData>
		<SimpleData name="KGISTM_Weather_StationID">579</SimpleData>
		<SimpleData name="DepartmentCode">579</SimpleData>
		<SimpleData name="TM_Weather_StationName">Hebbur</SimpleData>
		<SimpleData name="KGISVillageID">14572</SimpleData>
	</SchemaData></ExtendedData>
      <Point><coordinates>77.0342800003053,13.1543330003441</coordinates></Point>
  </Placemark>
  <Placemark>
	<ExtendedData><SchemaData schemaUrl="#telemetric_weather_station">
		<SimpleData name="OBJECTID">579</SimpleData>
		<SimpleData name="KGISCode">29562054748030850000RDDMCPUSCRTWS0001</SimpleData>
		<SimpleData name="KGISTM_Weather_StationID">58</SimpleData>
		<SimpleData name="DepartmentCode">58</SimpleData>
		<SimpleData name="TM_Weather_StationName">Navalgund</SimpleData>
		<SimpleData name="KGISVillageID">27660</SimpleData>
	</SchemaData></ExtendedData>
      <Point><coordinates>75.356639547137,15.5555533558066</coordinates></Point>
  </Placemark>
  <Placemark>
	<ExtendedData><SchemaData schemaUrl="#telemetric_weather_station">
		<SimpleData name="OBJECTID">600</SimpleData>
		<SimpleData name="KGISCode">29571055376112720000RDDMCPUSCRTWS0001</SimpleData>
		<SimpleData name="KGISTM_Weather_StationID">580</SimpleData>
		<SimpleData name="DepartmentCode">580</SimpleData>
		<SimpleData name="TM_Weather_StationName">Bellavi</SimpleData>
		<SimpleData name="KGISVillageID">28387</SimpleData>
	</SchemaData></ExtendedData>
      <Point><coordinates>77.0182860001524,13.4155909996915</coordinates></Point>
  </Placemark>
  <Placemark>
	<ExtendedData><SchemaData schemaUrl="#telemetric_weather_station">
		<SimpleData name="OBJECTID">603</SimpleData>
		<SimpleData name="KGISCode">29571055376113380000RDDMCPUSCRTWS0001</SimpleData>
		<SimpleData name="KGISTM_Weather_StationID">581</SimpleData>
		<SimpleData name="DepartmentCode">581</SimpleData>
		<SimpleData name="TM_Weather_StationName">Kora</SimpleData>
		<SimpleData name="KGISVillageID">28459</SimpleData>
	</SchemaData></ExtendedData>
      <Point><coordinates>77.0652050003431,13.4366939997845</coordinates></Point>
  </Placemark>
  <Placemark>
	<ExtendedData><SchemaData schemaUrl="#telemetric_weather_station">
		<SimpleData name="OBJECTID">602</SimpleData>
		<SimpleData name="KGISCode">29571055378031570000RDDMCPUSCRTWS0001</SimpleData>
		<SimpleData name="KGISTM_Weather_StationID">582</SimpleData>
		<SimpleData name="DepartmentCode">582</SimpleData>
		<SimpleData name="TM_Weather_StationName">Tumkur</SimpleData>
		<SimpleData name="KGISVillageID">28453</SimpleData>
	</SchemaData></ExtendedData>
      <Point><coordinates>77.1026820004536,13.3390580001483</coordinates></Point>
  </Placemark>
  <Placemark>
	<ExtendedData><SchemaData schemaUrl="#telemetric_weather_station">
		<SimpleData name="OBJECTID">393</SimpleData>
		<SimpleData name="KGISCode">29571055416126360000RDDMCPUSCRTWS0001</SimpleData>
		<SimpleData name="KGISTM_Weather_StationID">583</SimpleData>
		<SimpleData name="DepartmentCode">583</SimpleData>
		<SimpleData name="TM_Weather_StationName">Yedeyur</SimpleData>
		<SimpleData name="KGISVillageID">15853</SimpleData>
	</SchemaData></ExtendedData>
      <Point><coordinates>76.8636019997611,12.9700939995888</coordinates></Point>
  </Placemark>
  <Placemark>
	<ExtendedData><SchemaData schemaUrl="#telemetric_weather_station">
		<SimpleData name="OBJECTID">388</SimpleData>
		<SimpleData name="KGISCode">29571055416126600000RDDMCPUSCRTWS0001</SimpleData>
		<SimpleData name="KGISTM_Weather_StationID">584</SimpleData>
		<SimpleData name="DepartmentCode">584</SimpleData>
		<SimpleData name="TM_Weather_StationName">Amruthur</SimpleData>
		<SimpleData name="KGISVillageID">15589</SimpleData>
	</SchemaData></ExtendedData>
      <Point><coordinates>76.9347850002342,12.9153389997762</coordinates></Point>
  </Placemark>
  <Placemark>
	<ExtendedData><SchemaData schemaUrl="#telemetric_weather_station">
		<SimpleData name="OBJECTID">389</SimpleData>
		<SimpleData name="KGISCode">29571055416127280000RDDMCPUSCRTWS0001</SimpleData>
		<SimpleData name="KGISTM_Weather_StationID">585</SimpleData>
		<SimpleData name="DepartmentCode">585</SimpleData>
		<SimpleData name="TM_Weather_StationName">Huliyurdurga</SimpleData>
		<SimpleData name="KGISVillageID">15633</SimpleData>
	</SchemaData></ExtendedData>
      <Point><coordinates>77.0338200003255,12.8296219995773</coordinates></Point>
  </Placemark>
  <Placemark>
	<ExtendedData><SchemaData schemaUrl="#telemetric_weather_station">
		<SimpleData name="OBJECTID">390</SimpleData>
		<SimpleData name="KGISCode">29571055416125710000RDDMCPUSCRTWS0001</SimpleData>
		<SimpleData name="KGISTM_Weather_StationID">586</SimpleData>
		<SimpleData name="DepartmentCode">586</SimpleData>
		<SimpleData name="TM_Weather_StationName">Huthridurga</SimpleData>
		<SimpleData name="KGISVillageID">15689</SimpleData>
	</SchemaData></ExtendedData>
      <Point><coordinates>77.1220429998223,12.9543930002119</coordinates></Point>
  </Placemark>
  <Placemark>
	<ExtendedData><SchemaData schemaUrl="#telemetric_weather_station">
		<SimpleData name="OBJECTID">382</SimpleData>
		<SimpleData name="KGISCode">29571055396119940000RDDMCPUSCRTWS0001</SimpleData>
		<SimpleData name="KGISTM_Weather_StationID">587</SimpleData>
		<SimpleData name="DepartmentCode">587</SimpleData>
		<SimpleData name="TM_Weather_StationName">Honnavalli</SimpleData>
		<SimpleData name="KGISVillageID">15143</SimpleData>
	</SchemaData></ExtendedData>
      <Point><coordinates>76.3874519995766,13.3338870002811</coordinates></Point>
  </Placemark>
  <Placemark>
	<ExtendedData><SchemaData schemaUrl="#telemetric_weather_station">
		<SimpleData name="OBJECTID">383</SimpleData>
		<SimpleData name="KGISCode">29571055396121440000RDDMCPUSCRTWS0001</SimpleData>
		<SimpleData name="KGISTM_Weather_StationID">588</SimpleData>
		<SimpleData name="DepartmentCode">588</SimpleData>
		<SimpleData name="TM_Weather_StationName">Nonavinakere</SimpleData>
		<SimpleData name="KGISVillageID">15303</SimpleData>
	</SchemaData></ExtendedData>
      <Point><coordinates>76.5548140003711,13.1619940001475</coordinates></Point>
  </Placemark>
  <Placemark>
	<ExtendedData><SchemaData schemaUrl="#telemetric_weather_station">
		<SimpleData name="OBJECTID">606</SimpleData>
		<SimpleData name="KGISCode">29571055396120380000RDDMCPUSCRTWS0001</SimpleData>
		<SimpleData name="KGISTM_Weather_StationID">589</SimpleData>
		<SimpleData name="DepartmentCode">589</SimpleData>
		<SimpleData name="TM_Weather_StationName">Kibbanahalli</SimpleData>
		<SimpleData name="KGISVillageID">28548</SimpleData>
	</SchemaData></ExtendedData>
      <Point><coordinates>76.6447850003885,13.3071699999244</coordinates></Point>
  </Placemark>
  <Placemark>
	<ExtendedData><SchemaData schemaUrl="#telemetric_weather_station">
		<SimpleData name="OBJECTID">660</SimpleData>
		<SimpleData name="KGISCode">29555054418030370000RDDMCPUSCRTWS0001</SimpleData>
		<SimpleData name="KGISTM_Weather_StationID">59</SimpleData>
		<SimpleData name="DepartmentCode">59</SimpleData>
		<SimpleData name="TM_Weather_StationName">Saundatti</SimpleData>
		<SimpleData name="KGISVillageID">30960</SimpleData>
	</SchemaData></ExtendedData>
      <Point><coordinates>75.1164179997954,15.7673329995773</coordinates></Point>
  </Placemark>
  <Placemark>
	<ExtendedData><SchemaData schemaUrl="#telemetric_weather_station">
		<SimpleData name="OBJECTID">387</SimpleData>
		<SimpleData name="KGISCode">29571055406123860000RDDMCPUSCRTWS0001</SimpleData>
		<SimpleData name="KGISTM_Weather_StationID">590</SimpleData>
		<SimpleData name="DepartmentCode">590</SimpleData>
		<SimpleData name="TM_Weather_StationName">Mayasandra</SimpleData>
		<SimpleData name="KGISVillageID">15540</SimpleData>
	</SchemaData></ExtendedData>
      <Point><coordinates>76.7566969998805,13.0790530000692</coordinates></Point>
  </Placemark>
  <Placemark>
	<ExtendedData><SchemaData schemaUrl="#telemetric_weather_station">
		<SimpleData name="OBJECTID">385</SimpleData>
		<SimpleData name="KGISCode">29571055406122740000RDDMCPUSCRTWS0001</SimpleData>
		<SimpleData name="KGISTM_Weather_StationID">591</SimpleData>
		<SimpleData name="DepartmentCode">591</SimpleData>
		<SimpleData name="TM_Weather_StationName">Dandinashivara</SimpleData>
		<SimpleData name="KGISVillageID">15418</SimpleData>
	</SchemaData></ExtendedData>
      <Point><coordinates>76.7112570003256,13.2520480002065</coordinates></Point>
  </Placemark>
  <Placemark>
	<ExtendedData><SchemaData schemaUrl="#telemetric_weather_station">
		<SimpleData name="OBJECTID">384</SimpleData>
		<SimpleData name="KGISCode">29571055406123660000RDDMCPUSCRTWS0001</SimpleData>
		<SimpleData name="KGISTM_Weather_StationID">592</SimpleData>
		<SimpleData name="DepartmentCode">592</SimpleData>
		<SimpleData name="TM_Weather_StationName">Dabbeghatta</SimpleData>
		<SimpleData name="KGISVillageID">15369</SimpleData>
	</SchemaData></ExtendedData>
      <Point><coordinates>76.6359199997822,13.0386849999113</coordinates></Point>
  </Placemark>
  <Placemark>
	<ExtendedData><SchemaData schemaUrl="#telemetric_weather_station">
		<SimpleData name="OBJECTID">380</SimpleData>
		<SimpleData name="KGISCode">29571055386118770000RDDMCPUSCRTWS0001</SimpleData>
		<SimpleData name="KGISTM_Weather_StationID">593</SimpleData>
		<SimpleData name="DepartmentCode">593</SimpleData>
		<SimpleData name="TM_Weather_StationName">Kadaba</SimpleData>
		<SimpleData name="KGISVillageID">14968</SimpleData>
	</SchemaData></ExtendedData>
      <Point><coordinates>76.8634159999146,13.2394219996296</coordinates></Point>
  </Placemark>
  <Placemark>
	<ExtendedData><SchemaData schemaUrl="#telemetric_weather_station">
		<SimpleData name="OBJECTID">605</SimpleData>
		<SimpleData name="KGISCode">29571055386117990000RDDMCPUSCRTWS0001</SimpleData>
		<SimpleData name="KGISTM_Weather_StationID">594</SimpleData>
		<SimpleData name="DepartmentCode">594</SimpleData>
		<SimpleData name="TM_Weather_StationName">Nittur</SimpleData>
		<SimpleData name="KGISVillageID">28526</SimpleData>
	</SchemaData></ExtendedData>
      <Point><coordinates>76.8622360001835,13.3195920002014</coordinates></Point>
  </Placemark>
  <Placemark>
	<ExtendedData><SchemaData schemaUrl="#telemetric_weather_station">
		<SimpleData name="OBJECTID">379</SimpleData>
		<SimpleData name="KGISCode">29571055386119470000RDDMCPUSCRTWS0001</SimpleData>
		<SimpleData name="KGISTM_Weather_StationID">595</SimpleData>
		<SimpleData name="DepartmentCode">595</SimpleData>
		<SimpleData name="TM_Weather_StationName">Chandrashekarapura</SimpleData>
		<SimpleData name="KGISVillageID">14800</SimpleData>
	</SchemaData></ExtendedData>
      <Point><coordinates>76.8846010002336,13.147220000014</coordinates></Point>
  </Placemark>
  <Placemark>
	<ExtendedData><SchemaData schemaUrl="#telemetric_weather_station">
		<SimpleData name="OBJECTID">604</SimpleData>
		<SimpleData name="KGISCode">29571055386117040000RDDMCPUSCRTWS0001</SimpleData>
		<SimpleData name="KGISTM_Weather_StationID">596</SimpleData>
		<SimpleData name="DepartmentCode">596</SimpleData>
		<SimpleData name="TM_Weather_StationName">Chelur</SimpleData>
		<SimpleData name="KGISVillageID">28485</SimpleData>
	</SchemaData></ExtendedData>
      <Point><coordinates>76.9073720001906,13.4412520001693</coordinates></Point>
  </Placemark>
  <Placemark>
	<ExtendedData><SchemaData schemaUrl="#telemetric_weather_station">
		<SimpleData name="OBJECTID">361</SimpleData>
		<SimpleData name="KGISCode">29571055326102360000RDDMCPUSCRTWS0001</SimpleData>
		<SimpleData name="KGISTM_Weather_StationID">597</SimpleData>
		<SimpleData name="DepartmentCode">597</SimpleData>
		<SimpleData name="TM_Weather_StationName">Shettikeri</SimpleData>
		<SimpleData name="KGISVillageID">13508</SimpleData>
	</SchemaData></ExtendedData>
      <Point><coordinates>76.5623050004147,13.3806920001628</coordinates></Point>
  </Placemark>
  <Placemark>
	<ExtendedData><SchemaData schemaUrl="#telemetric_weather_station">
		<SimpleData name="OBJECTID">446</SimpleData>
		<SimpleData name="KGISCode">29572055448031620000RDDMCPUSCRTWS0001</SimpleData>
		<SimpleData name="KGISTM_Weather_StationID">598</SimpleData>
		<SimpleData name="DepartmentCode">598</SimpleData>
		<SimpleData name="TM_Weather_StationName">Krishnarajapura</SimpleData>
		<SimpleData name="KGISVillageID">19616</SimpleData>
	</SchemaData></ExtendedData>
      <Point><coordinates>77.6810680754497,13.0012706769738</coordinates></Point>
  </Placemark>
  <Placemark>
	<ExtendedData><SchemaData schemaUrl="#telemetric_weather_station">
		<SimpleData name="OBJECTID">425</SimpleData>
		<SimpleData name="KGISCode">29581055936228430000RDDMCPUSCRTWS0001</SimpleData>
		<SimpleData name="KGISTM_Weather_StationID">599</SimpleData>
		<SimpleData name="DepartmentCode">599</SimpleData>
		<SimpleData name="TM_Weather_StationName">Bethamangala</SimpleData>
		<SimpleData name="KGISVillageID">18244</SimpleData>
	</SchemaData></ExtendedData>
      <Point><coordinates>78.3298819996279,13.0080520002048</coordinates></Point>
  </Placemark>
  <Placemark>
	<ExtendedData><SchemaData schemaUrl="#telemetric_weather_station">
		<SimpleData name="OBJECTID">300</SimpleData>
		<SimpleData name="KGISCode">29568055166076430000RDDMCPUSCRTWS0001</SimpleData>
		<SimpleData name="KGISTM_Weather_StationID">6</SimpleData>
		<SimpleData name="DepartmentCode">6</SimpleData>
		<SimpleData name="TM_Weather_StationName">Ulavi</SimpleData>
		<SimpleData name="KGISVillageID">11022</SimpleData>
	</SchemaData></ExtendedData>
      <Point><coordinates>75.1104364387653,14.2728144186355</coordinates></Point>
  </Placemark>
  <Placemark>
	<ExtendedData><SchemaData schemaUrl="#telemetric_weather_station">
		<SimpleData name="OBJECTID">351</SimpleData>
		<SimpleData name="KGISCode">29570055306097470000RDDMCPUSCRTWS0001</SimpleData>
		<SimpleData name="KGISTM_Weather_StationID">60</SimpleData>
		<SimpleData name="DepartmentCode">60</SimpleData>
		<SimpleData name="TM_Weather_StationName">Chikkamagalur</SimpleData>
		<SimpleData name="KGISVillageID">13050</SimpleData>
	</SchemaData></ExtendedData>
      <Point><coordinates>75.7748481488899,13.3068090821565</coordinates></Point>
  </Placemark>
  <Placemark>
	<ExtendedData><SchemaData schemaUrl="#telemetric_weather_station">
		<SimpleData name="OBJECTID">642</SimpleData>
		<SimpleData name="KGISCode">29582056006243090000RDDMCPUSCRTWS0001</SimpleData>
		<SimpleData name="KGISTM_Weather_StationID">600</SimpleData>
		<SimpleData name="DepartmentCode">600</SimpleData>
		<SimpleData name="TM_Weather_StationName">Chilakalanerpu</SimpleData>
		<SimpleData name="KGISVillageID">30516</SimpleData>
	</SchemaData></ExtendedData>
      <Point><coordinates>78.076039000218,13.6571650004403</coordinates></Point>
  </Placemark>
  <Placemark>
	<ExtendedData><SchemaData schemaUrl="#telemetric_weather_station">
		<SimpleData name="OBJECTID">253</SimpleData>
		<SimpleData name="KGISCode">29566055046053960000RDDMCPUSCRTWS0001</SimpleData>
		<SimpleData name="KGISTM_Weather_StationID">601</SimpleData>
		<SimpleData name="DepartmentCode">601</SimpleData>
		<SimpleData name="TM_Weather_StationName">Parasuramapura</SimpleData>
		<SimpleData name="KGISVillageID">8802</SimpleData>
	</SchemaData></ExtendedData>
      <Point><coordinates>76.883776999714,14.2577029997813</coordinates></Point>
  </Placemark>
  <Placemark>
	<ExtendedData><SchemaData schemaUrl="#telemetric_weather_station">
		<SimpleData name="OBJECTID">254</SimpleData>
		<SimpleData name="KGISCode">29566055046053030000RDDMCPUSCRTWS0001</SimpleData>
		<SimpleData name="KGISTM_Weather_StationID">602</SimpleData>
		<SimpleData name="DepartmentCode">602</SimpleData>
		<SimpleData name="TM_Weather_StationName">Thalaku</SimpleData>
		<SimpleData name="KGISVillageID">8838</SimpleData>
	</SchemaData></ExtendedData>
      <Point><coordinates>76.6828570000207,14.446772999791</coordinates></Point>
  </Placemark>
  <Placemark>
	<ExtendedData><SchemaData schemaUrl="#telemetric_weather_station">
		<SimpleData name="OBJECTID">260</SimpleData>
		<SimpleData name="KGISCode">29566055066056390000RDDMCPUSCRTWS0001</SimpleData>
		<SimpleData name="KGISTM_Weather_StationID">603</SimpleData>
		<SimpleData name="DepartmentCode">603</SimpleData>
		<SimpleData name="TM_Weather_StationName">B.Durga</SimpleData>
		<SimpleData name="KGISVillageID">9046</SimpleData>
	</SchemaData></ExtendedData>
      <Point><coordinates>76.1321740003355,14.1804480002837</coordinates></Point>
  </Placemark>
  <Placemark>
	<ExtendedData><SchemaData schemaUrl="#telemetric_weather_station">
		<SimpleData name="OBJECTID">334</SimpleData>
		<SimpleData name="KGISCode">29570055256089210000RDDMCPUSCRTWS0001</SimpleData>
		<SimpleData name="KGISTM_Weather_StationID">604</SimpleData>
		<SimpleData name="DepartmentCode">604</SimpleData>
		<SimpleData name="TM_Weather_StationName">Kigga</SimpleData>
		<SimpleData name="KGISVillageID">12300</SimpleData>
	</SchemaData></ExtendedData>
      <Point><coordinates>75.1879290001179,13.415972000231</coordinates></Point>
  </Placemark>
  <Placemark>
	<ExtendedData><SchemaData schemaUrl="#telemetric_weather_station">
		<SimpleData name="OBJECTID">156</SimpleData>
		<SimpleData name="KGISCode">29560054666016480000RDDMCPUSCRTWS0001</SimpleData>
		<SimpleData name="KGISTM_Weather_StationID">605</SimpleData>
		<SimpleData name="DepartmentCode">605</SimpleData>
		<SimpleData name="TM_Weather_StationName">Marli</SimpleData>
		<SimpleData name="KGISVillageID">5357</SimpleData>
	</SchemaData></ExtendedData>
      <Point><coordinates>76.5726019996763,15.472704000451</coordinates></Point>
  </Placemark>
  <Placemark>
	<ExtendedData><SchemaData schemaUrl="#telemetric_weather_station">
		<SimpleData name="OBJECTID">7</SimpleData>
		<SimpleData name="KGISCode">29555054345973270000RDDMCPUSCRTWS0001</SimpleData>
		<SimpleData name="KGISTM_Weather_StationID">606</SimpleData>
		<SimpleData name="DepartmentCode">606</SimpleData>
		<SimpleData name="TM_Weather_StationName">Telsang</SimpleData>
		<SimpleData name="KGISVillageID">179</SimpleData>
	</SchemaData></ExtendedData>
      <Point><coordinates>75.338797999949,16.7885940000198</coordinates></Point>
  </Placemark>
  <Placemark>
	<ExtendedData><SchemaData schemaUrl="#telemetric_weather_station">
		<SimpleData name="OBJECTID">111</SimpleData>
		<SimpleData name="KGISCode">29558054555998520000RDDMCPUSCRTWS0001</SimpleData>
		<SimpleData name="KGISTM_Weather_StationID">607</SimpleData>
		<SimpleData name="DepartmentCode">607</SimpleData>
		<SimpleData name="TM_Weather_StationName">Saigaon</SimpleData>
		<SimpleData name="KGISVillageID">3911</SimpleData>
	</SchemaData></ExtendedData>
      <Point><coordinates>77.0499740003437,18.0606089999981</coordinates></Point>
  </Placemark>
  <Placemark>
	<ExtendedData><SchemaData schemaUrl="#telemetric_weather_station">
		<SimpleData name="OBJECTID">636</SimpleData>
		<SimpleData name="KGISCode">29558054545997620000RDDMCPUSCRTWS0001</SimpleData>
		<SimpleData name="KGISTM_Weather_StationID">608</SimpleData>
		<SimpleData name="DepartmentCode">608</SimpleData>
		<SimpleData name="TM_Weather_StationName">Rajeshwar</SimpleData>
		<SimpleData name="KGISVillageID">30381</SimpleData>
	</SchemaData></ExtendedData>
      <Point><coordinates>77.0451769995605,17.7921269998656</coordinates></Point>
  </Placemark>
  <Placemark>
	<ExtendedData><SchemaData schemaUrl="#telemetric_weather_station">
		<SimpleData name="OBJECTID">107</SimpleData>
		<SimpleData name="KGISCode">29558054545997840000RDDMCPUSCRTWS0001</SimpleData>
		<SimpleData name="KGISTM_Weather_StationID">609</SimpleData>
		<SimpleData name="DepartmentCode">609</SimpleData>
		<SimpleData name="TM_Weather_StationName">Matala</SimpleData>
		<SimpleData name="KGISVillageID">3752</SimpleData>
	</SchemaData></ExtendedData>
      <Point><coordinates>76.8569899996152,17.8216120000514</coordinates></Point>
  </Placemark>
  <Placemark>
	<ExtendedData><SchemaData schemaUrl="#telemetric_weather_station">
		<SimpleData name="OBJECTID">167</SimpleData>
		<SimpleData name="KGISCode">29561054698030750000RDDMCPUSCRTWS0001</SimpleData>
		<SimpleData name="KGISTM_Weather_StationID">61</SimpleData>
		<SimpleData name="DepartmentCode">61</SimpleData>
		<SimpleData name="TM_Weather_StationName">Ron</SimpleData>
		<SimpleData name="KGISVillageID">5639</SimpleData>
	</SchemaData></ExtendedData>
      <Point><coordinates>75.7361480002056,15.6981450003931</coordinates></Point>
  </Placemark>
  <Placemark>
	<ExtendedData><SchemaData schemaUrl="#telemetric_weather_station">
		<SimpleData name="OBJECTID">106</SimpleData>
		<SimpleData name="KGISCode">29558054545998130000RDDMCPUSCRTWS0001</SimpleData>
		<SimpleData name="KGISTM_Weather_StationID">610</SimpleData>
		<SimpleData name="DepartmentCode">610</SimpleData>
		<SimpleData name="TM_Weather_StationName">Kohinoor</SimpleData>
		<SimpleData name="KGISVillageID">3732</SimpleData>
	</SchemaData></ExtendedData>
      <Point><coordinates>76.8248940001658,17.6574379995778</coordinates></Point>
  </Placemark>
  <Placemark>
	<ExtendedData><SchemaData schemaUrl="#telemetric_weather_station">
		<SimpleData name="OBJECTID">108</SimpleData>
		<SimpleData name="KGISCode">29558054545998190000RDDMCPUSCRTWS0001</SimpleData>
		<SimpleData name="KGISTM_Weather_StationID">611</SimpleData>
		<SimpleData name="DepartmentCode">611</SimpleData>
		<SimpleData name="TM_Weather_StationName">Mudbi</SimpleData>
		<SimpleData name="KGISVillageID">3769</SimpleData>
	</SchemaData></ExtendedData>
      <Point><coordinates>76.9401050001504,17.7264180001553</coordinates></Point>
  </Placemark>
  <Placemark>
	<ExtendedData><SchemaData schemaUrl="#telemetric_weather_station">
		<SimpleData name="OBJECTID">104</SimpleData>
		<SimpleData name="KGISCode">29558054545997240000RDDMCPUSCRTWS0001</SimpleData>
		<SimpleData name="KGISTM_Weather_StationID">612</SimpleData>
		<SimpleData name="DepartmentCode">612</SimpleData>
		<SimpleData name="TM_Weather_StationName">Hulsoor</SimpleData>
		<SimpleData name="KGISVillageID">3697</SimpleData>
	</SchemaData></ExtendedData>
      <Point><coordinates>77.0098219999767,18.0167280002634</coordinates></Point>
  </Placemark>
  <Placemark>
	<ExtendedData><SchemaData schemaUrl="#telemetric_weather_station">
		<SimpleData name="OBJECTID">123</SimpleData>
		<SimpleData name="KGISCode">29558054586002640000RDDMCPUSCRTWS0001</SimpleData>
		<SimpleData name="KGISTM_Weather_StationID">613</SimpleData>
		<SimpleData name="DepartmentCode">613</SimpleData>
		<SimpleData name="TM_Weather_StationName">Dubalgundi</SimpleData>
		<SimpleData name="KGISVillageID">4215</SimpleData>
	</SchemaData></ExtendedData>
      <Point><coordinates>77.1953500001594,17.8564889997871</coordinates></Point>
  </Placemark>
  <Placemark>
	<ExtendedData><SchemaData schemaUrl="#telemetric_weather_station">
		<SimpleData name="OBJECTID">491</SimpleData>
		<SimpleData name="KGISCode">29574055546151440000RDDMCPUSCRTWS0001</SimpleData>
		<SimpleData name="KGISTM_Weather_StationID">614</SimpleData>
		<SimpleData name="DepartmentCode">614</SimpleData>
		<SimpleData name="TM_Weather_StationName">Arehalli</SimpleData>
		<SimpleData name="KGISVillageID">23045</SimpleData>
	</SchemaData></ExtendedData>
      <Point><coordinates>75.8054160000727,13.043677000275</coordinates></Point>
  </Placemark>
  <Placemark>
	<ExtendedData><SchemaData schemaUrl="#telemetric_weather_station">
		<SimpleData name="OBJECTID">510</SimpleData>
		<SimpleData name="KGISCode">29574055586167230000RDDMCPUSCRTWS0001</SimpleData>
		<SimpleData name="KGISTM_Weather_StationID">615</SimpleData>
		<SimpleData name="DepartmentCode">615</SimpleData>
		<SimpleData name="TM_Weather_StationName">Konanur</SimpleData>
		<SimpleData name="KGISVillageID">24400</SimpleData>
	</SchemaData></ExtendedData>
      <Point><coordinates>76.0520889995918,12.627810999839</coordinates></Point>
  </Placemark>
  <Placemark>
	<ExtendedData><SchemaData schemaUrl="#telemetric_weather_station">
		<SimpleData name="OBJECTID">549</SimpleData>
		<SimpleData name="KGISCode">29577055726187930000RDDMCPUSCRTWS0001</SimpleData>
		<SimpleData name="KGISTM_Weather_StationID">616</SimpleData>
		<SimpleData name="DepartmentCode">616</SimpleData>
		<SimpleData name="TM_Weather_StationName">Varuna</SimpleData>
		<SimpleData name="KGISVillageID">26287</SimpleData>
	</SchemaData></ExtendedData>
      <Point><coordinates>76.7449210000131,12.2651319996408</coordinates></Point>
  </Placemark>
  <Placemark>
	<ExtendedData><SchemaData schemaUrl="#telemetric_weather_station">
		<SimpleData name="OBJECTID">547</SimpleData>
		<SimpleData name="KGISCode">29577055726187650000RDDMCPUSCRTWS0001</SimpleData>
		<SimpleData name="KGISTM_Weather_StationID">617</SimpleData>
		<SimpleData name="DepartmentCode">617</SimpleData>
		<SimpleData name="TM_Weather_StationName">Jayapura</SimpleData>
		<SimpleData name="KGISVillageID">26180</SimpleData>
	</SchemaData></ExtendedData>
      <Point><coordinates>76.5554230002253,12.2016600001101</coordinates></Point>
  </Placemark>
  <Placemark>
	<ExtendedData><SchemaData schemaUrl="#telemetric_weather_station">
		<SimpleData name="OBJECTID">540</SimpleData>
		<SimpleData name="KGISCode">29577055706184620000RDDMCPUSCRTWS0001</SimpleData>
		<SimpleData name="KGISTM_Weather_StationID">618</SimpleData>
		<SimpleData name="DepartmentCode">618</SimpleData>
		<SimpleData name="TM_Weather_StationName">Bilikere</SimpleData>
		<SimpleData name="KGISVillageID">25807</SimpleData>
	</SchemaData></ExtendedData>
      <Point><coordinates>76.4551060001762,12.3332200001864</coordinates></Point>
  </Placemark>
  <Placemark>
	<ExtendedData><SchemaData schemaUrl="#telemetric_weather_station">
		<SimpleData name="OBJECTID">630</SimpleData>
		<SimpleData name="KGISCode">29577055706183050000RDDMCPUSCRTWS0001</SimpleData>
		<SimpleData name="KGISTM_Weather_StationID">619</SimpleData>
		<SimpleData name="DepartmentCode">619</SimpleData>
		<SimpleData name="TM_Weather_StationName">Gowdikere</SimpleData>
		<SimpleData name="KGISVillageID">30062</SimpleData>
	</SchemaData></ExtendedData>
      <Point><coordinates>76.3390300003511,12.3936780003335</coordinates></Point>
  </Placemark>
  <Placemark>
	<ExtendedData><SchemaData schemaUrl="#telemetric_weather_station">
		<SimpleData name="OBJECTID">662</SimpleData>
		<SimpleData name="KGISCode">29565055008031140000RDDMCPUSCRTWS0001</SimpleData>
		<SimpleData name="KGISTM_Weather_StationID">62</SimpleData>
		<SimpleData name="DepartmentCode">62</SimpleData>
		<SimpleData name="TM_Weather_StationName">Bellary</SimpleData>
		<SimpleData name="KGISVillageID">31022</SimpleData>
	</SchemaData></ExtendedData>
      <Point><coordinates>76.9313080000699,15.1438490001682</coordinates></Point>
  </Placemark>
  <Placemark>
	<ExtendedData><SchemaData schemaUrl="#telemetric_weather_station">
		<SimpleData name="OBJECTID">536</SimpleData>
		<SimpleData name="KGISCode">29577055696181710000RDDMCPUSCRTWS0001</SimpleData>
		<SimpleData name="KGISTM_Weather_StationID">620</SimpleData>
		<SimpleData name="DepartmentCode">620</SimpleData>
		<SimpleData name="TM_Weather_StationName">Bettadapura</SimpleData>
		<SimpleData name="KGISVillageID">25618</SimpleData>
	</SchemaData></ExtendedData>
      <Point><coordinates>76.1026019996976,12.4711370003783</coordinates></Point>
  </Placemark>
  <Placemark>
	<ExtendedData><SchemaData schemaUrl="#telemetric_weather_station">
		<SimpleData name="OBJECTID">550</SimpleData>
		<SimpleData name="KGISCode">29577055736189550000RDDMCPUSCRTWS0001</SimpleData>
		<SimpleData name="KGISTM_Weather_StationID">621</SimpleData>
		<SimpleData name="DepartmentCode">621</SimpleData>
		<SimpleData name="TM_Weather_StationName">Hampapura</SimpleData>
		<SimpleData name="KGISVillageID">26364</SimpleData>
	</SchemaData></ExtendedData>
      <Point><coordinates>76.4683987813497,12.1211765021193</coordinates></Point>
  </Placemark>
  <Placemark>
	<ExtendedData><SchemaData schemaUrl="#telemetric_weather_station">
		<SimpleData name="OBJECTID">551</SimpleData>
		<SimpleData name="KGISCode">29577055736190080000RDDMCPUSCRTWS0001</SimpleData>
		<SimpleData name="KGISTM_Weather_StationID">622</SimpleData>
		<SimpleData name="DepartmentCode">622</SimpleData>
		<SimpleData name="TM_Weather_StationName">Kandalike</SimpleData>
		<SimpleData name="KGISVillageID">26539</SimpleData>
	</SchemaData></ExtendedData>
      <Point><coordinates>76.4215556605742,11.8843455191844</coordinates></Point>
  </Placemark>
  <Placemark>
	<ExtendedData><SchemaData schemaUrl="#telemetric_weather_station">
		<SimpleData name="OBJECTID">552</SimpleData>
		<SimpleData name="KGISCode">29577055746192240000RDDMCPUSCRTWS0001</SimpleData>
		<SimpleData name="KGISTM_Weather_StationID">623</SimpleData>
		<SimpleData name="DepartmentCode">623</SimpleData>
		<SimpleData name="TM_Weather_StationName">Biligere</SimpleData>
		<SimpleData name="KGISVillageID">26553</SimpleData>
	</SchemaData></ExtendedData>
      <Point><coordinates>76.8032829999882,12.1520060003324</coordinates></Point>
  </Placemark>
  <Placemark>
	<ExtendedData><SchemaData schemaUrl="#telemetric_weather_station">
		<SimpleData name="OBJECTID">553</SimpleData>
		<SimpleData name="KGISCode">29577055746193000000RDDMCPUSCRTWS0001</SimpleData>
		<SimpleData name="KGISTM_Weather_StationID">624</SimpleData>
		<SimpleData name="DepartmentCode">624</SimpleData>
		<SimpleData name="TM_Weather_StationName">Doddakowlande</SimpleData>
		<SimpleData name="KGISVillageID">26604</SimpleData>
	</SchemaData></ExtendedData>
      <Point><coordinates>76.7973553134276,12.0252568083117</coordinates></Point>
  </Placemark>
  <Placemark>
	<ExtendedData><SchemaData schemaUrl="#telemetric_weather_station">
		<SimpleData name="OBJECTID">556</SimpleData>
		<SimpleData name="KGISCode">29577055756194180000RDDMCPUSCRTWS0001</SimpleData>
		<SimpleData name="KGISTM_Weather_StationID">625</SimpleData>
		<SimpleData name="DepartmentCode">625</SimpleData>
		<SimpleData name="TM_Weather_StationName">Muguru</SimpleData>
		<SimpleData name="KGISVillageID">26782</SimpleData>
	</SchemaData></ExtendedData>
      <Point><coordinates>76.946857999744,12.1322169998778</coordinates></Point>
  </Placemark>
  <Placemark>
	<ExtendedData><SchemaData schemaUrl="#telemetric_weather_station">
		<SimpleData name="OBJECTID">677</SimpleData>
		<SimpleData name="KGISCode">29577055756194370000RDDMCPUSCRTWS0001</SimpleData>
		<SimpleData name="KGISTM_Weather_StationID">626</SimpleData>
		<SimpleData name="DepartmentCode">626</SimpleData>
		<SimpleData name="TM_Weather_StationName">Talakadu</SimpleData>
		<SimpleData name="KGISVillageID">31437</SimpleData>
	</SchemaData></ExtendedData>
      <Point><coordinates>77.0313220002275,12.1902280003214</coordinates></Point>
  </Placemark>
  <Placemark>
	<ExtendedData><SchemaData schemaUrl="#telemetric_weather_station">
		<SimpleData name="OBJECTID">141</SimpleData>
		<SimpleData name="KGISCode">29559054626009530000RDDMCPUSCRTWS0001</SimpleData>
		<SimpleData name="KGISTM_Weather_StationID">627</SimpleData>
		<SimpleData name="DepartmentCode">627</SimpleData>
		<SimpleData name="TM_Weather_StationName">Malat</SimpleData>
		<SimpleData name="KGISVillageID">4850</SimpleData>
	</SchemaData></ExtendedData>
      <Point><coordinates>76.9370510001107,16.1385149997106</coordinates></Point>
  </Placemark>
  <Placemark>
	<ExtendedData><SchemaData schemaUrl="#telemetric_weather_station">
		<SimpleData name="OBJECTID">135</SimpleData>
		<SimpleData name="KGISCode">29559054626009100000RDDMCPUSCRTWS0001</SimpleData>
		<SimpleData name="KGISTM_Weather_StationID">628</SimpleData>
		<SimpleData name="DepartmentCode">628</SimpleData>
		<SimpleData name="TM_Weather_StationName">Halapur</SimpleData>
		<SimpleData name="KGISVillageID">4735</SimpleData>
	</SchemaData></ExtendedData>
      <Point><coordinates>76.7182549997319,16.0113170004275</coordinates></Point>
  </Placemark>
  <Placemark>
	<ExtendedData><SchemaData schemaUrl="#telemetric_weather_station">
		<SimpleData name="OBJECTID">694</SimpleData>
		<SimpleData name="KGISCode">29559054636010800000RDDMCPUSCRTWS0001</SimpleData>
		<SimpleData name="KGISTM_Weather_StationID">629</SimpleData>
		<SimpleData name="DepartmentCode">629</SimpleData>
		<SimpleData name="TM_Weather_StationName">Jalihal</SimpleData>
		<SimpleData name="KGISVillageID">31834</SimpleData>
	</SchemaData></ExtendedData>
      <Point><coordinates>76.6521489997137,15.6795100002168</coordinates></Point>
  </Placemark>
  <Placemark>
	<ExtendedData><SchemaData schemaUrl="#telemetric_weather_station">
		<SimpleData name="OBJECTID">737</SimpleData>
		<SimpleData name="KGISCode">29577055736188750000RDDMCPUSCRTWS0001</SimpleData>
		<SimpleData name="KGISTM_Weather_StationID">63</SimpleData>
		<SimpleData name="DepartmentCode">63</SimpleData>
		<SimpleData name="TM_Weather_StationName">Heggadadevanakote</SimpleData>
		<SimpleData name="KGISVillageID">32552</SimpleData>
	</SchemaData></ExtendedData>
      <Point><coordinates>76.3303210003228,12.085478000334</coordinates></Point>
  </Placemark>
  <Placemark>
	<ExtendedData><SchemaData schemaUrl="#telemetric_weather_station">
		<SimpleData name="OBJECTID">597</SimpleData>
		<SimpleData name="KGISCode">29571055336104290000RDDMCPUSCRTWS0001</SimpleData>
		<SimpleData name="KGISTM_Weather_StationID">630</SimpleData>
		<SimpleData name="DepartmentCode">630</SimpleData>
		<SimpleData name="TM_Weather_StationName">Bukkapatna</SimpleData>
		<SimpleData name="KGISVillageID">28322</SimpleData>
	</SchemaData></ExtendedData>
      <Point><coordinates>76.7481030002445,13.6519320004039</coordinates></Point>
  </Placemark>
  <Placemark>
	<ExtendedData><SchemaData schemaUrl="#telemetric_weather_station">
		<SimpleData name="OBJECTID">363</SimpleData>
		<SimpleData name="KGISCode">29571055336103030000RDDMCPUSCRTWS0001</SimpleData>
		<SimpleData name="KGISTM_Weather_StationID">631</SimpleData>
		<SimpleData name="DepartmentCode">631</SimpleData>
		<SimpleData name="TM_Weather_StationName">Hulikunte</SimpleData>
		<SimpleData name="KGISVillageID">13624</SimpleData>
	</SchemaData></ExtendedData>
      <Point><coordinates>76.9955539997208,13.898959999966</coordinates></Point>
  </Placemark>
  <Placemark>
	<ExtendedData><SchemaData schemaUrl="#telemetric_weather_station">
		<SimpleData name="OBJECTID">364</SimpleData>
		<SimpleData name="KGISCode">29571055336104920000RDDMCPUSCRTWS0001</SimpleData>
		<SimpleData name="KGISTM_Weather_StationID">632</SimpleData>
		<SimpleData name="DepartmentCode">632</SimpleData>
		<SimpleData name="TM_Weather_StationName">Kallambella</SimpleData>
		<SimpleData name="KGISVillageID">13680</SimpleData>
	</SchemaData></ExtendedData>
      <Point><coordinates>76.9256209169675,13.6302026051192</coordinates></Point>
  </Placemark>
  <Placemark>
	<ExtendedData><SchemaData schemaUrl="#telemetric_weather_station">
		<SimpleData name="OBJECTID">362</SimpleData>
		<SimpleData name="KGISCode">29571055336103240000RDDMCPUSCRTWS0001</SimpleData>
		<SimpleData name="KGISTM_Weather_StationID">633</SimpleData>
		<SimpleData name="DepartmentCode">633</SimpleData>
		<SimpleData name="TM_Weather_StationName">Gowdagere</SimpleData>
		<SimpleData name="KGISVillageID">13610</SimpleData>
	</SchemaData></ExtendedData>
      <Point><coordinates>76.8049229404715,13.7975196316942</coordinates></Point>
  </Placemark>
  <Placemark>
	<ExtendedData><SchemaData schemaUrl="#telemetric_weather_station">
		<SimpleData name="OBJECTID">367</SimpleData>
		<SimpleData name="KGISCode">29571055346105680000RDDMCPUSCRTWS0001</SimpleData>
		<SimpleData name="KGISTM_Weather_StationID">634</SimpleData>
		<SimpleData name="DepartmentCode">634</SimpleData>
		<SimpleData name="TM_Weather_StationName">Nagalamadike</SimpleData>
		<SimpleData name="KGISVillageID">13795</SimpleData>
	</SchemaData></ExtendedData>
      <Point><coordinates>77.3692959995405,14.1861050001978</coordinates></Point>
  </Placemark>
  <Placemark>
	<ExtendedData><SchemaData schemaUrl="#telemetric_weather_station">
		<SimpleData name="OBJECTID">368</SimpleData>
		<SimpleData name="KGISCode">29571055346105950000RDDMCPUSCRTWS0001</SimpleData>
		<SimpleData name="KGISTM_Weather_StationID">635</SimpleData>
		<SimpleData name="DepartmentCode">635</SimpleData>
		<SimpleData name="TM_Weather_StationName">Nidigal</SimpleData>
		<SimpleData name="KGISVillageID">13846</SimpleData>
	</SchemaData></ExtendedData>
      <Point><coordinates>77.0863540000335,14.1478689999605</coordinates></Point>
  </Placemark>
  <Placemark>
	<ExtendedData><SchemaData schemaUrl="#telemetric_weather_station">
		<SimpleData name="OBJECTID">712</SimpleData>
		<SimpleData name="KGISCode">29571055366110350000RDDMCPUSCRTWS0001</SimpleData>
		<SimpleData name="KGISTM_Weather_StationID">636</SimpleData>
		<SimpleData name="DepartmentCode">636</SimpleData>
		<SimpleData name="TM_Weather_StationName">Channarayanadurga</SimpleData>
		<SimpleData name="KGISVillageID">32033</SimpleData>
	</SchemaData></ExtendedData>
      <Point><coordinates>77.208125999858,13.5876589996731</coordinates></Point>
  </Placemark>
  <Placemark>
	<ExtendedData><SchemaData schemaUrl="#telemetric_weather_station">
		<SimpleData name="OBJECTID">376</SimpleData>
		<SimpleData name="KGISCode">29571055366112270000RDDMCPUSCRTWS0001</SimpleData>
		<SimpleData name="KGISTM_Weather_StationID">637</SimpleData>
		<SimpleData name="DepartmentCode">637</SimpleData>
		<SimpleData name="TM_Weather_StationName">Kolala</SimpleData>
		<SimpleData name="KGISVillageID">14394</SimpleData>
	</SchemaData></ExtendedData>
      <Point><coordinates>77.3106290002636,13.3630649996824</coordinates></Point>
  </Placemark>
  <Placemark>
	<ExtendedData><SchemaData schemaUrl="#telemetric_weather_station">
		<SimpleData name="OBJECTID">374</SimpleData>
		<SimpleData name="KGISCode">29571055366111130000RDDMCPUSCRTWS0001</SimpleData>
		<SimpleData name="KGISTM_Weather_StationID">638</SimpleData>
		<SimpleData name="DepartmentCode">638</SimpleData>
		<SimpleData name="TM_Weather_StationName">Holavanahalli</SimpleData>
		<SimpleData name="KGISVillageID">14274</SimpleData>
	</SchemaData></ExtendedData>
      <Point><coordinates>77.3038009407768,13.5295650612311</coordinates></Point>
  </Placemark>
  <Placemark>
	<ExtendedData><SchemaData schemaUrl="#telemetric_weather_station">
		<SimpleData name="OBJECTID">392</SimpleData>
		<SimpleData name="KGISCode">29571055416125170000RDDMCPUSCRTWS0001</SimpleData>
		<SimpleData name="KGISTM_Weather_StationID">639</SimpleData>
		<SimpleData name="DepartmentCode">639</SimpleData>
		<SimpleData name="TM_Weather_StationName">Kothagere</SimpleData>
		<SimpleData name="KGISVillageID">15764</SimpleData>
	</SchemaData></ExtendedData>
      <Point><coordinates>76.9606653209948,13.0637307208565</coordinates></Point>
  </Placemark>
  <Placemark>
	<ExtendedData><SchemaData schemaUrl="#telemetric_weather_station">
		<SimpleData name="OBJECTID">337</SimpleData>
		<SimpleData name="KGISCode">29570055266089980000RDDMCPUSCRTWS0001</SimpleData>
		<SimpleData name="KGISTM_Weather_StationID">64</SimpleData>
		<SimpleData name="DepartmentCode">64</SimpleData>
		<SimpleData name="TM_Weather_StationName">Koppa</SimpleData>
		<SimpleData name="KGISVillageID">12364</SimpleData>
	</SchemaData></ExtendedData>
      <Point><coordinates>75.3776718150135,13.5317920212189</coordinates></Point>
  </Placemark>
  <Placemark>
	<ExtendedData><SchemaData schemaUrl="#telemetric_weather_station">
		<SimpleData name="OBJECTID">358</SimpleData>
		<SimpleData name="KGISCode">29571055326100470000RDDMCPUSCRTWS0001</SimpleData>
		<SimpleData name="KGISTM_Weather_StationID">640</SimpleData>
		<SimpleData name="DepartmentCode">640</SimpleData>
		<SimpleData name="TM_Weather_StationName">Handanakere</SimpleData>
		<SimpleData name="KGISVillageID">13315</SimpleData>
	</SchemaData></ExtendedData>
      <Point><coordinates>76.4491590004262,13.5025150002859</coordinates></Point>
  </Placemark>
  <Placemark>
	<ExtendedData><SchemaData schemaUrl="#telemetric_weather_station">
		<SimpleData name="OBJECTID">596</SimpleData>
		<SimpleData name="KGISCode">29571055326102650000RDDMCPUSCRTWS0001</SimpleData>
		<SimpleData name="KGISTM_Weather_StationID">641</SimpleData>
		<SimpleData name="DepartmentCode">641</SimpleData>
		<SimpleData name="TM_Weather_StationName">Huliyar</SimpleData>
		<SimpleData name="KGISVillageID">28304</SimpleData>
	</SchemaData></ExtendedData>
      <Point><coordinates>76.5409440001357,13.5819630003804</coordinates></Point>
  </Placemark>
  <Placemark>
	<ExtendedData><SchemaData schemaUrl="#telemetric_weather_station">
		<SimpleData name="OBJECTID">359</SimpleData>
		<SimpleData name="KGISCode">29571055326101540000RDDMCPUSCRTWS0001</SimpleData>
		<SimpleData name="KGISTM_Weather_StationID">642</SimpleData>
		<SimpleData name="DepartmentCode">642</SimpleData>
		<SimpleData name="TM_Weather_StationName">Kandikere</SimpleData>
		<SimpleData name="KGISVillageID">13424</SimpleData>
	</SchemaData></ExtendedData>
      <Point><coordinates>76.619851999939,13.5267119999037</coordinates></Point>
  </Placemark>
  <Placemark>
	<ExtendedData><SchemaData schemaUrl="#telemetric_weather_station">
		<SimpleData name="OBJECTID">369</SimpleData>
		<SimpleData name="KGISCode">29571055346105270000RDDMCPUSCRTWS0001</SimpleData>
		<SimpleData name="KGISTM_Weather_StationID">643</SimpleData>
		<SimpleData name="DepartmentCode">643</SimpleData>
		<SimpleData name="TM_Weather_StationName">Yellappanayakana Hosakote</SimpleData>
		<SimpleData name="KGISVillageID">13895</SimpleData>
	</SchemaData></ExtendedData>
      <Point><coordinates>77.1764350000179,14.2792830001932</coordinates></Point>
  </Placemark>
  <Placemark>
	<ExtendedData><SchemaData schemaUrl="#telemetric_weather_station">
		<SimpleData name="OBJECTID">634</SimpleData>
		<SimpleData name="KGISCode">29558054558030580000RDDMCPUSCRTWS0001</SimpleData>
		<SimpleData name="KGISTM_Weather_StationID">644</SimpleData>
		<SimpleData name="DepartmentCode">644</SimpleData>
		<SimpleData name="TM_Weather_StationName">Bhalki</SimpleData>
		<SimpleData name="KGISVillageID">30366</SimpleData>
	</SchemaData></ExtendedData>
      <Point><coordinates>77.2107039998026,18.0445690004538</coordinates></Point>
  </Placemark>
  <Placemark>
	<ExtendedData><SchemaData schemaUrl="#telemetric_weather_station">
		<SimpleData name="OBJECTID">400</SimpleData>
		<SimpleData name="KGISCode">29582055966236250000RDDMCPUSCRTWS0001</SimpleData>
		<SimpleData name="KGISTM_Weather_StationID">645</SimpleData>
		<SimpleData name="DepartmentCode">645</SimpleData>
		<SimpleData name="TM_Weather_StationName">Nandi</SimpleData>
		<SimpleData name="KGISVillageID">16286</SimpleData>
	</SchemaData></ExtendedData>
      <Point><coordinates>77.6995880002754,13.3845169999778</coordinates></Point>
  </Placemark>
  <Placemark>
	<ExtendedData><SchemaData schemaUrl="#telemetric_weather_station">
		<SimpleData name="OBJECTID">250</SimpleData>
		<SimpleData name="KGISCode">29566055036052000000RDDMCPUSCRTWS0001</SimpleData>
		<SimpleData name="KGISTM_Weather_StationID">646</SimpleData>
		<SimpleData name="DepartmentCode">646</SimpleData>
		<SimpleData name="TM_Weather_StationName">Molakalmuru</SimpleData>
		<SimpleData name="KGISVillageID">8658</SimpleData>
	</SchemaData></ExtendedData>
      <Point><coordinates>76.7042219999117,14.7368129997118</coordinates></Point>
  </Placemark>
  <Placemark>
	<ExtendedData><SchemaData schemaUrl="#telemetric_weather_station">
		<SimpleData name="OBJECTID">601</SimpleData>
		<SimpleData name="KGISCode">29571055376115690000RDDMCPUSCRTWS0001</SimpleData>
		<SimpleData name="KGISTM_Weather_StationID">647</SimpleData>
		<SimpleData name="DepartmentCode">647</SimpleData>
		<SimpleData name="TM_Weather_StationName">Gulur</SimpleData>
		<SimpleData name="KGISVillageID">28400</SimpleData>
	</SchemaData></ExtendedData>
      <Point><coordinates>77.0935060001398,13.2902399998811</coordinates></Point>
  </Placemark>
  <Placemark>
	<ExtendedData><SchemaData schemaUrl="#telemetric_weather_station">
		<SimpleData name="OBJECTID">462</SimpleData>
		<SimpleData name="KGISCode">29584056066261860000RDDMCPUSCRTWS0001</SimpleData>
		<SimpleData name="KGISTM_Weather_StationID">648</SimpleData>
		<SimpleData name="DepartmentCode">648</SimpleData>
		<SimpleData name="TM_Weather_StationName">Bidadi</SimpleData>
		<SimpleData name="KGISVillageID">20995</SimpleData>
	</SchemaData></ExtendedData>
      <Point><coordinates>77.3876950002534,12.7979710003195</coordinates></Point>
  </Placemark>
  <Placemark>
	<ExtendedData><SchemaData schemaUrl="#telemetric_weather_station">
		<SimpleData name="OBJECTID">464</SimpleData>
		<SimpleData name="KGISCode">29584056066261690000RDDMCPUSCRTWS0001</SimpleData>
		<SimpleData name="KGISTM_Weather_StationID">649</SimpleData>
		<SimpleData name="DepartmentCode">649</SimpleData>
		<SimpleData name="TM_Weather_StationName">Kylanch</SimpleData>
		<SimpleData name="KGISVillageID">21095</SimpleData>
	</SchemaData></ExtendedData>
      <Point><coordinates>77.3276290004571,12.6664900000059</coordinates></Point>
  </Placemark>
  <Placemark>
	<ExtendedData><SchemaData schemaUrl="#telemetric_weather_station">
		<SimpleData name="OBJECTID">534</SimpleData>
		<SimpleData name="KGISCode">29576055668031870000RDDMCPUSCRTWS0001</SimpleData>
		<SimpleData name="KGISTM_Weather_StationID">65</SimpleData>
		<SimpleData name="DepartmentCode">65</SimpleData>
		<SimpleData name="TM_Weather_StationName">Madikeri</SimpleData>
		<SimpleData name="KGISVillageID">25548</SimpleData>
	</SchemaData></ExtendedData>
      <Point><coordinates>75.7333310422161,12.4151561390398</coordinates></Point>
  </Placemark>
  <Placemark>
	<ExtendedData><SchemaData schemaUrl="#telemetric_weather_station">
		<SimpleData name="OBJECTID">463</SimpleData>
		<SimpleData name="KGISCode">29584056068032380000RDDMCPUSCRTWS0001</SimpleData>
		<SimpleData name="KGISTM_Weather_StationID">650</SimpleData>
		<SimpleData name="DepartmentCode">650</SimpleData>
		<SimpleData name="TM_Weather_StationName">Ramanagara</SimpleData>
		<SimpleData name="KGISVillageID">21051</SimpleData>
	</SchemaData></ExtendedData>
      <Point><coordinates>77.2832999999938,12.7238230000492</coordinates></Point>
  </Placemark>
  <Placemark>
	<ExtendedData><SchemaData schemaUrl="#telemetric_weather_station">
		<SimpleData name="OBJECTID">731</SimpleData>
		<SimpleData name="KGISCode">29584056076262580000RDDMCPUSCRTWS0001</SimpleData>
		<SimpleData name="KGISTM_Weather_StationID">651</SimpleData>
		<SimpleData name="DepartmentCode">651</SimpleData>
		<SimpleData name="TM_Weather_StationName">Channapatna</SimpleData>
		<SimpleData name="KGISVillageID">32425</SimpleData>
	</SchemaData></ExtendedData>
      <Point><coordinates>77.2032249998126,12.6503610003837</coordinates></Point>
  </Placemark>
  <Placemark>
	<ExtendedData><SchemaData schemaUrl="#telemetric_weather_station">
		<SimpleData name="OBJECTID">678</SimpleData>
		<SimpleData name="KGISCode">29584056076262160000RDDMCPUSCRTWS0001</SimpleData>
		<SimpleData name="KGISTM_Weather_StationID">652</SimpleData>
		<SimpleData name="DepartmentCode">652</SimpleData>
		<SimpleData name="TM_Weather_StationName">Mallur</SimpleData>
		<SimpleData name="KGISVillageID">31454</SimpleData>
	</SchemaData></ExtendedData>
      <Point><coordinates>77.1306490001555,12.6456330000964</coordinates></Point>
  </Placemark>
  <Placemark>
	<ExtendedData><SchemaData schemaUrl="#telemetric_weather_station">
		<SimpleData name="OBJECTID">467</SimpleData>
		<SimpleData name="KGISCode">29584056086264180000RDDMCPUSCRTWS0001</SimpleData>
		<SimpleData name="KGISTM_Weather_StationID">653</SimpleData>
		<SimpleData name="DepartmentCode">653</SimpleData>
		<SimpleData name="TM_Weather_StationName">Doddamaralwadi</SimpleData>
		<SimpleData name="KGISVillageID">21390</SimpleData>
	</SchemaData></ExtendedData>
      <Point><coordinates>77.5257080003962,12.6091390001626</coordinates></Point>
  </Placemark>
  <Placemark>
	<ExtendedData><SchemaData schemaUrl="#telemetric_weather_station">
		<SimpleData name="OBJECTID">618</SimpleData>
		<SimpleData name="KGISCode">29584056086263550000RDDMCPUSCRTWS0001</SimpleData>
		<SimpleData name="KGISTM_Weather_StationID">654</SimpleData>
		<SimpleData name="DepartmentCode">654</SimpleData>
		<SimpleData name="TM_Weather_StationName">Harohalli</SimpleData>
		<SimpleData name="KGISVillageID">29489</SimpleData>
	</SchemaData></ExtendedData>
      <Point><coordinates>77.4729999995651,12.6783190000933</coordinates></Point>
  </Placemark>
  <Placemark>
	<ExtendedData><SchemaData schemaUrl="#telemetric_weather_station">
		<SimpleData name="OBJECTID">466</SimpleData>
		<SimpleData name="KGISCode">29584056086266090000RDDMCPUSCRTWS0001</SimpleData>
		<SimpleData name="KGISTM_Weather_StationID">655</SimpleData>
		<SimpleData name="DepartmentCode">655</SimpleData>
		<SimpleData name="TM_Weather_StationName">Kodihalli</SimpleData>
		<SimpleData name="KGISVillageID">21351</SimpleData>
	</SchemaData></ExtendedData>
      <Point><coordinates>77.4969539999862,12.432447000104</coordinates></Point>
  </Placemark>
  <Placemark>
	<ExtendedData><SchemaData schemaUrl="#telemetric_weather_station">
		<SimpleData name="OBJECTID">468</SimpleData>
		<SimpleData name="KGISCode">29584056086265260000RDDMCPUSCRTWS0001</SimpleData>
		<SimpleData name="KGISTM_Weather_StationID">656</SimpleData>
		<SimpleData name="DepartmentCode">656</SimpleData>
		<SimpleData name="TM_Weather_StationName">Satanuru</SimpleData>
		<SimpleData name="KGISVillageID">21437</SimpleData>
	</SchemaData></ExtendedData>
      <Point><coordinates>77.3215483263302,12.4473616386059</coordinates></Point>
  </Placemark>
  <Placemark>
	<ExtendedData><SchemaData schemaUrl="#telemetric_weather_station">
		<SimpleData name="OBJECTID">469</SimpleData>
		<SimpleData name="KGISCode">29584056086265590000RDDMCPUSCRTWS0001</SimpleData>
		<SimpleData name="KGISTM_Weather_StationID">657</SimpleData>
		<SimpleData name="DepartmentCode">657</SimpleData>
		<SimpleData name="TM_Weather_StationName">Uyyamballi</SimpleData>
		<SimpleData name="KGISVillageID">21467</SimpleData>
	</SchemaData></ExtendedData>
      <Point><coordinates>77.3980480001208,12.3865780003513</coordinates></Point>
  </Placemark>
  <Placemark>
	<ExtendedData><SchemaData schemaUrl="#telemetric_weather_station">
		<SimpleData name="OBJECTID">457</SimpleData>
		<SimpleData name="KGISCode">29584056056260460000RDDMCPUSCRTWS0001</SimpleData>
		<SimpleData name="KGISTM_Weather_StationID">658</SimpleData>
		<SimpleData name="DepartmentCode">658</SimpleData>
		<SimpleData name="TM_Weather_StationName">Kuduru</SimpleData>
		<SimpleData name="KGISVillageID">20814</SimpleData>
	</SchemaData></ExtendedData>
      <Point><coordinates>77.1652780004111,13.1096299998776</coordinates></Point>
  </Placemark>
  <Placemark>
	<ExtendedData><SchemaData schemaUrl="#telemetric_weather_station">
		<SimpleData name="OBJECTID">617</SimpleData>
		<SimpleData name="KGISCode">29584056056259600000RDDMCPUSCRTWS0001</SimpleData>
		<SimpleData name="KGISTM_Weather_StationID">659</SimpleData>
		<SimpleData name="DepartmentCode">659</SimpleData>
		<SimpleData name="TM_Weather_StationName">Magadi</SimpleData>
		<SimpleData name="KGISVillageID">29403</SimpleData>
	</SchemaData></ExtendedData>
      <Point><coordinates>77.2259520004372,12.9565649998794</coordinates></Point>
  </Placemark>
  <Placemark>
	<ExtendedData><SchemaData schemaUrl="#telemetric_weather_station">
		<SimpleData name="OBJECTID">538</SimpleData>
		<SimpleData name="KGISCode">29577055698031910000RDDMCPUSCRTWS0001</SimpleData>
		<SimpleData name="KGISTM_Weather_StationID">66</SimpleData>
		<SimpleData name="DepartmentCode">66</SimpleData>
		<SimpleData name="TM_Weather_StationName">Periyapatna</SimpleData>
		<SimpleData name="KGISVillageID">25750</SimpleData>
	</SchemaData></ExtendedData>
      <Point><coordinates>76.0953759996597,12.3373740003011</coordinates></Point>
  </Placemark>
  <Placemark>
	<ExtendedData><SchemaData schemaUrl="#telemetric_weather_station">
		<SimpleData name="OBJECTID">460</SimpleData>
		<SimpleData name="KGISCode">29584056056258880000RDDMCPUSCRTWS0001</SimpleData>
		<SimpleData name="KGISTM_Weather_StationID">660</SimpleData>
		<SimpleData name="DepartmentCode">660</SimpleData>
		<SimpleData name="TM_Weather_StationName">Solur</SimpleData>
		<SimpleData name="KGISVillageID">20945</SimpleData>
	</SchemaData></ExtendedData>
      <Point><coordinates>77.2456639998089,13.0712790004321</coordinates></Point>
  </Placemark>
  <Placemark>
	<ExtendedData><SchemaData schemaUrl="#telemetric_weather_station">
		<SimpleData name="OBJECTID">461</SimpleData>
		<SimpleData name="KGISCode">29584056056257840000RDDMCPUSCRTWS0001</SimpleData>
		<SimpleData name="KGISTM_Weather_StationID">661</SimpleData>
		<SimpleData name="DepartmentCode">661</SimpleData>
		<SimpleData name="TM_Weather_StationName">Thippasandra</SimpleData>
		<SimpleData name="KGISVillageID">20985</SimpleData>
	</SchemaData></ExtendedData>
      <Point><coordinates>77.1270179997693,13.0622060002764</coordinates></Point>
  </Placemark>
  <Placemark>
	<ExtendedData><SchemaData schemaUrl="#telemetric_weather_station">
		<SimpleData name="OBJECTID">459</SimpleData>
		<SimpleData name="KGISCode">29584056056260400000RDDMCPUSCRTWS0001</SimpleData>
		<SimpleData name="KGISTM_Weather_StationID">662</SimpleData>
		<SimpleData name="DepartmentCode">662</SimpleData>
		<SimpleData name="TM_Weather_StationName">Madabala</SimpleData>
		<SimpleData name="KGISVillageID">20888</SimpleData>
	</SchemaData></ExtendedData>
      <Point><coordinates>77.3207465269861,12.9133776493422</coordinates></Point>
  </Placemark>
  <Placemark>
	<ExtendedData><SchemaData schemaUrl="#telemetric_weather_station">
		<SimpleData name="OBJECTID">539</SimpleData>
		<SimpleData name="KGISCode">29577055696181950000RDDMCPUSCRTWS0001</SimpleData>
		<SimpleData name="KGISTM_Weather_StationID">663</SimpleData>
		<SimpleData name="DepartmentCode">663</SimpleData>
		<SimpleData name="TM_Weather_StationName">Ravandur</SimpleData>
		<SimpleData name="KGISVillageID">25795</SimpleData>
	</SchemaData></ExtendedData>
      <Point><coordinates>76.1921549995784,12.4331459998114</coordinates></Point>
  </Placemark>
  <Placemark>
	<ExtendedData><SchemaData schemaUrl="#telemetric_weather_station">
		<SimpleData name="OBJECTID">631</SimpleData>
		<SimpleData name="KGISCode">29577055716186380000RDDMCPUSCRTWS0001</SimpleData>
		<SimpleData name="KGISTM_Weather_StationID">664</SimpleData>
		<SimpleData name="DepartmentCode">664</SimpleData>
		<SimpleData name="TM_Weather_StationName">Hebbal</SimpleData>
		<SimpleData name="KGISVillageID">30135</SimpleData>
	</SchemaData></ExtendedData>
      <Point><coordinates>76.3504470000564,12.4620749998197</coordinates></Point>
  </Placemark>
  <Placemark>
	<ExtendedData><SchemaData schemaUrl="#telemetric_weather_station">
		<SimpleData name="OBJECTID">739</SimpleData>
		<SimpleData name="KGISCode">29577055756193270000RDDMCPUSCRTWS0001</SimpleData>
		<SimpleData name="KGISTM_Weather_StationID">665</SimpleData>
		<SimpleData name="DepartmentCode">665</SimpleData>
		<SimpleData name="TM_Weather_StationName">Bannur</SimpleData>
		<SimpleData name="KGISVillageID">32561</SimpleData>
	</SchemaData></ExtendedData>
      <Point><coordinates>76.8643950002003,12.3309879998107</coordinates></Point>
  </Placemark>
  <Placemark>
	<ExtendedData><SchemaData schemaUrl="#telemetric_weather_station">
		<SimpleData name="OBJECTID">525</SimpleData>
		<SimpleData name="KGISCode">29575055626176050000RDDMCPUSCRTWS0001</SimpleData>
		<SimpleData name="KGISTM_Weather_StationID">666</SimpleData>
		<SimpleData name="DepartmentCode">666</SimpleData>
		<SimpleData name="TM_Weather_StationName">Vittal</SimpleData>
		<SimpleData name="KGISVillageID">25349</SimpleData>
	</SchemaData></ExtendedData>
      <Point><coordinates>75.1071669995881,12.7481870002227</coordinates></Point>
  </Placemark>
  <Placemark>
	<ExtendedData><SchemaData schemaUrl="#telemetric_weather_station">
		<SimpleData name="OBJECTID">308</SimpleData>
		<SimpleData name="KGISCode">29568055186080320000RDDMCPUSCRTWS0001</SimpleData>
		<SimpleData name="KGISTM_Weather_StationID">667</SimpleData>
		<SimpleData name="DepartmentCode">667</SimpleData>
		<SimpleData name="TM_Weather_StationName">Nagara</SimpleData>
		<SimpleData name="KGISVillageID">11389</SimpleData>
	</SchemaData></ExtendedData>
      <Point><coordinates>75.0345830003042,13.8213130003343</coordinates></Point>
  </Placemark>
  <Placemark>
	<ExtendedData><SchemaData schemaUrl="#telemetric_weather_station">
		<SimpleData name="OBJECTID">719</SimpleData>
		<SimpleData name="KGISCode">29559054636011550000RDDMCPUSCRTWS0001</SimpleData>
		<SimpleData name="KGISTM_Weather_StationID">668</SimpleData>
		<SimpleData name="DepartmentCode">668</SimpleData>
		<SimpleData name="TM_Weather_StationName">Jawalgera</SimpleData>
		<SimpleData name="KGISVillageID">32159</SimpleData>
	</SchemaData></ExtendedData>
      <Point><coordinates>76.8143649995693,15.8642430002508</coordinates></Point>
  </Placemark>
  <Placemark>
	<ExtendedData><SchemaData schemaUrl="#telemetric_weather_station">
		<SimpleData name="OBJECTID">280</SimpleData>
		<SimpleData name="KGISCode">29567055136067130000RDDMCPUSCRTWS0001</SimpleData>
		<SimpleData name="KGISTM_Weather_StationID">669</SimpleData>
		<SimpleData name="DepartmentCode">669</SimpleData>
		<SimpleData name="TM_Weather_StationName">Belagutti</SimpleData>
		<SimpleData name="KGISVillageID">10100</SimpleData>
	</SchemaData></ExtendedData>
      <Point><coordinates>75.5173610001593,14.1876160002491</coordinates></Point>
  </Placemark>
  <Placemark>
	<ExtendedData><SchemaData schemaUrl="#telemetric_weather_station">
		<SimpleData name="OBJECTID">542</SimpleData>
		<SimpleData name="KGISCode">29577055706184180000RDDMCPUSCRTWS0001</SimpleData>
		<SimpleData name="KGISTM_Weather_StationID">67</SimpleData>
		<SimpleData name="DepartmentCode">67</SimpleData>
		<SimpleData name="TM_Weather_StationName">Hunsur</SimpleData>
		<SimpleData name="KGISVillageID">25956</SimpleData>
	</SchemaData></ExtendedData>
      <Point><coordinates>76.2939879999419,12.3033690004342</coordinates></Point>
  </Placemark>
  <Placemark>
	<ExtendedData><SchemaData schemaUrl="#telemetric_weather_station">
		<SimpleData name="OBJECTID">288</SimpleData>
		<SimpleData name="KGISCode">29567055146069870000RDDMCPUSCRTWS0001</SimpleData>
		<SimpleData name="KGISTM_Weather_StationID">670</SimpleData>
		<SimpleData name="DepartmentCode">670</SimpleData>
		<SimpleData name="TM_Weather_StationName">Santebannur(2) Devarahalli</SimpleData>
		<SimpleData name="KGISVillageID">10404</SimpleData>
	</SchemaData></ExtendedData>
      <Point><coordinates>75.9698059996204,14.1028870000089</coordinates></Point>
  </Placemark>
  <Placemark>
	<ExtendedData><SchemaData schemaUrl="#telemetric_weather_station">
		<SimpleData name="OBJECTID">287</SimpleData>
		<SimpleData name="KGISCode">29567055146070540000RDDMCPUSCRTWS0001</SimpleData>
		<SimpleData name="KGISTM_Weather_StationID">671</SimpleData>
		<SimpleData name="DepartmentCode">671</SimpleData>
		<SimpleData name="TM_Weather_StationName">Channageri</SimpleData>
		<SimpleData name="KGISVillageID">10357</SimpleData>
	</SchemaData></ExtendedData>
      <Point><coordinates>75.9265809995455,14.0230859996439</coordinates></Point>
  </Placemark>
  <Placemark>
	<ExtendedData><SchemaData schemaUrl="#telemetric_weather_station">
		<SimpleData name="OBJECTID">541</SimpleData>
		<SimpleData name="KGISCode">29577055706183690000RDDMCPUSCRTWS0001</SimpleData>
		<SimpleData name="KGISTM_Weather_StationID">672</SimpleData>
		<SimpleData name="DepartmentCode">672</SimpleData>
		<SimpleData name="TM_Weather_StationName">Hanagodu</SimpleData>
		<SimpleData name="KGISVillageID">25903</SimpleData>
	</SchemaData></ExtendedData>
      <Point><coordinates>76.1877859999287,12.2381689996145</coordinates></Point>
  </Placemark>
  <Placemark>
	<ExtendedData><SchemaData schemaUrl="#telemetric_weather_station">
		<SimpleData name="OBJECTID">545</SimpleData>
		<SimpleData name="KGISCode">29577055716185580000RDDMCPUSCRTWS0001</SimpleData>
		<SimpleData name="KGISTM_Weather_StationID">673</SimpleData>
		<SimpleData name="DepartmentCode">673</SimpleData>
		<SimpleData name="TM_Weather_StationName">Mirle</SimpleData>
		<SimpleData name="KGISVillageID">26094</SimpleData>
	</SchemaData></ExtendedData>
      <Point><coordinates>76.3259850001093,12.539062999701</coordinates></Point>
  </Placemark>
  <Placemark>
	<ExtendedData><SchemaData schemaUrl="#telemetric_weather_station">
		<SimpleData name="OBJECTID">546</SimpleData>
		<SimpleData name="KGISCode">29577055716185300000RDDMCPUSCRTWS0001</SimpleData>
		<SimpleData name="KGISTM_Weather_StationID">674</SimpleData>
		<SimpleData name="DepartmentCode">674</SimpleData>
		<SimpleData name="TM_Weather_StationName">Saligrama</SimpleData>
		<SimpleData name="KGISVillageID">26124</SimpleData>
	</SchemaData></ExtendedData>
      <Point><coordinates>76.2628040000765,12.5594579997533</coordinates></Point>
  </Placemark>
  <Placemark>
	<ExtendedData><SchemaData schemaUrl="#telemetric_weather_station">
		<SimpleData name="OBJECTID">548</SimpleData>
		<SimpleData name="KGISCode">29577055728031940000RDDMCPUSCRTWS0001</SimpleData>
		<SimpleData name="KGISTM_Weather_StationID">675</SimpleData>
		<SimpleData name="DepartmentCode">675</SimpleData>
		<SimpleData name="TM_Weather_StationName">Mysore</SimpleData>
		<SimpleData name="KGISVillageID">26238</SimpleData>
	</SchemaData></ExtendedData>
      <Point><coordinates>76.6434589998891,12.3128399999875</coordinates></Point>
  </Placemark>
  <Placemark>
	<ExtendedData><SchemaData schemaUrl="#telemetric_weather_station">
		<SimpleData name="OBJECTID">537</SimpleData>
		<SimpleData name="KGISCode">29577055696181130000RDDMCPUSCRTWS0001</SimpleData>
		<SimpleData name="KGISTM_Weather_StationID">676</SimpleData>
		<SimpleData name="DepartmentCode">676</SimpleData>
		<SimpleData name="TM_Weather_StationName">Haranahalli</SimpleData>
		<SimpleData name="KGISVillageID">25681</SimpleData>
	</SchemaData></ExtendedData>
      <Point><coordinates>76.0432580003759,12.4982539997517</coordinates></Point>
  </Placemark>
  <Placemark>
	<ExtendedData><SchemaData schemaUrl="#telemetric_weather_station">
		<SimpleData name="OBJECTID">621</SimpleData>
		<SimpleData name="KGISCode">29573055466136520000RDDMCPUSCRTWS0001</SimpleData>
		<SimpleData name="KGISTM_Weather_StationID">677</SimpleData>
		<SimpleData name="DepartmentCode">677</SimpleData>
		<SimpleData name="TM_Weather_StationName">Bukinkere</SimpleData>
		<SimpleData name="KGISVillageID">29510</SimpleData>
	</SchemaData></ExtendedData>
      <Point><coordinates>76.5265140003063,12.5618110001405</coordinates></Point>
  </Placemark>
  <Placemark>
	<ExtendedData><SchemaData schemaUrl="#telemetric_weather_station">
		<SimpleData name="OBJECTID">622</SimpleData>
		<SimpleData name="KGISCode">29573055466133990000RDDMCPUSCRTWS0001</SimpleData>
		<SimpleData name="KGISTM_Weather_StationID">678</SimpleData>
		<SimpleData name="DepartmentCode">678</SimpleData>
		<SimpleData name="TM_Weather_StationName">Kikkeri</SimpleData>
		<SimpleData name="KGISVillageID">29534</SimpleData>
	</SchemaData></ExtendedData>
      <Point><coordinates>76.4268330001643,12.7641809997408</coordinates></Point>
  </Placemark>
  <Placemark>
	<ExtendedData><SchemaData schemaUrl="#telemetric_weather_station">
		<SimpleData name="OBJECTID">471</SimpleData>
		<SimpleData name="KGISCode">29573055466134320000RDDMCPUSCRTWS0001</SimpleData>
		<SimpleData name="KGISTM_Weather_StationID">679</SimpleData>
		<SimpleData name="DepartmentCode">679</SimpleData>
		<SimpleData name="TM_Weather_StationName">Santhebachahalli</SimpleData>
		<SimpleData name="KGISVillageID">21700</SimpleData>
	</SchemaData></ExtendedData>
      <Point><coordinates>76.5849099999293,12.8095099998941</coordinates></Point>
  </Placemark>
  <Placemark>
	<ExtendedData><SchemaData schemaUrl="#telemetric_weather_station">
		<SimpleData name="OBJECTID">235</SimpleData>
		<SimpleData name="KGISCode">29565054988031090000RDDMCPUSCRTWS0001</SimpleData>
		<SimpleData name="KGISTM_Weather_StationID">68</SimpleData>
		<SimpleData name="DepartmentCode">68</SimpleData>
		<SimpleData name="TM_Weather_StationName">Hospet</SimpleData>
		<SimpleData name="KGISVillageID">8254</SimpleData>
	</SchemaData></ExtendedData>
      <Point><coordinates>76.390000999951,15.2621700001593</coordinates></Point>
  </Placemark>
  <Placemark>
	<ExtendedData><SchemaData schemaUrl="#telemetric_weather_station">
		<SimpleData name="OBJECTID">472</SimpleData>
		<SimpleData name="KGISCode">29573055466135120000RDDMCPUSCRTWS0001</SimpleData>
		<SimpleData name="KGISTM_Weather_StationID">680</SimpleData>
		<SimpleData name="DepartmentCode">680</SimpleData>
		<SimpleData name="TM_Weather_StationName">Seelnere</SimpleData>
		<SimpleData name="KGISVillageID">21745</SimpleData>
	</SchemaData></ExtendedData>
      <Point><coordinates>76.5603039998116,12.6293420000868</coordinates></Point>
  </Placemark>
  <Placemark>
	<ExtendedData><SchemaData schemaUrl="#telemetric_weather_station">
		<SimpleData name="OBJECTID">482</SimpleData>
		<SimpleData name="KGISCode">29573055516145780000RDDMCPUSCRTWS0001</SimpleData>
		<SimpleData name="KGISTM_Weather_StationID">681</SimpleData>
		<SimpleData name="DepartmentCode">681</SimpleData>
		<SimpleData name="TM_Weather_StationName">Maddur</SimpleData>
		<SimpleData name="KGISVillageID">22621</SimpleData>
	</SchemaData></ExtendedData>
      <Point><coordinates>77.0652490003543,12.6130280004041</coordinates></Point>
  </Placemark>
  <Placemark>
	<ExtendedData><SchemaData schemaUrl="#telemetric_weather_station">
		<SimpleData name="OBJECTID">481</SimpleData>
		<SimpleData name="KGISCode">29573055516146230000RDDMCPUSCRTWS0001</SimpleData>
		<SimpleData name="KGISTM_Weather_StationID">682</SimpleData>
		<SimpleData name="DepartmentCode">682</SimpleData>
		<SimpleData name="TM_Weather_StationName">Chikkarasinakere</SimpleData>
		<SimpleData name="KGISVillageID">22560</SimpleData>
	</SchemaData></ExtendedData>
      <Point><coordinates>77.0405910004147,12.5090240001048</coordinates></Point>
  </Placemark>
  <Placemark>
	<ExtendedData><SchemaData schemaUrl="#telemetric_weather_station">
		<SimpleData name="OBJECTID">485</SimpleData>
		<SimpleData name="KGISCode">29573055526147750000RDDMCPUSCRTWS0001</SimpleData>
		<SimpleData name="KGISTM_Weather_StationID">683</SimpleData>
		<SimpleData name="DepartmentCode">683</SimpleData>
		<SimpleData name="TM_Weather_StationName">Halagur</SimpleData>
		<SimpleData name="KGISVillageID">22717</SimpleData>
	</SchemaData></ExtendedData>
      <Point><coordinates>77.2290720003508,12.423855000156</coordinates></Point>
  </Placemark>
  <Placemark>
	<ExtendedData><SchemaData schemaUrl="#telemetric_weather_station">
		<SimpleData name="OBJECTID">487</SimpleData>
		<SimpleData name="KGISCode">29573055526146800000RDDMCPUSCRTWS0001</SimpleData>
		<SimpleData name="KGISTM_Weather_StationID">684</SimpleData>
		<SimpleData name="DepartmentCode">684</SimpleData>
		<SimpleData name="TM_Weather_StationName">Kirugaval</SimpleData>
		<SimpleData name="KGISVillageID">22802</SimpleData>
	</SchemaData></ExtendedData>
      <Point><coordinates>76.9492519995433,12.3716919995709</coordinates></Point>
  </Placemark>
  <Placemark>
	<ExtendedData><SchemaData schemaUrl="#telemetric_weather_station">
		<SimpleData name="OBJECTID">676</SimpleData>
		<SimpleData name="KGISCode">29573055508031680000RDDMCPUSCRTWS0001</SimpleData>
		<SimpleData name="KGISTM_Weather_StationID">685</SimpleData>
		<SimpleData name="DepartmentCode">685</SimpleData>
		<SimpleData name="TM_Weather_StationName">Mandya</SimpleData>
		<SimpleData name="KGISVillageID">31419</SimpleData>
	</SchemaData></ExtendedData>
      <Point><coordinates>76.8956559998639,12.5255039996749</coordinates></Point>
  </Placemark>
  <Placemark>
	<ExtendedData><SchemaData schemaUrl="#telemetric_weather_station">
		<SimpleData name="OBJECTID">734</SimpleData>
		<SimpleData name="KGISCode">29573055506143490000RDDMCPUSCRTWS0001</SimpleData>
		<SimpleData name="KGISTM_Weather_StationID">686</SimpleData>
		<SimpleData name="DepartmentCode">686</SimpleData>
		<SimpleData name="TM_Weather_StationName">Basaral</SimpleData>
		<SimpleData name="KGISVillageID">32454</SimpleData>
	</SchemaData></ExtendedData>
      <Point><coordinates>76.8197990002244,12.7067640002458</coordinates></Point>
  </Placemark>
  <Placemark>
	<ExtendedData><SchemaData schemaUrl="#telemetric_weather_station">
		<SimpleData name="OBJECTID">478</SimpleData>
		<SimpleData name="KGISCode">29573055506144300000RDDMCPUSCRTWS0001</SimpleData>
		<SimpleData name="KGISTM_Weather_StationID">687</SimpleData>
		<SimpleData name="DepartmentCode">687</SimpleData>
		<SimpleData name="TM_Weather_StationName">Dudda</SimpleData>
		<SimpleData name="KGISVillageID">22410</SimpleData>
	</SchemaData></ExtendedData>
      <Point><coordinates>76.7984839995457,12.6067119999091</coordinates></Point>
  </Placemark>
  <Placemark>
	<ExtendedData><SchemaData schemaUrl="#telemetric_weather_station">
		<SimpleData name="OBJECTID">479</SimpleData>
		<SimpleData name="KGISCode">29573055506143670000RDDMCPUSCRTWS0001</SimpleData>
		<SimpleData name="KGISTM_Weather_StationID">688</SimpleData>
		<SimpleData name="DepartmentCode">688</SimpleData>
		<SimpleData name="TM_Weather_StationName">Keregodu</SimpleData>
		<SimpleData name="KGISVillageID">22476</SimpleData>
	</SchemaData></ExtendedData>
      <Point><coordinates>76.9144580003747,12.6340090000415</coordinates></Point>
  </Placemark>
  <Placemark>
	<ExtendedData><SchemaData schemaUrl="#telemetric_weather_station">
		<SimpleData name="OBJECTID">484</SimpleData>
		<SimpleData name="KGISCode">29573055526148260000RDDMCPUSCRTWS0001</SimpleData>
		<SimpleData name="KGISTM_Weather_StationID">689</SimpleData>
		<SimpleData name="DepartmentCode">689</SimpleData>
		<SimpleData name="TM_Weather_StationName">Boppa Gowdana Pura</SimpleData>
		<SimpleData name="KGISVillageID">22671</SimpleData>
	</SchemaData></ExtendedData>
      <Point><coordinates>77.0755510000376,12.2557100002581</coordinates></Point>
  </Placemark>
  <Placemark>
	<ExtendedData><SchemaData schemaUrl="#telemetric_weather_station">
		<SimpleData name="OBJECTID">316</SimpleData>
		<SimpleData name="KGISCode">29568055208031370000RDDMCPUSCRTWS0001</SimpleData>
		<SimpleData name="KGISTM_Weather_StationID">69</SimpleData>
		<SimpleData name="DepartmentCode">69</SimpleData>
		<SimpleData name="TM_Weather_StationName">Shimoga</SimpleData>
		<SimpleData name="KGISVillageID">11771</SimpleData>
	</SchemaData></ExtendedData>
      <Point><coordinates>75.5728689998621,13.9314770002431</coordinates></Point>
  </Placemark>
  <Placemark>
	<ExtendedData><SchemaData schemaUrl="#telemetric_weather_station">
		<SimpleData name="OBJECTID">474</SimpleData>
		<SimpleData name="KGISCode">29573055476139330000RDDMCPUSCRTWS0001</SimpleData>
		<SimpleData name="KGISTM_Weather_StationID">690</SimpleData>
		<SimpleData name="DepartmentCode">690</SimpleData>
		<SimpleData name="TM_Weather_StationName">Devalapura</SimpleData>
		<SimpleData name="KGISVillageID">21916</SimpleData>
	</SchemaData></ExtendedData>
      <Point><coordinates>76.8695570000945,12.8157369997094</coordinates></Point>
  </Placemark>
  <Placemark>
	<ExtendedData><SchemaData schemaUrl="#telemetric_weather_station">
		<SimpleData name="OBJECTID">623</SimpleData>
		<SimpleData name="KGISCode">29573055476140350000RDDMCPUSCRTWS0001</SimpleData>
		<SimpleData name="KGISTM_Weather_StationID">691</SimpleData>
		<SimpleData name="DepartmentCode">691</SimpleData>
		<SimpleData name="TM_Weather_StationName">Honakere</SimpleData>
		<SimpleData name="KGISVillageID">29560</SimpleData>
	</SchemaData></ExtendedData>
      <Point><coordinates>76.7033769996356,12.711491000348</coordinates></Point>
  </Placemark>
  <Placemark>
	<ExtendedData><SchemaData schemaUrl="#telemetric_weather_station">
		<SimpleData name="OBJECTID">476</SimpleData>
		<SimpleData name="KGISCode">29573055486141190000RDDMCPUSCRTWS0001</SimpleData>
		<SimpleData name="KGISTM_Weather_StationID">692</SimpleData>
		<SimpleData name="DepartmentCode">692</SimpleData>
		<SimpleData name="TM_Weather_StationName">Chinakurali</SimpleData>
		<SimpleData name="KGISVillageID">22117</SimpleData>
	</SchemaData></ExtendedData>
      <Point><coordinates>76.600981999603,12.5399040003293</coordinates></Point>
  </Placemark>
  <Placemark>
	<ExtendedData><SchemaData schemaUrl="#telemetric_weather_station">
		<SimpleData name="OBJECTID">733</SimpleData>
		<SimpleData name="KGISCode">29573055486140530000RDDMCPUSCRTWS0001</SimpleData>
		<SimpleData name="KGISTM_Weather_StationID">693</SimpleData>
		<SimpleData name="DepartmentCode">693</SimpleData>
		<SimpleData name="TM_Weather_StationName">Melukote</SimpleData>
		<SimpleData name="KGISVillageID">32450</SimpleData>
	</SchemaData></ExtendedData>
      <Point><coordinates>76.6494460000296,12.6607090001666</coordinates></Point>
  </Placemark>
  <Placemark>
	<ExtendedData><SchemaData schemaUrl="#telemetric_weather_station">
		<SimpleData name="OBJECTID">445</SimpleData>
		<SimpleData name="KGISCode">29572055456133590000RDDMCPUSCRTWS0001</SimpleData>
		<SimpleData name="KGISTM_Weather_StationID">694</SimpleData>
		<SimpleData name="DepartmentCode">694</SimpleData>
		<SimpleData name="TM_Weather_StationName">Attibele</SimpleData>
		<SimpleData name="KGISVillageID">19423</SimpleData>
	</SchemaData></ExtendedData>
      <Point><coordinates>77.7735200003178,12.7754019999377</coordinates></Point>
  </Placemark>
  <Placemark>
	<ExtendedData><SchemaData schemaUrl="#telemetric_weather_station">
		<SimpleData name="OBJECTID">447</SimpleData>
		<SimpleData name="KGISCode">29572055456133580000RDDMCPUSCRTWS0001</SimpleData>
		<SimpleData name="KGISTM_Weather_StationID">695</SimpleData>
		<SimpleData name="DepartmentCode">695</SimpleData>
		<SimpleData name="TM_Weather_StationName">Sarjapur</SimpleData>
		<SimpleData name="KGISVillageID">19719</SimpleData>
	</SchemaData></ExtendedData>
      <Point><coordinates>77.7881039996381,12.8599349998701</coordinates></Point>
  </Placemark>
  <Placemark>
	<ExtendedData><SchemaData schemaUrl="#telemetric_weather_station">
		<SimpleData name="OBJECTID">727</SimpleData>
		<SimpleData name="KGISCode">29572055446130830000RDDMCPUSCRTWS0001</SimpleData>
		<SimpleData name="KGISTM_Weather_StationID">696</SimpleData>
		<SimpleData name="DepartmentCode">696</SimpleData>
		<SimpleData name="TM_Weather_StationName">Bidaralli</SimpleData>
		<SimpleData name="KGISVillageID">32377</SimpleData>
	</SchemaData></ExtendedData>
      <Point><coordinates>77.7165119998637,13.0582369999283</coordinates></Point>
  </Placemark>
  <Placemark>
	<ExtendedData><SchemaData schemaUrl="#telemetric_weather_station">
		<SimpleData name="OBJECTID">611</SimpleData>
		<SimpleData name="KGISCode">29572055426129320000RDDMCPUSCRTWS0001</SimpleData>
		<SimpleData name="KGISTM_Weather_StationID">697</SimpleData>
		<SimpleData name="DepartmentCode">697</SimpleData>
		<SimpleData name="TM_Weather_StationName">Yelahanka</SimpleData>
		<SimpleData name="KGISVillageID">29095</SimpleData>
	</SchemaData></ExtendedData>
      <Point><coordinates>77.5648966639207,13.1588170642863</coordinates></Point>
  </Placemark>
  <Placemark>
	<ExtendedData><SchemaData schemaUrl="#telemetric_weather_station">
		<SimpleData name="OBJECTID">437</SimpleData>
		<SimpleData name="KGISCode">29572055428031620000RDDMCPUSCRTWS0004</SimpleData>
		<SimpleData name="KGISTM_Weather_StationID">698</SimpleData>
		<SimpleData name="DepartmentCode">698</SimpleData>
		<SimpleData name="TM_Weather_StationName">Lalbagh</SimpleData>
		<SimpleData name="KGISVillageID">19090</SimpleData>
	</SchemaData></ExtendedData>
      <Point><coordinates>77.6034359485464,12.9582268611559</coordinates></Point>
  </Placemark>
  <Placemark>
	<ExtendedData><SchemaData schemaUrl="#telemetric_weather_station">
		<SimpleData name="OBJECTID">687</SimpleData>
		<SimpleData name="KGISCode">29577055716186250000RDDMCPUSCRTWS0001</SimpleData>
		<SimpleData name="KGISTM_Weather_StationID">699</SimpleData>
		<SimpleData name="DepartmentCode">699</SimpleData>
		<SimpleData name="TM_Weather_StationName">Chunchanakatte</SimpleData>
		<SimpleData name="KGISVillageID">31724</SimpleData>
	</SchemaData></ExtendedData>
      <Point><coordinates>76.2942139998181,12.5039899998284</coordinates></Point>
  </Placemark>
  <Placemark>
	<ExtendedData><SchemaData schemaUrl="#telemetric_weather_station">
		<SimpleData name="OBJECTID">219</SimpleData>
		<SimpleData name="KGISCode">29564054926041960000RDDMCPUSCRTWS0001</SimpleData>
		<SimpleData name="KGISTM_Weather_StationID">7</SimpleData>
		<SimpleData name="DepartmentCode">7</SimpleData>
		<SimpleData name="TM_Weather_StationName">Devihosur</SimpleData>
		<SimpleData name="KGISVillageID">7800</SimpleData>
	</SchemaData></ExtendedData>
      <Point><coordinates>75.332405825381,14.7933515433084</coordinates></Point>
  </Placemark>
  <Placemark>
	<ExtendedData><SchemaData schemaUrl="#telemetric_weather_station">
		<SimpleData name="OBJECTID">710</SimpleData>
		<SimpleData name="KGISCode">29570055286091490000RDDMCPUSCRTWS0001</SimpleData>
		<SimpleData name="KGISTM_Weather_StationID">70</SimpleData>
		<SimpleData name="DepartmentCode">70</SimpleData>
		<SimpleData name="TM_Weather_StationName">Tarikere</SimpleData>
		<SimpleData name="KGISVillageID">31994</SimpleData>
	</SchemaData></ExtendedData>
      <Point><coordinates>75.8123420836408,13.7084480740893</coordinates></Point>
  </Placemark>
  <Placemark>
	<ExtendedData><SchemaData schemaUrl="#telemetric_weather_station">
		<SimpleData name="OBJECTID">543</SimpleData>
		<SimpleData name="KGISCode">29577055716185750000RDDMCPUSCRTWS0001</SimpleData>
		<SimpleData name="KGISTM_Weather_StationID">700</SimpleData>
		<SimpleData name="DepartmentCode">700</SimpleData>
		<SimpleData name="TM_Weather_StationName">Hosa Agrahara</SimpleData>
		<SimpleData name="KGISVillageID">26043</SimpleData>
	</SchemaData></ExtendedData>
      <Point><coordinates>76.3650429998982,12.5576530002661</coordinates></Point>
  </Placemark>
  <Placemark>
	<ExtendedData><SchemaData schemaUrl="#telemetric_weather_station">
		<SimpleData name="OBJECTID">738</SimpleData>
		<SimpleData name="KGISCode">29577055746191880000RDDMCPUSCRTWS0001</SimpleData>
		<SimpleData name="KGISTM_Weather_StationID">701</SimpleData>
		<SimpleData name="DepartmentCode">701</SimpleData>
		<SimpleData name="TM_Weather_StationName">Chikkaianachatra</SimpleData>
		<SimpleData name="KGISVillageID">32555</SimpleData>
	</SchemaData></ExtendedData>
      <Point><coordinates>76.6829240004156,12.1599610002692</coordinates></Point>
  </Placemark>
  <Placemark>
	<ExtendedData><SchemaData schemaUrl="#telemetric_weather_station">
		<SimpleData name="OBJECTID">554</SimpleData>
		<SimpleData name="KGISCode">29577055746191450000RDDMCPUSCRTWS0001</SimpleData>
		<SimpleData name="KGISTM_Weather_StationID">702</SimpleData>
		<SimpleData name="DepartmentCode">702</SimpleData>
		<SimpleData name="TM_Weather_StationName">Hullahalli</SimpleData>
		<SimpleData name="KGISVillageID">26669</SimpleData>
	</SchemaData></ExtendedData>
      <Point><coordinates>76.5540540994895,12.0579105846938</coordinates></Point>
  </Placemark>
  <Placemark>
	<ExtendedData><SchemaData schemaUrl="#telemetric_weather_station">
		<SimpleData name="OBJECTID">240</SimpleData>
		<SimpleData name="KGISCode">29565055006048900000RDDMCPUSCRTWS0001</SimpleData>
		<SimpleData name="KGISTM_Weather_StationID">703</SimpleData>
		<SimpleData name="DepartmentCode">703</SimpleData>
		<SimpleData name="TM_Weather_StationName">Kolur</SimpleData>
		<SimpleData name="KGISVillageID">8391</SimpleData>
	</SchemaData></ExtendedData>
      <Point><coordinates>76.9083809998143,15.2840219997335</coordinates></Point>
  </Placemark>
  <Placemark>
	<ExtendedData><SchemaData schemaUrl="#telemetric_weather_station">
		<SimpleData name="OBJECTID">241</SimpleData>
		<SimpleData name="KGISCode">29565055006048700000RDDMCPUSCRTWS0001</SimpleData>
		<SimpleData name="KGISTM_Weather_StationID">704</SimpleData>
		<SimpleData name="DepartmentCode">704</SimpleData>
		<SimpleData name="TM_Weather_StationName">Kurugodu</SimpleData>
		<SimpleData name="KGISVillageID">8408</SimpleData>
	</SchemaData></ExtendedData>
      <Point><coordinates>76.83768500031,15.3465199999916</coordinates></Point>
  </Placemark>
  <Placemark>
	<ExtendedData><SchemaData schemaUrl="#telemetric_weather_station">
		<SimpleData name="OBJECTID">242</SimpleData>
		<SimpleData name="KGISCode">29565055006048970000RDDMCPUSCRTWS0001</SimpleData>
		<SimpleData name="KGISTM_Weather_StationID">705</SimpleData>
		<SimpleData name="DepartmentCode">705</SimpleData>
		<SimpleData name="TM_Weather_StationName">Moka</SimpleData>
		<SimpleData name="KGISVillageID">8435</SimpleData>
	</SchemaData></ExtendedData>
      <Point><coordinates>77.0602079995708,15.2348559996657</coordinates></Point>
  </Placemark>
  <Placemark>
	<ExtendedData><SchemaData schemaUrl="#telemetric_weather_station">
		<SimpleData name="OBJECTID">243</SimpleData>
		<SimpleData name="KGISCode">29565055006049560000RDDMCPUSCRTWS0001</SimpleData>
		<SimpleData name="KGISTM_Weather_StationID">706</SimpleData>
		<SimpleData name="DepartmentCode">706</SimpleData>
		<SimpleData name="TM_Weather_StationName">Rupanagudi</SimpleData>
		<SimpleData name="KGISVillageID">8457</SimpleData>
	</SchemaData></ExtendedData>
      <Point><coordinates>77.0632729996135,15.0465070004285</coordinates></Point>
  </Placemark>
  <Placemark>
	<ExtendedData><SchemaData schemaUrl="#telemetric_weather_station">
		<SimpleData name="OBJECTID">228</SimpleData>
		<SimpleData name="KGISCode">29565054966045890000RDDMCPUSCRTWS0001</SimpleData>
		<SimpleData name="KGISTM_Weather_StationID">707</SimpleData>
		<SimpleData name="DepartmentCode">707</SimpleData>
		<SimpleData name="TM_Weather_StationName">Hirehadagali</SimpleData>
		<SimpleData name="KGISVillageID">8118</SimpleData>
	</SchemaData></ExtendedData>
      <Point><coordinates>75.83344599988,14.9266280002002</coordinates></Point>
  </Placemark>
  <Placemark>
	<ExtendedData><SchemaData schemaUrl="#telemetric_weather_station">
		<SimpleData name="OBJECTID">230</SimpleData>
		<SimpleData name="KGISCode">29565054966046390000RDDMCPUSCRTWS0001</SimpleData>
		<SimpleData name="KGISTM_Weather_StationID">708</SimpleData>
		<SimpleData name="DepartmentCode">708</SimpleData>
		<SimpleData name="TM_Weather_StationName">Ittigi</SimpleData>
		<SimpleData name="KGISVillageID">8154</SimpleData>
	</SchemaData></ExtendedData>
      <Point><coordinates>76.095113000138,14.950450000298</coordinates></Point>
  </Placemark>
  <Placemark>
	<ExtendedData><SchemaData schemaUrl="#telemetric_weather_station">
		<SimpleData name="OBJECTID">232</SimpleData>
		<SimpleData name="KGISCode">29565054976046750000RDDMCPUSCRTWS0001</SimpleData>
		<SimpleData name="KGISTM_Weather_StationID">709</SimpleData>
		<SimpleData name="DepartmentCode">709</SimpleData>
		<SimpleData name="TM_Weather_StationName">Hagaribommanahalli</SimpleData>
		<SimpleData name="KGISVillageID">8171</SimpleData>
	</SchemaData></ExtendedData>
      <Point><coordinates>76.1998410001815,15.0451029996991</coordinates></Point>
  </Placemark>
  <Placemark>
	<ExtendedData><SchemaData schemaUrl="#telemetric_weather_station">
		<SimpleData name="OBJECTID">494</SimpleData>
		<SimpleData name="KGISCode">29574055548031720000RDDMCPUSCRTWS0001</SimpleData>
		<SimpleData name="KGISTM_Weather_StationID">71</SimpleData>
		<SimpleData name="DepartmentCode">71</SimpleData>
		<SimpleData name="TM_Weather_StationName">Belur</SimpleData>
		<SimpleData name="KGISVillageID">23237</SimpleData>
	</SchemaData></ExtendedData>
      <Point><coordinates>75.8666870002662,13.164904999845</coordinates></Point>
  </Placemark>
  <Placemark>
	<ExtendedData><SchemaData schemaUrl="#telemetric_weather_station">
		<SimpleData name="OBJECTID">661</SimpleData>
		<SimpleData name="KGISCode">29565054976046930000RDDMCPUSCRTWS0001</SimpleData>
		<SimpleData name="KGISTM_Weather_StationID">710</SimpleData>
		<SimpleData name="DepartmentCode">710</SimpleData>
		<SimpleData name="TM_Weather_StationName">Kogali</SimpleData>
		<SimpleData name="KGISVillageID">31009</SimpleData>
	</SchemaData></ExtendedData>
      <Point><coordinates>76.1595759998369,14.9386289998548</coordinates></Point>
  </Placemark>
  <Placemark>
	<ExtendedData><SchemaData schemaUrl="#telemetric_weather_station">
		<SimpleData name="OBJECTID">233</SimpleData>
		<SimpleData name="KGISCode">29565054976046570000RDDMCPUSCRTWS0001</SimpleData>
		<SimpleData name="KGISTM_Weather_StationID">711</SimpleData>
		<SimpleData name="DepartmentCode">711</SimpleData>
		<SimpleData name="TM_Weather_StationName">Thambrahalli</SimpleData>
		<SimpleData name="KGISVillageID">8209</SimpleData>
	</SchemaData></ExtendedData>
      <Point><coordinates>76.1535360003043,15.1522620004409</coordinates></Point>
  </Placemark>
  <Placemark>
	<ExtendedData><SchemaData schemaUrl="#telemetric_weather_station">
		<SimpleData name="OBJECTID">584</SimpleData>
		<SimpleData name="KGISCode">29565054988031100000RDDMCPUSCRTWS0001</SimpleData>
		<SimpleData name="KGISTM_Weather_StationID">712</SimpleData>
		<SimpleData name="DepartmentCode">712</SimpleData>
		<SimpleData name="TM_Weather_StationName">Kamalapuram</SimpleData>
		<SimpleData name="KGISVillageID">27856</SimpleData>
	</SchemaData></ExtendedData>
      <Point><coordinates>76.4775389997608,15.3021859997744</coordinates></Point>
  </Placemark>
  <Placemark>
	<ExtendedData><SchemaData schemaUrl="#telemetric_weather_station">
		<SimpleData name="OBJECTID">234</SimpleData>
		<SimpleData name="KGISCode">29565054988031110000RDDMCPUSCRTWS0001</SimpleData>
		<SimpleData name="KGISTM_Weather_StationID">713</SimpleData>
		<SimpleData name="DepartmentCode">713</SimpleData>
		<SimpleData name="TM_Weather_StationName">Kampli</SimpleData>
		<SimpleData name="KGISVillageID">8239</SimpleData>
	</SchemaData></ExtendedData>
      <Point><coordinates>76.6030458783502,15.4032884373975</coordinates></Point>
  </Placemark>
  <Placemark>
	<ExtendedData><SchemaData schemaUrl="#telemetric_weather_station">
		<SimpleData name="OBJECTID">236</SimpleData>
		<SimpleData name="KGISCode">29565054986047020000RDDMCPUSCRTWS0001</SimpleData>
		<SimpleData name="KGISTM_Weather_StationID">714</SimpleData>
		<SimpleData name="DepartmentCode">714</SimpleData>
		<SimpleData name="TM_Weather_StationName">Mariyammanahalli</SimpleData>
		<SimpleData name="KGISVillageID">8273</SimpleData>
	</SchemaData></ExtendedData>
      <Point><coordinates>76.3581440003168,15.1607960001132</coordinates></Point>
  </Placemark>
  <Placemark>
	<ExtendedData><SchemaData schemaUrl="#telemetric_weather_station">
		<SimpleData name="OBJECTID">246</SimpleData>
		<SimpleData name="KGISCode">29565055026050920000RDDMCPUSCRTWS0001</SimpleData>
		<SimpleData name="KGISTM_Weather_StationID">715</SimpleData>
		<SimpleData name="DepartmentCode">715</SimpleData>
		<SimpleData name="TM_Weather_StationName">Gudekote</SimpleData>
		<SimpleData name="KGISVillageID">8537</SimpleData>
	</SchemaData></ExtendedData>
      <Point><coordinates>76.6259810405828,14.8288831859962</coordinates></Point>
  </Placemark>
  <Placemark>
	<ExtendedData><SchemaData schemaUrl="#telemetric_weather_station">
		<SimpleData name="OBJECTID">247</SimpleData>
		<SimpleData name="KGISCode">29565055026051260000RDDMCPUSCRTWS0001</SimpleData>
		<SimpleData name="KGISTM_Weather_StationID">716</SimpleData>
		<SimpleData name="DepartmentCode">716</SimpleData>
		<SimpleData name="TM_Weather_StationName">Hosahalli</SimpleData>
		<SimpleData name="KGISVillageID">8560</SimpleData>
	</SchemaData></ExtendedData>
      <Point><coordinates>76.4682280004015,14.6473629996704</coordinates></Point>
  </Placemark>
  <Placemark>
	<ExtendedData><SchemaData schemaUrl="#telemetric_weather_station">
		<SimpleData name="OBJECTID">587</SimpleData>
		<SimpleData name="KGISCode">29565055028031170000RDDMCPUSCRTWS0001</SimpleData>
		<SimpleData name="KGISTM_Weather_StationID">717</SimpleData>
		<SimpleData name="DepartmentCode">717</SimpleData>
		<SimpleData name="TM_Weather_StationName">Kotturu</SimpleData>
		<SimpleData name="KGISVillageID">27898</SimpleData>
	</SchemaData></ExtendedData>
      <Point><coordinates>76.2251929998724,14.8260750001899</coordinates></Point>
  </Placemark>
  <Placemark>
	<ExtendedData><SchemaData schemaUrl="#telemetric_weather_station">
		<SimpleData name="OBJECTID">244</SimpleData>
		<SimpleData name="KGISCode">29565055016049860000RDDMCPUSCRTWS0001</SimpleData>
		<SimpleData name="KGISTM_Weather_StationID">718</SimpleData>
		<SimpleData name="DepartmentCode">718</SimpleData>
		<SimpleData name="TM_Weather_StationName">Chornur</SimpleData>
		<SimpleData name="KGISVillageID">8470</SimpleData>
	</SchemaData></ExtendedData>
      <Point><coordinates>76.5327540003591,14.9238360000039</coordinates></Point>
  </Placemark>
  <Placemark>
	<ExtendedData><SchemaData schemaUrl="#telemetric_weather_station">
		<SimpleData name="OBJECTID">586</SimpleData>
		<SimpleData name="KGISCode">29565055016050160000RDDMCPUSCRTWS0001</SimpleData>
		<SimpleData name="KGISTM_Weather_StationID">719</SimpleData>
		<SimpleData name="DepartmentCode">719</SimpleData>
		<SimpleData name="TM_Weather_StationName">Toranagal</SimpleData>
		<SimpleData name="KGISVillageID">27884</SimpleData>
	</SchemaData></ExtendedData>
      <Point><coordinates>76.6791379998013,15.1927420003397</coordinates></Point>
  </Placemark>
  <Placemark>
	<ExtendedData><SchemaData schemaUrl="#telemetric_weather_station">
		<SimpleData name="OBJECTID">269</SimpleData>
		<SimpleData name="KGISCode">29567055096062630000RDDMCPUSCRTWS0001</SimpleData>
		<SimpleData name="KGISTM_Weather_StationID">72</SimpleData>
		<SimpleData name="DepartmentCode">72</SimpleData>
		<SimpleData name="TM_Weather_StationName">Harihara</SimpleData>
		<SimpleData name="KGISVillageID">9614</SimpleData>
	</SchemaData></ExtendedData>
      <Point><coordinates>75.8081779997847,14.5134749996693</coordinates></Point>
  </Placemark>
  <Placemark>
	<ExtendedData><SchemaData schemaUrl="#telemetric_weather_station">
		<SimpleData name="OBJECTID">238</SimpleData>
		<SimpleData name="KGISCode">29565054996048460000RDDMCPUSCRTWS0001</SimpleData>
		<SimpleData name="KGISTM_Weather_StationID">720</SimpleData>
		<SimpleData name="DepartmentCode">720</SimpleData>
		<SimpleData name="TM_Weather_StationName">Karur</SimpleData>
		<SimpleData name="KGISVillageID">8312</SimpleData>
	</SchemaData></ExtendedData>
      <Point><coordinates>76.9508239997856,15.4376979997891</coordinates></Point>
  </Placemark>
  <Placemark>
	<ExtendedData><SchemaData schemaUrl="#telemetric_weather_station">
		<SimpleData name="OBJECTID">239</SimpleData>
		<SimpleData name="KGISCode">29565054998031130000RDDMCPUSCRTWS0001</SimpleData>
		<SimpleData name="KGISTM_Weather_StationID">721</SimpleData>
		<SimpleData name="DepartmentCode">721</SimpleData>
		<SimpleData name="TM_Weather_StationName">Tekkalakote</SimpleData>
		<SimpleData name="KGISVillageID">8364</SimpleData>
	</SchemaData></ExtendedData>
      <Point><coordinates>76.8793159996468,15.5324559996586</coordinates></Point>
  </Placemark>
  <Placemark>
	<ExtendedData><SchemaData schemaUrl="#telemetric_weather_station">
		<SimpleData name="OBJECTID">231</SimpleData>
		<SimpleData name="KGISCode">29565054976046410000RDDMCPUSCRTWS0001</SimpleData>
		<SimpleData name="KGISTM_Weather_StationID">722</SimpleData>
		<SimpleData name="DepartmentCode">722</SimpleData>
		<SimpleData name="TM_Weather_StationName">Hampasagara</SimpleData>
		<SimpleData name="KGISVillageID">8164</SimpleData>
	</SchemaData></ExtendedData>
      <Point><coordinates>76.0349680001252,15.1184920003038</coordinates></Point>
  </Placemark>
  <Placemark>
	<ExtendedData><SchemaData schemaUrl="#telemetric_weather_station">
		<SimpleData name="OBJECTID">585</SimpleData>
		<SimpleData name="KGISCode">29565054998031120000RDDMCPUSCRTWS0001</SimpleData>
		<SimpleData name="KGISTM_Weather_StationID">723</SimpleData>
		<SimpleData name="DepartmentCode">723</SimpleData>
		<SimpleData name="TM_Weather_StationName">Siruguppa</SimpleData>
		<SimpleData name="KGISVillageID">27869</SimpleData>
	</SchemaData></ExtendedData>
      <Point><coordinates>76.8952799996332,15.6322590004449</coordinates></Point>
  </Placemark>
  <Placemark>
	<ExtendedData><SchemaData schemaUrl="#telemetric_weather_station">
		<SimpleData name="OBJECTID">237</SimpleData>
		<SimpleData name="KGISCode">29565054996048130000RDDMCPUSCRTWS0001</SimpleData>
		<SimpleData name="KGISTM_Weather_StationID">724</SimpleData>
		<SimpleData name="DepartmentCode">724</SimpleData>
		<SimpleData name="TM_Weather_StationName">Hatcholli</SimpleData>
		<SimpleData name="KGISVillageID">8290</SimpleData>
	</SchemaData></ExtendedData>
      <Point><coordinates>76.9904439996361,15.7876160000157</coordinates></Point>
  </Placemark>
  <Placemark>
	<ExtendedData><SchemaData schemaUrl="#telemetric_weather_station">
		<SimpleData name="OBJECTID">620</SimpleData>
		<SimpleData name="KGISCode">29573055466136110000RDDMCPUSCRTWS0001</SimpleData>
		<SimpleData name="KGISTM_Weather_StationID">725</SimpleData>
		<SimpleData name="DepartmentCode">725</SimpleData>
		<SimpleData name="TM_Weather_StationName">Akkihebbal</SimpleData>
		<SimpleData name="KGISVillageID">29503</SimpleData>
	</SchemaData></ExtendedData>
      <Point><coordinates>76.3938309997384,12.6201929996689</coordinates></Point>
  </Placemark>
  <Placemark>
	<ExtendedData><SchemaData schemaUrl="#telemetric_weather_station">
		<SimpleData name="OBJECTID">480</SimpleData>
		<SimpleData name="KGISCode">29573055516145520000RDDMCPUSCRTWS0001</SimpleData>
		<SimpleData name="KGISTM_Weather_StationID">726</SimpleData>
		<SimpleData name="DepartmentCode">726</SimpleData>
		<SimpleData name="TM_Weather_StationName">Athagur</SimpleData>
		<SimpleData name="KGISVillageID">22531</SimpleData>
	</SchemaData></ExtendedData>
      <Point><coordinates>77.0601660003526,12.6909199996754</coordinates></Point>
  </Placemark>
  <Placemark>
	<ExtendedData><SchemaData schemaUrl="#telemetric_weather_station">
		<SimpleData name="OBJECTID">732</SimpleData>
		<SimpleData name="KGISCode">29573055476137100000RDDMCPUSCRTWS0001</SimpleData>
		<SimpleData name="KGISTM_Weather_StationID">727</SimpleData>
		<SimpleData name="DepartmentCode">727</SimpleData>
		<SimpleData name="TM_Weather_StationName">Bellur</SimpleData>
		<SimpleData name="KGISVillageID">32442</SimpleData>
	</SchemaData></ExtendedData>
      <Point><coordinates>76.733692999742,12.9808289998967</coordinates></Point>
  </Placemark>
  <Placemark>
	<ExtendedData><SchemaData schemaUrl="#telemetric_weather_station">
		<SimpleData name="OBJECTID">473</SimpleData>
		<SimpleData name="KGISCode">29573055476137920000RDDMCPUSCRTWS0001</SimpleData>
		<SimpleData name="KGISTM_Weather_StationID">728</SimpleData>
		<SimpleData name="DepartmentCode">728</SimpleData>
		<SimpleData name="TM_Weather_StationName">Bindiganavale</SimpleData>
		<SimpleData name="KGISVillageID">21846</SimpleData>
	</SchemaData></ExtendedData>
      <Point><coordinates>76.6329270004383,12.8799930002809</coordinates></Point>
  </Placemark>
  <Placemark>
	<ExtendedData><SchemaData schemaUrl="#telemetric_weather_station">
		<SimpleData name="OBJECTID">627</SimpleData>
		<SimpleData name="KGISCode">29573055498031670000RDDMCPUSCRTWS0001</SimpleData>
		<SimpleData name="KGISTM_Weather_StationID">729</SimpleData>
		<SimpleData name="DepartmentCode">729</SimpleData>
		<SimpleData name="TM_Weather_StationName">Srirangapatna</SimpleData>
		<SimpleData name="KGISVillageID">29595</SimpleData>
	</SchemaData></ExtendedData>
      <Point><coordinates>76.6967341938656,12.4144519962938</coordinates></Point>
  </Placemark>
  <Placemark>
	<ExtendedData><SchemaData schemaUrl="#telemetric_weather_station">
		<SimpleData name="OBJECTID">278</SimpleData>
		<SimpleData name="KGISCode">29567055128031270000RDDMCPUSCRTWS0001</SimpleData>
		<SimpleData name="KGISTM_Weather_StationID">73</SimpleData>
		<SimpleData name="DepartmentCode">73</SimpleData>
		<SimpleData name="TM_Weather_StationName">Davanagere</SimpleData>
		<SimpleData name="KGISVillageID">10001</SimpleData>
	</SchemaData></ExtendedData>
      <Point><coordinates>75.921477999872,14.4652960000812</coordinates></Point>
  </Placemark>
  <Placemark>
	<ExtendedData><SchemaData schemaUrl="#telemetric_weather_station">
		<SimpleData name="OBJECTID">465</SimpleData>
		<SimpleData name="KGISCode">29584056076262820000RDDMCPUSCRTWS0001</SimpleData>
		<SimpleData name="KGISTM_Weather_StationID">730</SimpleData>
		<SimpleData name="DepartmentCode">730</SimpleData>
		<SimpleData name="TM_Weather_StationName">Channapatna</SimpleData>
		<SimpleData name="KGISVillageID">21234</SimpleData>
	</SchemaData></ExtendedData>
      <Point><coordinates>77.2317640002896,12.5786009999521</coordinates></Point>
  </Placemark>
  <Placemark>
	<ExtendedData><SchemaData schemaUrl="#telemetric_weather_station">
		<SimpleData name="OBJECTID">470</SimpleData>
		<SimpleData name="KGISCode">29573055468031640000RDDMCPUSCRTWS0001</SimpleData>
		<SimpleData name="KGISTM_Weather_StationID">731</SimpleData>
		<SimpleData name="DepartmentCode">731</SimpleData>
		<SimpleData name="TM_Weather_StationName">Krishnarajapet</SimpleData>
		<SimpleData name="KGISVillageID">21584</SimpleData>
	</SchemaData></ExtendedData>
      <Point><coordinates>76.4902660002962,12.6641550003351</coordinates></Point>
  </Placemark>
  <Placemark>
	<ExtendedData><SchemaData schemaUrl="#telemetric_weather_station">
		<SimpleData name="OBJECTID">625</SimpleData>
		<SimpleData name="KGISCode">29573055496142700000RDDMCPUSCRTWS0001</SimpleData>
		<SimpleData name="KGISTM_Weather_StationID">732</SimpleData>
		<SimpleData name="DepartmentCode">732</SimpleData>
		<SimpleData name="TM_Weather_StationName">Arakere</SimpleData>
		<SimpleData name="KGISVillageID">29583</SimpleData>
	</SchemaData></ExtendedData>
      <Point><coordinates>76.8186229995797,12.4119550002344</coordinates></Point>
  </Placemark>
  <Placemark>
	<ExtendedData><SchemaData schemaUrl="#telemetric_weather_station">
		<SimpleData name="OBJECTID">626</SimpleData>
		<SimpleData name="KGISCode">29573055496142840000RDDMCPUSCRTWS0001</SimpleData>
		<SimpleData name="KGISTM_Weather_StationID">733</SimpleData>
		<SimpleData name="DepartmentCode">733</SimpleData>
		<SimpleData name="TM_Weather_StationName">Belagola</SimpleData>
		<SimpleData name="KGISVillageID">29587</SimpleData>
	</SchemaData></ExtendedData>
      <Point><coordinates>76.6075330001269,12.3910289997878</coordinates></Point>
  </Placemark>
  <Placemark>
	<ExtendedData><SchemaData schemaUrl="#telemetric_weather_station">
		<SimpleData name="OBJECTID">477</SimpleData>
		<SimpleData name="KGISCode">29573055496142380000RDDMCPUSCRTWS0001</SimpleData>
		<SimpleData name="KGISTM_Weather_StationID">734</SimpleData>
		<SimpleData name="DepartmentCode">734</SimpleData>
		<SimpleData name="TM_Weather_StationName">Kurub Setty Halli</SimpleData>
		<SimpleData name="KGISVillageID">22320</SimpleData>
	</SchemaData></ExtendedData>
      <Point><coordinates>76.714831999901,12.4393889995739</coordinates></Point>
  </Placemark>
  <Placemark>
	<ExtendedData><SchemaData schemaUrl="#telemetric_weather_station">
		<SimpleData name="OBJECTID">483</SimpleData>
		<SimpleData name="KGISCode">29573055516145120000RDDMCPUSCRTWS0001</SimpleData>
		<SimpleData name="KGISTM_Weather_StationID">735</SimpleData>
		<SimpleData name="DepartmentCode">735</SimpleData>
		<SimpleData name="TM_Weather_StationName">Koppa</SimpleData>
		<SimpleData name="KGISVillageID">22648</SimpleData>
	</SchemaData></ExtendedData>
      <Point><coordinates>76.9579350001302,12.7119699998645</coordinates></Point>
  </Placemark>
  <Placemark>
	<ExtendedData><SchemaData schemaUrl="#telemetric_weather_station">
		<SimpleData name="OBJECTID">728</SimpleData>
		<SimpleData name="KGISCode">29583056026249870000RDDMCPUSCRTWS0001</SimpleData>
		<SimpleData name="KGISTM_Weather_StationID">736</SimpleData>
		<SimpleData name="DepartmentCode">736</SimpleData>
		<SimpleData name="TM_Weather_StationName">Sasalu</SimpleData>
		<SimpleData name="KGISVillageID">32392</SimpleData>
	</SchemaData></ExtendedData>
      <Point><coordinates>77.3849909999868,13.406538999702</coordinates></Point>
  </Placemark>
  <Placemark>
	<ExtendedData><SchemaData schemaUrl="#telemetric_weather_station">
		<SimpleData name="OBJECTID">345</SimpleData>
		<SimpleData name="KGISCode">29570055296094180000RDDMCPUSCRTWS0001</SimpleData>
		<SimpleData name="KGISTM_Weather_StationID">737</SimpleData>
		<SimpleData name="DepartmentCode">737</SimpleData>
		<SimpleData name="TM_Weather_StationName">Chowlahiriyur</SimpleData>
		<SimpleData name="KGISVillageID">12824</SimpleData>
	</SchemaData></ExtendedData>
      <Point><coordinates>76.2031709999498,13.6857809996187</coordinates></Point>
  </Placemark>
  <Placemark>
	<ExtendedData><SchemaData schemaUrl="#telemetric_weather_station">
		<SimpleData name="OBJECTID">667</SimpleData>
		<SimpleData name="KGISCode">29582055976237570000RDDMCPUSCRTWS0001</SimpleData>
		<SimpleData name="KGISTM_Weather_StationID">738</SimpleData>
		<SimpleData name="DepartmentCode">738</SimpleData>
		<SimpleData name="TM_Weather_StationName">Somenahalli</SimpleData>
		<SimpleData name="KGISVillageID">31224</SimpleData>
	</SchemaData></ExtendedData>
      <Point><coordinates>77.8341990002573,13.6481139996568</coordinates></Point>
  </Placemark>
  <Placemark>
	<ExtendedData><SchemaData schemaUrl="#telemetric_weather_station">
		<SimpleData name="OBJECTID">679</SimpleData>
		<SimpleData name="KGISCode">29584056066260640000RDDMCPUSCRTWS0001</SimpleData>
		<SimpleData name="KGISTM_Weather_StationID">739</SimpleData>
		<SimpleData name="DepartmentCode">739</SimpleData>
		<SimpleData name="TM_Weather_StationName">Kutagal</SimpleData>
		<SimpleData name="KGISVillageID">31457</SimpleData>
	</SchemaData></ExtendedData>
      <Point><coordinates>77.2414580000488,12.7759909998877</coordinates></Point>
  </Placemark>
  <Placemark>
	<ExtendedData><SchemaData schemaUrl="#telemetric_weather_station">
		<SimpleData name="OBJECTID">41</SimpleData>
		<SimpleData name="KGISCode">29556054478030480000RDDMCPUSCRTWS0001</SimpleData>
		<SimpleData name="KGISTM_Weather_StationID">74</SimpleData>
		<SimpleData name="DepartmentCode">74</SimpleData>
		<SimpleData name="TM_Weather_StationName">Bagalkote</SimpleData>
		<SimpleData name="KGISVillageID">1502</SimpleData>
	</SchemaData></ExtendedData>
      <Point><coordinates>75.7026179996491,16.1843910001078</coordinates></Point>
  </Placemark>
  <Placemark>
	<ExtendedData><SchemaData schemaUrl="#telemetric_weather_station">
		<SimpleData name="OBJECTID">440</SimpleData>
		<SimpleData name="KGISCode">29572055428031620000RDDMCPUSCRTWS0005</SimpleData>
		<SimpleData name="KGISTM_Weather_StationID">740</SimpleData>
		<SimpleData name="DepartmentCode">740</SimpleData>
		<SimpleData name="TM_Weather_StationName">Ksndmc Campus (Can)</SimpleData>
		<SimpleData name="KGISVillageID">19141</SimpleData>
	</SchemaData></ExtendedData>
      <Point><coordinates>77.5610007659753,13.0953449934702</coordinates></Point>
  </Placemark>
  <Placemark>
	<ExtendedData><SchemaData schemaUrl="#telemetric_weather_station">
		<SimpleData name="OBJECTID">707</SimpleData>
		<SimpleData name="KGISCode">29567055146068940000RDDMCPUSCRTWS0001</SimpleData>
		<SimpleData name="KGISTM_Weather_StationID">75</SimpleData>
		<SimpleData name="DepartmentCode">75</SimpleData>
		<SimpleData name="TM_Weather_StationName">Basavapattana-1</SimpleData>
		<SimpleData name="KGISVillageID">31949</SimpleData>
	</SchemaData></ExtendedData>
      <Point><coordinates>75.8141389999496,14.1970340000896</coordinates></Point>
  </Placemark>
  <Placemark>
	<ExtendedData><SchemaData schemaUrl="#telemetric_weather_station">
		<SimpleData name="OBJECTID">391</SimpleData>
		<SimpleData name="KGISCode">29571055416126040000RDDMCPUSCRTWS0001</SimpleData>
		<SimpleData name="KGISTM_Weather_StationID">76</SimpleData>
		<SimpleData name="DepartmentCode">76</SimpleData>
		<SimpleData name="TM_Weather_StationName">Kunigal</SimpleData>
		<SimpleData name="KGISVillageID">15742</SimpleData>
	</SchemaData></ExtendedData>
      <Point><coordinates>77.0198820196812,13.0229581541012</coordinates></Point>
  </Placemark>
  <Placemark>
	<ExtendedData><SchemaData schemaUrl="#telemetric_weather_station">
		<SimpleData name="OBJECTID">670</SimpleData>
		<SimpleData name="KGISCode">29583056048032360000RDDMCPUSCRTWS0001</SimpleData>
		<SimpleData name="KGISTM_Weather_StationID">77</SimpleData>
		<SimpleData name="DepartmentCode">77</SimpleData>
		<SimpleData name="TM_Weather_StationName">Hosakote</SimpleData>
		<SimpleData name="KGISVillageID">31276</SimpleData>
	</SchemaData></ExtendedData>
      <Point><coordinates>77.789052000222,13.0735720001954</coordinates></Point>
  </Placemark>
  <Placemark>
	<ExtendedData><SchemaData schemaUrl="#telemetric_weather_station">
		<SimpleData name="OBJECTID">701</SimpleData>
		<SimpleData name="KGISCode">29579055858032100000RDDMCPUSCRTWS0001</SimpleData>
		<SimpleData name="KGISTM_Weather_StationID">78</SimpleData>
		<SimpleData name="DepartmentCode">78</SimpleData>
		<SimpleData name="TM_Weather_StationName">Chitapur</SimpleData>
		<SimpleData name="KGISVillageID">31889</SimpleData>
	</SchemaData></ExtendedData>
      <Point><coordinates>77.0840800003396,17.1145429999417</coordinates></Point>
  </Placemark>
  <Placemark>
	<ExtendedData><SchemaData schemaUrl="#telemetric_weather_station">
		<SimpleData name="OBJECTID">366</SimpleData>
		<SimpleData name="KGISCode">29571055346106350000RDDMCPUSCRTWS0001</SimpleData>
		<SimpleData name="KGISTM_Weather_StationID">79</SimpleData>
		<SimpleData name="DepartmentCode">79</SimpleData>
		<SimpleData name="TM_Weather_StationName">Pavagada</SimpleData>
		<SimpleData name="KGISVillageID">13775</SimpleData>
	</SchemaData></ExtendedData>
      <Point><coordinates>77.2826587401402,14.0991886416435</coordinates></Point>
  </Placemark>
  <Placemark>
	<ExtendedData><SchemaData schemaUrl="#telemetric_weather_station">
		<SimpleData name="OBJECTID">725</SimpleData>
		<SimpleData name="KGISCode">29576055676179810000RDDMCPUSCRTWS0001</SimpleData>
		<SimpleData name="KGISTM_Weather_StationID">8</SimpleData>
		<SimpleData name="DepartmentCode">8</SimpleData>
		<SimpleData name="TM_Weather_StationName">Harangi</SimpleData>
		<SimpleData name="KGISVillageID">32302</SimpleData>
	</SchemaData></ExtendedData>
      <Point><coordinates>75.9059627381897,12.4857900797402</coordinates></Point>
  </Placemark>
  <Placemark>
	<ExtendedData><SchemaData schemaUrl="#telemetric_weather_station">
		<SimpleData name="OBJECTID">544</SimpleData>
		<SimpleData name="KGISCode">29577055716186780000RDDMCPUSCRTWS0001</SimpleData>
		<SimpleData name="KGISTM_Weather_StationID">80</SimpleData>
		<SimpleData name="DepartmentCode">80</SimpleData>
		<SimpleData name="TM_Weather_StationName">Krishnarajanagar</SimpleData>
		<SimpleData name="KGISVillageID">26068</SimpleData>
	</SchemaData></ExtendedData>
      <Point><coordinates>76.3839240004609,12.4367270002921</coordinates></Point>
  </Placemark>
  <Placemark>
	<ExtendedData><SchemaData schemaUrl="#telemetric_weather_station">
		<SimpleData name="OBJECTID">125</SimpleData>
		<SimpleData name="KGISCode">29558054586002980000RDDMCPUSCRTWS0001</SimpleData>
		<SimpleData name="KGISTM_Weather_StationID">81</SimpleData>
		<SimpleData name="DepartmentCode">81</SimpleData>
		<SimpleData name="TM_Weather_StationName">Humnabad</SimpleData>
		<SimpleData name="KGISVillageID">4253</SimpleData>
	</SchemaData></ExtendedData>
      <Point><coordinates>77.1287389998468,17.7738779999197</coordinates></Point>
  </Placemark>
  <Placemark>
	<ExtendedData><SchemaData schemaUrl="#telemetric_weather_station">
		<SimpleData name="OBJECTID">702</SimpleData>
		<SimpleData name="KGISCode">29580055896213070000RDDMCPUSCRTWS0001</SimpleData>
		<SimpleData name="KGISTM_Weather_StationID">82</SimpleData>
		<SimpleData name="DepartmentCode">82</SimpleData>
		<SimpleData name="TM_Weather_StationName">Yadgir</SimpleData>
		<SimpleData name="KGISVillageID">31898</SimpleData>
	</SchemaData></ExtendedData>
      <Point><coordinates>77.1403629997078,16.7680900001298</coordinates></Point>
  </Placemark>
  <Placemark>
	<ExtendedData><SchemaData schemaUrl="#telemetric_weather_station">
		<SimpleData name="OBJECTID">110</SimpleData>
		<SimpleData name="KGISCode">29558054555998850000RDDMCPUSCRTWS0001</SimpleData>
		<SimpleData name="KGISTM_Weather_StationID">83</SimpleData>
		<SimpleData name="DepartmentCode">83</SimpleData>
		<SimpleData name="TM_Weather_StationName">Nittur</SimpleData>
		<SimpleData name="KGISVillageID">3878</SimpleData>
	</SchemaData></ExtendedData>
      <Point><coordinates>77.3545560001392,18.1020799996451</coordinates></Point>
  </Placemark>
  <Placemark>
	<ExtendedData><SchemaData schemaUrl="#telemetric_weather_station">
		<SimpleData name="OBJECTID">375</SimpleData>
		<SimpleData name="KGISCode">29571055366110760000RDDMCPUSCRTWS0001</SimpleData>
		<SimpleData name="KGISTM_Weather_StationID">84</SimpleData>
		<SimpleData name="DepartmentCode">84</SimpleData>
		<SimpleData name="TM_Weather_StationName">Koratagere</SimpleData>
		<SimpleData name="KGISVillageID">14337</SimpleData>
	</SchemaData></ExtendedData>
      <Point><coordinates>77.2321759323771,13.5179117964871</coordinates></Point>
  </Placemark>
  <Placemark>
	<ExtendedData><SchemaData schemaUrl="#telemetric_weather_station">
		<SimpleData name="OBJECTID">53</SimpleData>
		<SimpleData name="KGISCode">29557054505992540000RDDMCPUSCRTWS0001</SimpleData>
		<SimpleData name="KGISTM_Weather_StationID">85</SimpleData>
		<SimpleData name="DepartmentCode">85</SimpleData>
		<SimpleData name="TM_Weather_StationName">Indi</SimpleData>
		<SimpleData name="KGISVillageID">1914</SimpleData>
	</SchemaData></ExtendedData>
      <Point><coordinates>75.9543389998734,17.1808319995734</coordinates></Point>
  </Placemark>
  <Placemark>
	<ExtendedData><SchemaData schemaUrl="#telemetric_weather_station">
		<SimpleData name="OBJECTID">273</SimpleData>
		<SimpleData name="KGISCode">29567055108031250000RDDMCPUSCRTWS0001</SimpleData>
		<SimpleData name="KGISTM_Weather_StationID">86</SimpleData>
		<SimpleData name="DepartmentCode">86</SimpleData>
		<SimpleData name="TM_Weather_StationName">Harappanahalli</SimpleData>
		<SimpleData name="KGISVillageID">9717</SimpleData>
	</SchemaData></ExtendedData>
      <Point><coordinates>75.9866859996695,14.7910559997728</coordinates></Point>
  </Placemark>
  <Placemark>
	<ExtendedData><SchemaData schemaUrl="#telemetric_weather_station">
		<SimpleData name="OBJECTID">711</SimpleData>
		<SimpleData name="KGISCode">29570055298031480000RDDMCPUSCRTWS0001</SimpleData>
		<SimpleData name="KGISTM_Weather_StationID">87</SimpleData>
		<SimpleData name="DepartmentCode">87</SimpleData>
		<SimpleData name="TM_Weather_StationName">Kadur</SimpleData>
		<SimpleData name="KGISVillageID">31999</SimpleData>
	</SchemaData></ExtendedData>
      <Point><coordinates>76.014263353541,13.5520708388049</coordinates></Point>
  </Placemark>
  <Placemark>
	<ExtendedData><SchemaData schemaUrl="#telemetric_weather_station">
		<SimpleData name="OBJECTID">60</SimpleData>
		<SimpleData name="KGISCode">29557054538030550000RDDMCPUSCRTWS0001</SimpleData>
		<SimpleData name="KGISTM_Weather_StationID">88</SimpleData>
		<SimpleData name="DepartmentCode">88</SimpleData>
		<SimpleData name="TM_Weather_StationName">Muddebihal</SimpleData>
		<SimpleData name="KGISVillageID">2255</SimpleData>
	</SchemaData></ExtendedData>
      <Point><coordinates>76.1338689997362,16.3326240000267</coordinates></Point>
  </Placemark>
  <Placemark>
	<ExtendedData><SchemaData schemaUrl="#telemetric_weather_station">
		<SimpleData name="OBJECTID">44</SimpleData>
		<SimpleData name="KGISCode">29556054485989420000RDDMCPUSCRTWS0001</SimpleData>
		<SimpleData name="KGISTM_Weather_StationID">89</SimpleData>
		<SimpleData name="DepartmentCode">89</SimpleData>
		<SimpleData name="TM_Weather_StationName">Hungund</SimpleData>
		<SimpleData name="KGISVillageID">1614</SimpleData>
	</SchemaData></ExtendedData>
      <Point><coordinates>76.0588059999651,16.0600970000115</coordinates></Point>
  </Placemark>
  <Placemark>
	<ExtendedData><SchemaData schemaUrl="#telemetric_weather_station">
		<SimpleData name="OBJECTID">73</SimpleData>
		<SimpleData name="KGISCode">29579055826202070000RDDMCPUSCRTWS0001</SimpleData>
		<SimpleData name="KGISTM_Weather_StationID">9</SimpleData>
		<SimpleData name="DepartmentCode">9</SimpleData>
		<SimpleData name="TM_Weather_StationName">Mahagaon</SimpleData>
		<SimpleData name="KGISVillageID">2670</SimpleData>
	</SchemaData></ExtendedData>
      <Point><coordinates>76.8818144782764,17.535903348444</coordinates></Point>
  </Placemark>
  <Placemark>
	<ExtendedData><SchemaData schemaUrl="#telemetric_weather_station">
		<SimpleData name="OBJECTID">80</SimpleData>
		<SimpleData name="KGISCode">29579055848032090000RDDMCPUSCRTWS0001</SimpleData>
		<SimpleData name="KGISTM_Weather_StationID">90</SimpleData>
		<SimpleData name="DepartmentCode">90</SimpleData>
		<SimpleData name="TM_Weather_StationName">Sedam</SimpleData>
		<SimpleData name="KGISVillageID">2898</SimpleData>
	</SchemaData></ExtendedData>
      <Point><coordinates>77.2887559999526,17.1749829996189</coordinates></Point>
  </Placemark>
  <Placemark>
	<ExtendedData><SchemaData schemaUrl="#telemetric_weather_station">
		<SimpleData name="OBJECTID">577</SimpleData>
		<SimpleData name="KGISCode">29559054618030670000RDDMCPUSCRTWS0001</SimpleData>
		<SimpleData name="KGISTM_Weather_StationID">91</SimpleData>
		<SimpleData name="DepartmentCode">91</SimpleData>
		<SimpleData name="TM_Weather_StationName">Raichur</SimpleData>
		<SimpleData name="KGISVillageID">27597</SimpleData>
	</SchemaData></ExtendedData>
      <Point><coordinates>77.3595779999482,16.2050029996193</coordinates></Point>
  </Placemark>
  <Placemark>
	<ExtendedData><SchemaData schemaUrl="#telemetric_weather_station">
		<SimpleData name="OBJECTID">22</SimpleData>
		<SimpleData name="KGISCode">29555054398030350000RDDMCPUSCRTWS0001</SimpleData>
		<SimpleData name="KGISTM_Weather_StationID">92</SimpleData>
		<SimpleData name="DepartmentCode">92</SimpleData>
		<SimpleData name="TM_Weather_StationName">Khanapur</SimpleData>
		<SimpleData name="KGISVillageID">726</SimpleData>
	</SchemaData></ExtendedData>
      <Point><coordinates>74.5071010000755,15.6399740001519</coordinates></Point>
  </Placemark>
  <Placemark>
	<ExtendedData><SchemaData schemaUrl="#telemetric_weather_station">
		<SimpleData name="OBJECTID">245</SimpleData>
		<SimpleData name="KGISCode">29565055018031150000RDDMCPUSCRTWS0001</SimpleData>
		<SimpleData name="KGISTM_Weather_StationID">93</SimpleData>
		<SimpleData name="DepartmentCode">93</SimpleData>
		<SimpleData name="TM_Weather_StationName">Sandur</SimpleData>
		<SimpleData name="KGISVillageID">8498</SimpleData>
	</SchemaData></ExtendedData>
      <Point><coordinates>76.5468749997512,15.0844429997835</coordinates></Point>
  </Placemark>
  <Placemark>
	<ExtendedData><SchemaData schemaUrl="#telemetric_weather_station">
		<SimpleData name="OBJECTID">217</SimpleData>
		<SimpleData name="KGISCode">29564054918031030000RDDMCPUSCRTWS0001</SimpleData>
		<SimpleData name="KGISTM_Weather_StationID">94</SimpleData>
		<SimpleData name="DepartmentCode">94</SimpleData>
		<SimpleData name="TM_Weather_StationName">Hangal</SimpleData>
		<SimpleData name="KGISVillageID">7702</SimpleData>
	</SchemaData></ExtendedData>
      <Point><coordinates>75.1264409997574,14.7630210001592</coordinates></Point>
  </Placemark>
  <Placemark>
	<ExtendedData><SchemaData schemaUrl="#telemetric_weather_station">
		<SimpleData name="OBJECTID">211</SimpleData>
		<SimpleData name="KGISCode">29563054888030990000RDDMCPUSCRTWS0001</SimpleData>
		<SimpleData name="KGISTM_Weather_StationID">95</SimpleData>
		<SimpleData name="DepartmentCode">95</SimpleData>
		<SimpleData name="TM_Weather_StationName">Bhatkal</SimpleData>
		<SimpleData name="KGISVillageID">7447</SimpleData>
	</SchemaData></ExtendedData>
      <Point><coordinates>74.5569165064599,13.9833210724168</coordinates></Point>
  </Placemark>
  <Placemark>
	<ExtendedData><SchemaData schemaUrl="#telemetric_weather_station">
		<SimpleData name="OBJECTID">13</SimpleData>
		<SimpleData name="KGISCode">29555054375976010000RDDMCPUSCRTWS0001</SimpleData>
		<SimpleData name="KGISTM_Weather_StationID">96</SimpleData>
		<SimpleData name="DepartmentCode">96</SimpleData>
		<SimpleData name="TM_Weather_StationName">Hukkeri</SimpleData>
		<SimpleData name="KGISVillageID">338</SimpleData>
	</SchemaData></ExtendedData>
      <Point><coordinates>74.603905999684,16.2357319998834</coordinates></Point>
  </Placemark>
  <Placemark>
	<ExtendedData><SchemaData schemaUrl="#telemetric_weather_station">
		<SimpleData name="OBJECTID">275</SimpleData>
		<SimpleData name="KGISCode">29567055118031260000RDDMCPUSCRTWS0001</SimpleData>
		<SimpleData name="KGISTM_Weather_StationID">97</SimpleData>
		<SimpleData name="DepartmentCode">97</SimpleData>
		<SimpleData name="TM_Weather_StationName">Jagalur</SimpleData>
		<SimpleData name="KGISVillageID">9838</SimpleData>
	</SchemaData></ExtendedData>
      <Point><coordinates>76.3406349997662,14.5180170003124</coordinates></Point>
  </Placemark>
  <Placemark>
	<ExtendedData><SchemaData schemaUrl="#telemetric_weather_station">
		<SimpleData name="OBJECTID">327</SimpleData>
		<SimpleData name="KGISCode">29569055228031390000RDDMCPUSCRTWS0001</SimpleData>
		<SimpleData name="KGISTM_Weather_StationID">98</SimpleData>
		<SimpleData name="DepartmentCode">98</SimpleData>
		<SimpleData name="TM_Weather_StationName">Kundapur</SimpleData>
		<SimpleData name="KGISVillageID">12080</SimpleData>
	</SchemaData></ExtendedData>
      <Point><coordinates>74.6957109276342,13.6329558412886</coordinates></Point>
  </Placemark>
  <Placemark>
	<ExtendedData><SchemaData schemaUrl="#telemetric_weather_station">
		<SimpleData name="OBJECTID">192</SimpleData>
		<SimpleData name="KGISCode">29563054818030920000RDDMCPUSCRTWS0001</SimpleData>
		<SimpleData name="KGISTM_Weather_StationID">99</SimpleData>
		<SimpleData name="DepartmentCode">99</SimpleData>
		<SimpleData name="TM_Weather_StationName">Yellapur</SimpleData>
		<SimpleData name="KGISVillageID">6574</SimpleData>
	</SchemaData></ExtendedData>
      <Point><coordinates>74.7157999513983,14.9780769187021</coordinates></Point>
  </Placemark>
</Folder>
</Document></kml>
